household_id,timestamp,kwh
HH001,2026-09-01T00:00:00,0.0921
HH002,2026-09-01T00:00:00,0.0388
HH003,2026-09-01T00:00:00,0.0925
HH004,2026-09-01T00:00:00,0.107
HH005,2026-09-01T00:00:00,0.1547
HH006,2026-09-01T00:00:00,0.1036
HH007,2026-09-01T00:00:00,0.1033
HH008,2026-09-01T00:00:00,0.0895
HH009,2026-09-01T00:00:00,0.0972
HH010,2026-09-01T00:00:00,0.0951
HH011,2026-09-01T00:00:00,0.1494
HH012,2026-09-01T00:00:00,0.1758
HH013,2026-09-01T00:00:00,0.0895
HH014,2026-09-01T00:00:00,0.0875
HH015,2026-09-01T00:00:00,0.1613
HH016,2026-09-01T00:00:00,0.046
HH017,2026-09-01T00:00:00,0.161
HH018,2026-09-01T00:00:00,0.0936
HH019,2026-09-01T00:00:00,0.0962
HH020,2026-09-01T00:00:00,0.2304
HH001,2026-09-01T00:15:00,0.0871
HH002,2026-09-01T00:15:00,0.0835
HH003,2026-09-01T00:15:00,0.0449
HH004,2026-09-01T00:15:00,0.0864
HH005,2026-09-01T00:15:00,0.1523
HH006,2026-09-01T00:15:00,0.0798
HH007,2026-09-01T00:15:00,0.2396
HH008,2026-09-01T00:15:00,0.0845
HH009,2026-09-01T00:15:00,0.1156
HH010,2026-09-01T00:15:00,0.0413
HH011,2026-09-01T00:15:00,0.1582
HH012,2026-09-01T00:15:00,0.1
HH013,2026-09-01T00:15:00,0.0839
HH014,2026-09-01T00:15:00,0.0493
HH015,2026-09-01T00:15:00,0.0909
HH016,2026-09-01T00:15:00,0.0873
HH017,2026-09-01T00:15:00,0.1505
HH018,2026-09-01T00:15:00,0.1729
HH019,2026-09-01T00:15:00,0.0836
HH020,2026-09-01T00:15:00,0.1164
HH001,2026-09-01T00:30:00,0.0805
HH002,2026-09-01T00:30:00,0.0493
HH003,2026-09-01T00:30:00,0.0868
HH004,2026-09-01T00:30:00,0.082
HH005,2026-09-01T00:30:00,0.0789
HH006,2026-09-01T00:30:00,0.1735
HH007,2026-09-01T00:30:00,0.2557
HH008,2026-09-01T00:30:00,0.0366
HH009,2026-09-01T00:30:00,0.1083
HH010,2026-09-01T00:30:00,0.0944
HH011,2026-09-01T00:30:00,0.1662
HH012,2026-09-01T00:30:00,0.1081
HH013,2026-09-01T00:30:00,0.1029
HH014,2026-09-01T00:30:00,0.0415
HH015,2026-09-01T00:30:00,0.159
HH016,2026-09-01T00:30:00,0.0955
HH017,2026-09-01T00:30:00,0.1603
HH018,2026-09-01T00:30:00,0.1659
HH019,2026-09-01T00:30:00,0.1507
HH020,2026-09-01T00:30:00,0.0908
HH001,2026-09-01T00:45:00,0.0929
HH002,2026-09-01T00:45:00,0.0401
HH003,2026-09-01T00:45:00,0.0935
HH004,2026-09-01T00:45:00,0.1621
HH005,2026-09-01T00:45:00,0.173
HH006,2026-09-01T00:45:00,0.0898
HH007,2026-09-01T00:45:00,0.2525
HH008,2026-09-01T00:45:00,0.0492
HH009,2026-09-01T00:45:00,0.2458
HH010,2026-09-01T00:45:00,0.0957
HH011,2026-09-01T00:45:00,0.1012
HH012,2026-09-01T00:45:00,0.1673
HH013,2026-09-01T00:45:00,0.1609
HH014,2026-09-01T00:45:00,0.091
HH015,2026-09-01T00:45:00,0.0807
HH016,2026-09-01T00:45:00,0.0372
HH017,2026-09-01T00:45:00,0.1433
HH018,2026-09-01T00:45:00,0.1446
HH019,2026-09-01T00:45:00,0.1646
HH020,2026-09-01T00:45:00,0.1062
HH001,2026-09-01T01:00:00,0.1509
HH002,2026-09-01T01:00:00,0.0881
HH003,2026-09-01T01:00:00,0.0362
HH004,2026-09-01T01:00:00,0.1867
HH005,2026-09-01T01:00:00,0.1081
HH006,2026-09-01T01:00:00,0.0924
HH007,2026-09-01T01:00:00,0.1073
HH008,2026-09-01T01:00:00,0.0892
HH009,2026-09-01T01:00:00,0.0937
HH010,2026-09-01T01:00:00,0.0838
HH011,2026-09-01T01:00:00,0.0869
HH012,2026-09-01T01:00:00,0.1041
HH013,2026-09-01T01:00:00,0.0903
HH014,2026-09-01T01:00:00,0.0456
HH015,2026-09-01T01:00:00,0.1647
HH016,2026-09-01T01:00:00,0.0444
HH017,2026-09-01T01:00:00,0.1621
HH018,2026-09-01T01:00:00,0.187
HH019,2026-09-01T01:00:00,0.0973
HH020,2026-09-01T01:00:00,0.2463
HH001,2026-09-01T01:15:00,0.1679
HH002,2026-09-01T01:15:00,0.0441
HH003,2026-09-01T01:15:00,0.048
HH004,2026-09-01T01:15:00,0.1613
HH005,2026-09-01T01:15:00,0.174
HH006,2026-09-01T01:15:00,0.0897
HH007,2026-09-01T01:15:00,0.2247
HH008,2026-09-01T01:15:00,0.0383
HH009,2026-09-01T01:15:00,0.1006
HH010,2026-09-01T01:15:00,0.0493
HH011,2026-09-01T01:15:00,0.0905
HH012,2026-09-01T01:15:00,0.1828
HH013,2026-09-01T01:15:00,0.0831
HH014,2026-09-01T01:15:00,0.0379
HH015,2026-09-01T01:15:00,0.0859
HH016,2026-09-01T01:15:00,0.0418
HH017,2026-09-01T01:15:00,0.0844
HH018,2026-09-01T01:15:00,0.0827
HH019,2026-09-01T01:15:00,0.1072
HH020,2026-09-01T01:15:00,0.089
HH001,2026-09-01T01:30:00,0.1549
HH002,2026-09-01T01:30:00,0.0467
HH003,2026-09-01T01:30:00,0.0872
HH004,2026-09-01T01:30:00,0.0811
HH005,2026-09-01T01:30:00,0.103
HH006,2026-09-01T01:30:00,0.0929
HH007,2026-09-01T01:30:00,0.2428
HH008,2026-09-01T01:30:00,0.0436
HH009,2026-09-01T01:30:00,0.2469
HH010,2026-09-01T01:30:00,0.0477
HH011,2026-09-01T01:30:00,0.1752
HH012,2026-09-01T01:30:00,0.1557
HH013,2026-09-01T01:30:00,0.0921
HH014,2026-09-01T01:30:00,0.0941
HH015,2026-09-01T01:30:00,0.0955
HH016,2026-09-01T01:30:00,0.0956
HH017,2026-09-01T01:30:00,0.1525
HH018,2026-09-01T01:30:00,0.161
HH019,2026-09-01T01:30:00,0.157
HH020,2026-09-01T01:30:00,0.2363
HH001,2026-09-01T01:45:00,0.085
HH002,2026-09-01T01:45:00,0.0469
HH003,2026-09-01T01:45:00,0.0411
HH004,2026-09-01T01:45:00,0.0889
HH005,2026-09-01T01:45:00,0.0959
HH006,2026-09-01T01:45:00,0.1037
HH007,2026-09-01T01:45:00,0.2609
HH008,2026-09-01T01:45:00,0.0847
HH009,2026-09-01T01:45:00,0.2242
HH010,2026-09-01T01:45:00,0.1006
HH011,2026-09-01T01:45:00,0.1544
HH012,2026-09-01T01:45:00,0.0927
HH013,2026-09-01T01:45:00,0.1764
HH014,2026-09-01T01:45:00,0.0398
HH015,2026-09-01T01:45:00,0.0812
HH016,2026-09-01T01:45:00,0.0407
HH017,2026-09-01T01:45:00,0.0981
HH018,2026-09-01T01:45:00,0.1446
HH019,2026-09-01T01:45:00,0.1631
HH020,2026-09-01T01:45:00,0.0911
HH001,2026-09-01T02:00:00,0.1563
HH002,2026-09-01T02:00:00,0.0906
HH003,2026-09-01T02:00:00,0.046
HH004,2026-09-01T02:00:00,0.1682
HH005,2026-09-01T02:00:00,0.0874
HH006,2026-09-01T02:00:00,0.0994
HH007,2026-09-01T02:00:00,0.116
HH008,2026-09-01T02:00:00,0.0413
HH009,2026-09-01T02:00:00,0.251
HH010,2026-09-01T02:00:00,0.0788
HH011,2026-09-01T02:00:00,0.1728
HH012,2026-09-01T02:00:00,0.1542
HH013,2026-09-01T02:00:00,0.105
HH014,2026-09-01T02:00:00,0.048
HH015,2026-09-01T02:00:00,0.1085
HH016,2026-09-01T02:00:00,0.0379
HH017,2026-09-01T02:00:00,0.0978
HH018,2026-09-01T02:00:00,0.1839
HH019,2026-09-01T02:00:00,0.1552
HH020,2026-09-01T02:00:00,0.1022
HH001,2026-09-01T02:15:00,0.1727
HH002,2026-09-01T02:15:00,0.046
HH003,2026-09-01T02:15:00,0.0892
HH004,2026-09-01T02:15:00,0.083
HH005,2026-09-01T02:15:00,0.1019
HH006,2026-09-01T02:15:00,0.1686
HH007,2026-09-01T02:15:00,0.2568
HH008,2026-09-01T02:15:00,0.0896
HH009,2026-09-01T02:15:00,0.0953
HH010,2026-09-01T02:15:00,0.0951
HH011,2026-09-01T02:15:00,0.0831
HH012,2026-09-01T02:15:00,0.1592
HH013,2026-09-01T02:15:00,0.1683
HH014,2026-09-01T02:15:00,0.0453
HH015,2026-09-01T02:15:00,0.1715
HH016,2026-09-01T02:15:00,0.0784
HH017,2026-09-01T02:15:00,0.0798
HH018,2026-09-01T02:15:00,0.1695
HH019,2026-09-01T02:15:00,0.1653
HH020,2026-09-01T02:15:00,0.0991
HH001,2026-09-01T02:30:00,0.1001
HH002,2026-09-01T02:30:00,0.0828
HH003,2026-09-01T02:30:00,0.0989
HH004,2026-09-01T02:30:00,0.1783
HH005,2026-09-01T02:30:00,0.1007
HH006,2026-09-01T02:30:00,0.1645
HH007,2026-09-01T02:30:00,0.1064
HH008,2026-09-01T02:30:00,0.0905
HH009,2026-09-01T02:30:00,0.2186
HH010,2026-09-01T02:30:00,0.0826
HH011,2026-09-01T02:30:00,0.1576
HH012,2026-09-01T02:30:00,0.148
HH013,2026-09-01T02:30:00,0.0773
HH014,2026-09-01T02:30:00,0.0428
HH015,2026-09-01T02:30:00,0.0932
HH016,2026-09-01T02:30:00,0.0842
HH017,2026-09-01T02:30:00,0.1719
HH018,2026-09-01T02:30:00,0.0813
HH019,2026-09-01T02:30:00,0.1534
HH020,2026-09-01T02:30:00,0.2093
HH001,2026-09-01T02:45:00,0.1683
HH002,2026-09-01T02:45:00,0.1
HH003,2026-09-01T02:45:00,0.0401
HH004,2026-09-01T02:45:00,0.0849
HH005,2026-09-01T02:45:00,0.0935
HH006,2026-09-01T02:45:00,0.1775
HH007,2026-09-01T02:45:00,0.2217
HH008,2026-09-01T02:45:00,0.0763
HH009,2026-09-01T02:45:00,0.1105
HH010,2026-09-01T02:45:00,0.0413
HH011,2026-09-01T02:45:00,0.1501
HH012,2026-09-01T02:45:00,0.0876
HH013,2026-09-01T02:45:00,0.0794
HH014,2026-09-01T02:45:00,0.0397
HH015,2026-09-01T02:45:00,0.0909
HH016,2026-09-01T02:45:00,0.0365
HH017,2026-09-01T02:45:00,0.0918
HH018,2026-09-01T02:45:00,0.1667
HH019,2026-09-01T02:45:00,0.094
HH020,2026-09-01T02:45:00,0.1075
HH001,2026-09-01T03:00:00,0.0983
HH002,2026-09-01T03:00:00,0.0938
HH003,2026-09-01T03:00:00,0.0922
HH004,2026-09-01T03:00:00,0.1691
HH005,2026-09-01T03:00:00,0.0872
HH006,2026-09-01T03:00:00,0.0861
HH007,2026-09-01T03:00:00,0.259
HH008,2026-09-01T03:00:00,0.0469
HH009,2026-09-01T03:00:00,0.0972
HH010,2026-09-01T03:00:00,0.0936
HH011,2026-09-01T03:00:00,0.078
HH012,2026-09-01T03:00:00,0.097
HH013,2026-09-01T03:00:00,0.0877
HH014,2026-09-01T03:00:00,0.044
HH015,2026-09-01T03:00:00,0.1579
HH016,2026-09-01T03:00:00,0.0858
HH017,2026-09-01T03:00:00,0.1729
HH018,2026-09-01T03:00:00,0.1629
HH019,2026-09-01T03:00:00,0.0904
HH020,2026-09-01T03:00:00,0.0966
HH001,2026-09-01T03:15:00,0.0924
HH002,2026-09-01T03:15:00,0.0931
HH003,2026-09-01T03:15:00,0.0512
HH004,2026-09-01T03:15:00,0.1659
HH005,2026-09-01T03:15:00,0.1713
HH006,2026-09-01T03:15:00,0.1543
HH007,2026-09-01T03:15:00,0.1134
HH008,2026-09-01T03:15:00,0.0888
HH009,2026-09-01T03:15:00,0.2537
HH010,2026-09-01T03:15:00,0.0966
HH011,2026-09-01T03:15:00,0.149
HH012,2026-09-01T03:15:00,0.1014
HH013,2026-09-01T03:15:00,0.0854
HH014,2026-09-01T03:15:00,0.095
HH015,2026-09-01T03:15:00,0.0995
HH016,2026-09-01T03:15:00,0.0435
HH017,2026-09-01T03:15:00,0.1592
HH018,2026-09-01T03:15:00,0.1706
HH019,2026-09-01T03:15:00,0.156
HH020,2026-09-01T03:15:00,0.0983
HH001,2026-09-01T03:30:00,0.0865
HH002,2026-09-01T03:30:00,0.0513
HH003,2026-09-01T03:30:00,0.0928
HH004,2026-09-01T03:30:00,0.1566
HH005,2026-09-01T03:30:00,0.096
HH006,2026-09-01T03:30:00,0.1675
HH007,2026-09-01T03:30:00,0.2402
HH008,2026-09-01T03:30:00,0.0857
HH009,2026-09-01T03:30:00,0.2594
HH010,2026-09-01T03:30:00,0.0455
HH011,2026-09-01T03:30:00,0.1727
HH012,2026-09-01T03:30:00,0.1779
HH013,2026-09-01T03:30:00,0.0991
HH014,2026-09-01T03:30:00,0.0959
HH015,2026-09-01T03:30:00,0.1737
HH016,2026-09-01T03:30:00,0.0432
HH017,2026-09-01T03:30:00,0.164
HH018,2026-09-01T03:30:00,0.1572
HH019,2026-09-01T03:30:00,0.1592
HH020,2026-09-01T03:30:00,0.1063
HH001,2026-09-01T03:45:00,0.1576
HH002,2026-09-01T03:45:00,0.0421
HH003,2026-09-01T03:45:00,0.0401
HH004,2026-09-01T03:45:00,0.1018
HH005,2026-09-01T03:45:00,0.1716
HH006,2026-09-01T03:45:00,0.1722
HH007,2026-09-01T03:45:00,0.269
HH008,2026-09-01T03:45:00,0.0409
HH009,2026-09-01T03:45:00,0.2485
HH010,2026-09-01T03:45:00,0.0515
HH011,2026-09-01T03:45:00,0.1013
HH012,2026-09-01T03:45:00,0.0891
HH013,2026-09-01T03:45:00,0.164
HH014,2026-09-01T03:45:00,0.0958
HH015,2026-09-01T03:45:00,0.1553
HH016,2026-09-01T03:45:00,0.0941
HH017,2026-09-01T03:45:00,0.0862
HH018,2026-09-01T03:45:00,0.1615
HH019,2026-09-01T03:45:00,0.1749
HH020,2026-09-01T03:45:00,0.0991
HH001,2026-09-01T04:00:00,0.0787
HH002,2026-09-01T04:00:00,0.0423
HH003,2026-09-01T04:00:00,0.0482
HH004,2026-09-01T04:00:00,0.1014
HH005,2026-09-01T04:00:00,0.0964
HH006,2026-09-01T04:00:00,0.157
HH007,2026-09-01T04:00:00,0.1027
HH008,2026-09-01T04:00:00,0.0952
HH009,2026-09-01T04:00:00,0.1139
HH010,2026-09-01T04:00:00,0.037
HH011,2026-09-01T04:00:00,0.0789
HH012,2026-09-01T04:00:00,0.1533
HH013,2026-09-01T04:00:00,0.0818
HH014,2026-09-01T04:00:00,0.0925
HH015,2026-09-01T04:00:00,0.0893
HH016,2026-09-01T04:00:00,0.0409
HH017,2026-09-01T04:00:00,0.1014
HH018,2026-09-01T04:00:00,0.1525
HH019,2026-09-01T04:00:00,0.1576
HH020,2026-09-01T04:00:00,0.0944
HH001,2026-09-01T04:15:00,0.1774
HH002,2026-09-01T04:15:00,0.0439
HH003,2026-09-01T04:15:00,0.094
HH004,2026-09-01T04:15:00,0.0868
HH005,2026-09-01T04:15:00,0.0953
HH006,2026-09-01T04:15:00,0.1509
HH007,2026-09-01T04:15:00,0.2543
HH008,2026-09-01T04:15:00,0.089
HH009,2026-09-01T04:15:00,0.1003
HH010,2026-09-01T04:15:00,0.0846
HH011,2026-09-01T04:15:00,0.172
HH012,2026-09-01T04:15:00,0.0873
HH013,2026-09-01T04:15:00,0.0816
HH014,2026-09-01T04:15:00,0.086
HH015,2026-09-01T04:15:00,0.1602
HH016,2026-09-01T04:15:00,0.0821
HH017,2026-09-01T04:15:00,0.083
HH018,2026-09-01T04:15:00,0.0985
HH019,2026-09-01T04:15:00,0.1478
HH020,2026-09-01T04:15:00,0.1143
HH001,2026-09-01T04:30:00,0.0885
HH002,2026-09-01T04:30:00,0.0944
HH003,2026-09-01T04:30:00,0.0995
HH004,2026-09-01T04:30:00,0.0907
HH005,2026-09-01T04:30:00,0.0859
HH006,2026-09-01T04:30:00,0.1569
HH007,2026-09-01T04:30:00,0.2412
HH008,2026-09-01T04:30:00,0.0472
HH009,2026-09-01T04:30:00,0.2413
HH010,2026-09-01T04:30:00,0.0431
HH011,2026-09-01T04:30:00,0.1493
HH012,2026-09-01T04:30:00,0.0819
HH013,2026-09-01T04:30:00,0.0863
HH014,2026-09-01T04:30:00,0.0418
HH015,2026-09-01T04:30:00,0.0904
HH016,2026-09-01T04:30:00,0.1017
HH017,2026-09-01T04:30:00,0.1526
HH018,2026-09-01T04:30:00,0.0818
HH019,2026-09-01T04:30:00,0.0873
HH020,2026-09-01T04:30:00,0.2587
HH001,2026-09-01T04:45:00,0.1633
HH002,2026-09-01T04:45:00,0.0454
HH003,2026-09-01T04:45:00,0.0482
HH004,2026-09-01T04:45:00,0.0934
HH005,2026-09-01T04:45:00,0.0809
HH006,2026-09-01T04:45:00,0.0948
HH007,2026-09-01T04:45:00,0.2302
HH008,2026-09-01T04:45:00,0.0464
HH009,2026-09-01T04:45:00,0.0936
HH010,2026-09-01T04:45:00,0.0445
HH011,2026-09-01T04:45:00,0.0817
HH012,2026-09-01T04:45:00,0.1655
HH013,2026-09-01T04:45:00,0.1474
HH014,2026-09-01T04:45:00,0.0375
HH015,2026-09-01T04:45:00,0.0962
HH016,2026-09-01T04:45:00,0.0461
HH017,2026-09-01T04:45:00,0.1538
HH018,2026-09-01T04:45:00,0.1007
HH019,2026-09-01T04:45:00,0.1665
HH020,2026-09-01T04:45:00,0.1084
HH001,2026-09-01T05:00:00,0.0772
HH002,2026-09-01T05:00:00,0.0442
HH003,2026-09-01T05:00:00,0.0883
HH004,2026-09-01T05:00:00,0.1611
HH005,2026-09-01T05:00:00,0.0826
HH006,2026-09-01T05:00:00,0.1045
HH007,2026-09-01T05:00:00,0.2643
HH008,2026-09-01T05:00:00,0.0461
HH009,2026-09-01T05:00:00,0.107
HH010,2026-09-01T05:00:00,0.0841
HH011,2026-09-01T05:00:00,0.08
HH012,2026-09-01T05:00:00,0.099
HH013,2026-09-01T05:00:00,0.156
HH014,2026-09-01T05:00:00,0.0457
HH015,2026-09-01T05:00:00,0.1433
HH016,2026-09-01T05:00:00,0.0408
HH017,2026-09-01T05:00:00,0.0902
HH018,2026-09-01T05:00:00,0.1039
HH019,2026-09-01T05:00:00,0.1637
HH020,2026-09-01T05:00:00,0.1001
HH001,2026-09-01T05:15:00,0.0963
HH002,2026-09-01T05:15:00,0.0416
HH003,2026-09-01T05:15:00,0.0887
HH004,2026-09-01T05:15:00,0.1682
HH005,2026-09-01T05:15:00,0.0919
HH006,2026-09-01T05:15:00,0.1053
HH007,2026-09-01T05:15:00,0.2381
HH008,2026-09-01T05:15:00,0.097
HH009,2026-09-01T05:15:00,0.1069
HH010,2026-09-01T05:15:00,0.0491
HH011,2026-09-01T05:15:00,0.0932
HH012,2026-09-01T05:15:00,0.1715
HH013,2026-09-01T05:15:00,0.1793
HH014,2026-09-01T05:15:00,0.0433
HH015,2026-09-01T05:15:00,0.0811
HH016,2026-09-01T05:15:00,0.0402
HH017,2026-09-01T05:15:00,0.1748
HH018,2026-09-01T05:15:00,0.1502
HH019,2026-09-01T05:15:00,0.1046
HH020,2026-09-01T05:15:00,0.2273
HH001,2026-09-01T05:30:00,0.1512
HH002,2026-09-01T05:30:00,0.0956
HH003,2026-09-01T05:30:00,0.0465
HH004,2026-09-01T05:30:00,0.1636
HH005,2026-09-01T05:30:00,0.1615
HH006,2026-09-01T05:30:00,0.1506
HH007,2026-09-01T05:30:00,0.237
HH008,2026-09-01T05:30:00,0.05
HH009,2026-09-01T05:30:00,0.1124
HH010,2026-09-01T05:30:00,0.0501
HH011,2026-09-01T05:30:00,0.1534
HH012,2026-09-01T05:30:00,0.1642
HH013,2026-09-01T05:30:00,0.1723
HH014,2026-09-01T05:30:00,0.0499
HH015,2026-09-01T05:30:00,0.1676
HH016,2026-09-01T05:30:00,0.0441
HH017,2026-09-01T05:30:00,0.154
HH018,2026-09-01T05:30:00,0.0791
HH019,2026-09-01T05:30:00,0.098
HH020,2026-09-01T05:30:00,0.0931
HH001,2026-09-01T05:45:00,0.1821
HH002,2026-09-01T05:45:00,0.0894
HH003,2026-09-01T05:45:00,0.0892
HH004,2026-09-01T05:45:00,0.1701
HH005,2026-09-01T05:45:00,0.0823
HH006,2026-09-01T05:45:00,0.1548
HH007,2026-09-01T05:45:00,0.2389
HH008,2026-09-01T05:45:00,0.085
HH009,2026-09-01T05:45:00,0.1131
HH010,2026-09-01T05:45:00,0.1
HH011,2026-09-01T05:45:00,0.0872
HH012,2026-09-01T05:45:00,0.0785
HH013,2026-09-01T05:45:00,0.0816
HH014,2026-09-01T05:45:00,0.0489
HH015,2026-09-01T05:45:00,0.1466
HH016,2026-09-01T05:45:00,0.0968
HH017,2026-09-01T05:45:00,0.1565
HH018,2026-09-01T05:45:00,0.1829
HH019,2026-09-01T05:45:00,0.171
HH020,2026-09-01T05:45:00,0.1009
HH001,2026-09-01T06:00:00,0.1484
HH002,2026-09-01T06:00:00,0.0742
HH003,2026-09-01T06:00:00,0.1122
HH004,2026-09-01T06:00:00,0.139
HH005,2026-09-01T06:00:00,0.2321
HH006,2026-09-01T06:00:00,0.138
HH007,2026-09-01T06:00:00,0.2092
HH008,2026-09-01T06:00:00,0.065
HH009,2026-09-01T06:00:00,0.3523
HH010,2026-09-01T06:00:00,0.1224
HH011,2026-09-01T06:00:00,0.1385
HH012,2026-09-01T06:00:00,0.1438
HH013,2026-09-01T06:00:00,0.1264
HH014,2026-09-01T06:00:00,0.1198
HH015,2026-09-01T06:00:00,0.1456
HH016,2026-09-01T06:00:00,0.1102
HH017,2026-09-01T06:00:00,0.1533
HH018,2026-09-01T06:00:00,0.2062
HH019,2026-09-01T06:00:00,0.2155
HH020,2026-09-01T06:00:00,0.2123
HH001,2026-09-01T06:15:00,0.186
HH002,2026-09-01T06:15:00,0.1149
HH003,2026-09-01T06:15:00,0.0714
HH004,2026-09-01T06:15:00,0.2136
HH005,2026-09-01T06:15:00,0.2055
HH006,2026-09-01T06:15:00,0.1432
HH007,2026-09-01T06:15:00,0.337
HH008,2026-09-01T06:15:00,0.0649
HH009,2026-09-01T06:15:00,0.2054
HH010,2026-09-01T06:15:00,0.07
HH011,2026-09-01T06:15:00,0.1939
HH012,2026-09-01T06:15:00,0.2231
HH013,2026-09-01T06:15:00,0.1432
HH014,2026-09-01T06:15:00,0.0698
HH015,2026-09-01T06:15:00,0.1302
HH016,2026-09-01T06:15:00,0.0723
HH017,2026-09-01T06:15:00,0.1855
HH018,2026-09-01T06:15:00,0.1402
HH019,2026-09-01T06:15:00,0.127
HH020,2026-09-01T06:15:00,0.1956
HH001,2026-09-01T06:30:00,0.1349
HH002,2026-09-01T06:30:00,0.0713
HH003,2026-09-01T06:30:00,0.1166
HH004,2026-09-01T06:30:00,0.1501
HH005,2026-09-01T06:30:00,0.1401
HH006,2026-09-01T06:30:00,0.1437
HH007,2026-09-01T06:30:00,0.3494
HH008,2026-09-01T06:30:00,0.0672
HH009,2026-09-01T06:30:00,0.3184
HH010,2026-09-01T06:30:00,0.1185
HH011,2026-09-01T06:30:00,0.1998
HH012,2026-09-01T06:30:00,0.1187
HH013,2026-09-01T06:30:00,0.1328
HH014,2026-09-01T06:30:00,0.0638
HH015,2026-09-01T06:30:00,0.1283
HH016,2026-09-01T06:30:00,0.0635
HH017,2026-09-01T06:30:00,0.1504
HH018,2026-09-01T06:30:00,0.1966
HH019,2026-09-01T06:30:00,0.2037
HH020,2026-09-01T06:30:00,0.2024
HH001,2026-09-01T06:45:00,0.2005
HH002,2026-09-01T06:45:00,0.1215
HH003,2026-09-01T06:45:00,0.1292
HH004,2026-09-01T06:45:00,0.1495
HH005,2026-09-01T06:45:00,0.2238
HH006,2026-09-01T06:45:00,0.1341
HH007,2026-09-01T06:45:00,0.2001
HH008,2026-09-01T06:45:00,0.1222
HH009,2026-09-01T06:45:00,0.3442
HH010,2026-09-01T06:45:00,0.0638
HH011,2026-09-01T06:45:00,0.1417
HH012,2026-09-01T06:45:00,0.1386
HH013,2026-09-01T06:45:00,0.2051
HH014,2026-09-01T06:45:00,0.1164
HH015,2026-09-01T06:45:00,0.1436
HH016,2026-09-01T06:45:00,0.0687
HH017,2026-09-01T06:45:00,0.2022
HH018,2026-09-01T06:45:00,0.1344
HH019,2026-09-01T06:45:00,0.2042
HH020,2026-09-01T06:45:00,0.184
HH001,2026-09-01T07:00:00,0.1407
HH002,2026-09-01T07:00:00,0.1075
HH003,2026-09-01T07:00:00,0.126
HH004,2026-09-01T07:00:00,0.1527
HH005,2026-09-01T07:00:00,0.1955
HH006,2026-09-01T07:00:00,0.2297
HH007,2026-09-01T07:00:00,0.1956
HH008,2026-09-01T07:00:00,0.0585
HH009,2026-09-01T07:00:00,0.3445
HH010,2026-09-01T07:00:00,0.0684
HH011,2026-09-01T07:00:00,0.1323
HH012,2026-09-01T07:00:00,0.2106
HH013,2026-09-01T07:00:00,0.127
HH014,2026-09-01T07:00:00,0.1128
HH015,2026-09-01T07:00:00,0.1372
HH016,2026-09-01T07:00:00,0.114
HH017,2026-09-01T07:00:00,0.1253
HH018,2026-09-01T07:00:00,0.1579
HH019,2026-09-01T07:00:00,0.221
HH020,2026-09-01T07:00:00,0.1831
HH001,2026-09-01T07:15:00,0.1963
HH002,2026-09-01T07:15:00,0.1027
HH003,2026-09-01T07:15:00,0.1025
HH004,2026-09-01T07:15:00,0.1512
HH005,2026-09-01T07:15:00,0.2216
HH006,2026-09-01T07:15:00,0.2354
HH007,2026-09-01T07:15:00,0.3723
HH008,2026-09-01T07:15:00,0.1214
HH009,2026-09-01T07:15:00,0.34
HH010,2026-09-01T07:15:00,0.11
HH011,2026-09-01T07:15:00,0.1359
HH012,2026-09-01T07:15:00,0.2057
HH013,2026-09-01T07:15:00,0.1323
HH014,2026-09-01T07:15:00,0.0673
HH015,2026-09-01T07:15:00,0.2167
HH016,2026-09-01T07:15:00,0.1167
HH017,2026-09-01T07:15:00,0.2257
HH018,2026-09-01T07:15:00,0.2022
HH019,2026-09-01T07:15:00,0.2241
HH020,2026-09-01T07:15:00,0.3464
HH001,2026-09-01T07:30:00,0.1565
HH002,2026-09-01T07:30:00,0.0633
HH003,2026-09-01T07:30:00,0.0643
HH004,2026-09-01T07:30:00,0.2128
HH005,2026-09-01T07:30:00,0.2051
HH006,2026-09-01T07:30:00,0.1451
HH007,2026-09-01T07:30:00,0.1896
HH008,2026-09-01T07:30:00,0.1065
HH009,2026-09-01T07:30:00,0.3357
HH010,2026-09-01T07:30:00,0.07
HH011,2026-09-01T07:30:00,0.145
HH012,2026-09-01T07:30:00,0.1445
HH013,2026-09-01T07:30:00,0.2133
HH014,2026-09-01T07:30:00,0.0743
HH015,2026-09-01T07:30:00,0.1446
HH016,2026-09-01T07:30:00,0.0648
HH017,2026-09-01T07:30:00,0.1987
HH018,2026-09-01T07:30:00,0.1433
HH019,2026-09-01T07:30:00,0.1532
HH020,2026-09-01T07:30:00,0.3243
HH001,2026-09-01T07:45:00,0.1463
HH002,2026-09-01T07:45:00,0.1126
HH003,2026-09-01T07:45:00,0.072
HH004,2026-09-01T07:45:00,0.1977
HH005,2026-09-01T07:45:00,0.151
HH006,2026-09-01T07:45:00,0.1842
HH007,2026-09-01T07:45:00,0.3434
HH008,2026-09-01T07:45:00,0.0638
HH009,2026-09-01T07:45:00,0.1999
HH010,2026-09-01T07:45:00,0.1067
HH011,2026-09-01T07:45:00,0.2283
HH012,2026-09-01T07:45:00,0.1947
HH013,2026-09-01T07:45:00,0.1385
HH014,2026-09-01T07:45:00,0.1191
HH015,2026-09-01T07:45:00,0.1535
HH016,2026-09-01T07:45:00,0.1123
HH017,2026-09-01T07:45:00,0.1949
HH018,2026-09-01T07:45:00,0.2271
HH019,2026-09-01T07:45:00,0.197
HH020,2026-09-01T07:45:00,0.1881
HH001,2026-09-01T08:00:00,0.2128
HH002,2026-09-01T08:00:00,0.1098
HH003,2026-09-01T08:00:00,0.0747
HH004,2026-09-01T08:00:00,0.133
HH005,2026-09-01T08:00:00,0.1579
HH006,2026-09-01T08:00:00,0.1351
HH007,2026-09-01T08:00:00,0.3371
HH008,2026-09-01T08:00:00,0.1239
HH009,2026-09-01T08:00:00,0.202
HH010,2026-09-01T08:00:00,0.0705
HH011,2026-09-01T08:00:00,0.1569
HH012,2026-09-01T08:00:00,0.1418
HH013,2026-09-01T08:00:00,0.14
HH014,2026-09-01T08:00:00,0.065
HH015,2026-09-01T08:00:00,0.1518
HH016,2026-09-01T08:00:00,0.0658
HH017,2026-09-01T08:00:00,0.1417
HH018,2026-09-01T08:00:00,0.2207
HH019,2026-09-01T08:00:00,0.2209
HH020,2026-09-01T08:00:00,0.3183
HH001,2026-09-01T08:15:00,0.1611
HH002,2026-09-01T08:15:00,0.0877
HH003,2026-09-01T08:15:00,0.0431
HH004,2026-09-01T08:15:00,0.0851
HH005,2026-09-01T08:15:00,0.1728
HH006,2026-09-01T08:15:00,0.0899
HH007,2026-09-01T08:15:00,0.1049
HH008,2026-09-01T08:15:00,0.0474
HH009,2026-09-01T08:15:00,0.2634
HH010,2026-09-01T08:15:00,0.0437
HH011,2026-09-01T08:15:00,0.1498
HH012,2026-09-01T08:15:00,0.1682
HH013,2026-09-01T08:15:00,0.1536
HH014,2026-09-01T08:15:00,0.0435
HH015,2026-09-01T08:15:00,0.1067
HH016,2026-09-01T08:15:00,0.0458
HH017,2026-09-01T08:15:00,0.1763
HH018,2026-09-01T08:15:00,0.1627
HH019,2026-09-01T08:15:00,0.1561
HH020,2026-09-01T08:15:00,0.2505
HH001,2026-09-01T08:30:00,0.1582
HH002,2026-09-01T08:30:00,0.0444
HH003,2026-09-01T08:30:00,0.0902
HH004,2026-09-01T08:30:00,0.0805
HH005,2026-09-01T08:30:00,0.0998
HH006,2026-09-01T08:30:00,0.1557
HH007,2026-09-01T08:30:00,0.2632
HH008,2026-09-01T08:30:00,0.0484
HH009,2026-09-01T08:30:00,0.1032
HH010,2026-09-01T08:30:00,0.0955
HH011,2026-09-01T08:30:00,0.1507
HH012,2026-09-01T08:30:00,0.082
HH013,2026-09-01T08:30:00,0.1008
HH014,2026-09-01T08:30:00,0.0858
HH015,2026-09-01T08:30:00,0.0935
HH016,2026-09-01T08:30:00,0.042
HH017,2026-09-01T08:30:00,0.1657
HH018,2026-09-01T08:30:00,0.0834
HH019,2026-09-01T08:30:00,0.1025
HH020,2026-09-01T08:30:00,0.2422
HH001,2026-09-01T08:45:00,0.106
HH002,2026-09-01T08:45:00,0.0472
HH003,2026-09-01T08:45:00,0.0489
HH004,2026-09-01T08:45:00,0.1566
HH005,2026-09-01T08:45:00,0.0837
HH006,2026-09-01T08:45:00,0.0949
HH007,2026-09-01T08:45:00,0.2453
HH008,2026-09-01T08:45:00,0.0467
HH009,2026-09-01T08:45:00,0.27
HH010,2026-09-01T08:45:00,0.0491
HH011,2026-09-01T08:45:00,0.1853
HH012,2026-09-01T08:45:00,0.0897
HH013,2026-09-01T08:45:00,0.1654
HH014,2026-09-01T08:45:00,0.0862
HH015,2026-09-01T08:45:00,0.0961
HH016,2026-09-01T08:45:00,0.0449
HH017,2026-09-01T08:45:00,0.1619
HH018,2026-09-01T08:45:00,0.0949
HH019,2026-09-01T08:45:00,0.18
HH020,2026-09-01T08:45:00,0.0928
HH001,2026-09-01T09:00:00,0.1675
HH002,2026-09-01T09:00:00,0.043
HH003,2026-09-01T09:00:00,0.0504
HH004,2026-09-01T09:00:00,0.079
HH005,2026-09-01T09:00:00,0.0907
HH006,2026-09-01T09:00:00,0.1718
HH007,2026-09-01T09:00:00,0.0993
HH008,2026-09-01T09:00:00,0.0407
HH009,2026-09-01T09:00:00,0.2348
HH010,2026-09-01T09:00:00,0.0416
HH011,2026-09-01T09:00:00,0.0787
HH012,2026-09-01T09:00:00,0.1638
HH013,2026-09-01T09:00:00,0.095
HH014,2026-09-01T09:00:00,0.0398
HH015,2026-09-01T09:00:00,0.085
HH016,2026-09-01T09:00:00,0.039
HH017,2026-09-01T09:00:00,0.0935
HH018,2026-09-01T09:00:00,0.0782
HH019,2026-09-01T09:00:00,0.169
HH020,2026-09-01T09:00:00,0.0911
HH001,2026-09-01T09:15:00,0.0873
HH002,2026-09-01T09:15:00,0.0388
HH003,2026-09-01T09:15:00,0.0493
HH004,2026-09-01T09:15:00,0.0966
HH005,2026-09-01T09:15:00,0.1512
HH006,2026-09-01T09:15:00,0.0936
HH007,2026-09-01T09:15:00,0.2745
HH008,2026-09-01T09:15:00,0.0367
HH009,2026-09-01T09:15:00,0.1036
HH010,2026-09-01T09:15:00,0.0823
HH011,2026-09-01T09:15:00,0.1644
HH012,2026-09-01T09:15:00,0.092
HH013,2026-09-01T09:15:00,0.184
HH014,2026-09-01T09:15:00,0.0487
HH015,2026-09-01T09:15:00,0.0903
HH016,2026-09-01T09:15:00,0.048
HH017,2026-09-01T09:15:00,0.1583
HH018,2026-09-01T09:15:00,0.1561
HH019,2026-09-01T09:15:00,0.0975
HH020,2026-09-01T09:15:00,0.09
HH001,2026-09-01T09:30:00,0.1681
HH002,2026-09-01T09:30:00,0.1023
HH003,2026-09-01T09:30:00,0.0454
HH004,2026-09-01T09:30:00,0.0978
HH005,2026-09-01T09:30:00,0.0936
HH006,2026-09-01T09:30:00,0.0985
HH007,2026-09-01T09:30:00,0.2306
HH008,2026-09-01T09:30:00,0.0843
HH009,2026-09-01T09:30:00,0.2382
HH010,2026-09-01T09:30:00,0.0907
HH011,2026-09-01T09:30:00,0.0909
HH012,2026-09-01T09:30:00,0.17
HH013,2026-09-01T09:30:00,0.088
HH014,2026-09-01T09:30:00,0.0803
HH015,2026-09-01T09:30:00,0.0892
HH016,2026-09-01T09:30:00,0.0429
HH017,2026-09-01T09:30:00,0.1477
HH018,2026-09-01T09:30:00,0.0848
HH019,2026-09-01T09:30:00,0.1513
HH020,2026-09-01T09:30:00,0.24
HH001,2026-09-01T09:45:00,0.1532
HH002,2026-09-01T09:45:00,0.0472
HH003,2026-09-01T09:45:00,0.0366
HH004,2026-09-01T09:45:00,0.1711
HH005,2026-09-01T09:45:00,0.0814
HH006,2026-09-01T09:45:00,0.0918
HH007,2026-09-01T09:45:00,0.1147
HH008,2026-09-01T09:45:00,0.0392
HH009,2026-09-01T09:45:00,0.243
HH010,2026-09-01T09:45:00,0.0389
HH011,2026-09-01T09:45:00,0.145
HH012,2026-09-01T09:45:00,0.0953
HH013,2026-09-01T09:45:00,0.0891
HH014,2026-09-01T09:45:00,0.0409
HH015,2026-09-01T09:45:00,0.0948
HH016,2026-09-01T09:45:00,0.0835
HH017,2026-09-01T09:45:00,0.0816
HH018,2026-09-01T09:45:00,0.1584
HH019,2026-09-01T09:45:00,0.1009
HH020,2026-09-01T09:45:00,0.2634
HH001,2026-09-01T10:00:00,0.1465
HH002,2026-09-01T10:00:00,0.0514
HH003,2026-09-01T10:00:00,0.037
HH004,2026-09-01T10:00:00,0.1614
HH005,2026-09-01T10:00:00,0.0846
HH006,2026-09-01T10:00:00,0.0818
HH007,2026-09-01T10:00:00,0.1918
HH008,2026-09-01T10:00:00,0.0474
HH009,2026-09-01T10:00:00,0.157
HH010,2026-09-01T10:00:00,0.0361
HH011,2026-09-01T10:00:00,0.0981
HH012,2026-09-01T10:00:00,0.0873
HH013,2026-09-01T10:00:00,0.0886
HH014,2026-09-01T10:00:00,0.1013
HH015,2026-09-01T10:00:00,0.0815
HH016,2026-09-01T10:00:00,0.0453
HH017,2026-09-01T10:00:00,0.0788
HH018,2026-09-01T10:00:00,0.1047
HH019,2026-09-01T10:00:00,0.0898
HH020,2026-09-01T10:00:00,0.306
HH001,2026-09-01T10:15:00,0.0896
HH002,2026-09-01T10:15:00,0.0901
HH003,2026-09-01T10:15:00,0.0399
HH004,2026-09-01T10:15:00,0.1667
HH005,2026-09-01T10:15:00,0.1629
HH006,2026-09-01T10:15:00,0.091
HH007,2026-09-01T10:15:00,0.1827
HH008,2026-09-01T10:15:00,0.0442
HH009,2026-09-01T10:15:00,0.3398
HH010,2026-09-01T10:15:00,0.0418
HH011,2026-09-01T10:15:00,0.1553
HH012,2026-09-01T10:15:00,0.0839
HH013,2026-09-01T10:15:00,0.1596
HH014,2026-09-01T10:15:00,0.0975
HH015,2026-09-01T10:15:00,0.1021
HH016,2026-09-01T10:15:00,0.0416
HH017,2026-09-01T10:15:00,0.1524
HH018,2026-09-01T10:15:00,0.0979
HH019,2026-09-01T10:15:00,0.0843
HH020,2026-09-01T10:15:00,0.2
HH001,2026-09-01T10:30:00,0.1
HH002,2026-09-01T10:30:00,0.0794
HH003,2026-09-01T10:30:00,0.104
HH004,2026-09-01T10:30:00,0.0942
HH005,2026-09-01T10:30:00,0.1699
HH006,2026-09-01T10:30:00,0.0866
HH007,2026-09-01T10:30:00,0.1736
HH008,2026-09-01T10:30:00,0.0823
HH009,2026-09-01T10:30:00,0.1633
HH010,2026-09-01T10:30:00,0.097
HH011,2026-09-01T10:30:00,0.0864
HH012,2026-09-01T10:30:00,0.0815
HH013,2026-09-01T10:30:00,0.174
HH014,2026-09-01T10:30:00,0.0888
HH015,2026-09-01T10:30:00,0.1033
HH016,2026-09-01T10:30:00,0.0448
HH017,2026-09-01T10:30:00,0.0772
HH018,2026-09-01T10:30:00,0.1431
HH019,2026-09-01T10:30:00,0.0783
HH020,2026-09-01T10:30:00,0.1865
HH001,2026-09-01T10:45:00,0.0909
HH002,2026-09-01T10:45:00,0.0914
HH003,2026-09-01T10:45:00,0.048
HH004,2026-09-01T10:45:00,0.1707
HH005,2026-09-01T10:45:00,0.0818
HH006,2026-09-01T10:45:00,0.0826
HH007,2026-09-01T10:45:00,0.3093
HH008,2026-09-01T10:45:00,0.083
HH009,2026-09-01T10:45:00,0.1809
HH010,2026-09-01T10:45:00,0.0916
HH011,2026-09-01T10:45:00,0.1051
HH012,2026-09-01T10:45:00,0.1591
HH013,2026-09-01T10:45:00,0.1524
HH014,2026-09-01T10:45:00,0.0457
HH015,2026-09-01T10:45:00,0.1581
HH016,2026-09-01T10:45:00,0.0937
HH017,2026-09-01T10:45:00,0.1757
HH018,2026-09-01T10:45:00,0.0835
HH019,2026-09-01T10:45:00,0.1546
HH020,2026-09-01T10:45:00,0.3166
HH001,2026-09-01T11:00:00,0.0877
HH002,2026-09-01T11:00:00,0.0926
HH003,2026-09-01T11:00:00,0.0428
HH004,2026-09-01T11:00:00,0.0917
HH005,2026-09-01T11:00:00,0.0817
HH006,2026-09-01T11:00:00,0.1689
HH007,2026-09-01T11:00:00,0.3063
HH008,2026-09-01T11:00:00,0.0871
HH009,2026-09-01T11:00:00,0.3491
HH010,2026-09-01T11:00:00,0.0477
HH011,2026-09-01T11:00:00,0.0899
HH012,2026-09-01T11:00:00,0.0774
HH013,2026-09-01T11:00:00,0.1536
HH014,2026-09-01T11:00:00,0.0873
HH015,2026-09-01T11:00:00,0.0886
HH016,2026-09-01T11:00:00,0.0453
HH017,2026-09-01T11:00:00,0.0988
HH018,2026-09-01T11:00:00,0.0776
HH019,2026-09-01T11:00:00,0.0872
HH020,2026-09-01T11:00:00,0.2818
HH001,2026-09-01T11:15:00,0.1043
HH002,2026-09-01T11:15:00,0.0895
HH003,2026-09-01T11:15:00,0.0789
HH004,2026-09-01T11:15:00,0.0929
HH005,2026-09-01T11:15:00,0.094
HH006,2026-09-01T11:15:00,0.0987
HH007,2026-09-01T11:15:00,0.3052
HH008,2026-09-01T11:15:00,0.0429
HH009,2026-09-01T11:15:00,0.1753
HH010,2026-09-01T11:15:00,0.0872
HH011,2026-09-01T11:15:00,0.1028
HH012,2026-09-01T11:15:00,0.1464
HH013,2026-09-01T11:15:00,0.086
HH014,2026-09-01T11:15:00,0.045
HH015,2026-09-01T11:15:00,0.166
HH016,2026-09-01T11:15:00,0.0917
HH017,2026-09-01T11:15:00,0.1721
HH018,2026-09-01T11:15:00,0.0766
HH019,2026-09-01T11:15:00,0.1614
HH020,2026-09-01T11:15:00,0.1791
HH001,2026-09-01T11:30:00,0.1005
HH002,2026-09-01T11:30:00,0.048
HH003,2026-09-01T11:30:00,0.0875
HH004,2026-09-01T11:30:00,0.1869
HH005,2026-09-01T11:30:00,0.1561
HH006,2026-09-01T11:30:00,0.0804
HH007,2026-09-01T11:30:00,0.1916
HH008,2026-09-01T11:30:00,0.0384
HH009,2026-09-01T11:30:00,0.3087
HH010,2026-09-01T11:30:00,0.0409
HH011,2026-09-01T11:30:00,0.0827
HH012,2026-09-01T11:30:00,0.0868
HH013,2026-09-01T11:30:00,0.0791
HH014,2026-09-01T11:30:00,0.0501
HH015,2026-09-01T11:30:00,0.0982
HH016,2026-09-01T11:30:00,0.0861
HH017,2026-09-01T11:30:00,0.1553
HH018,2026-09-01T11:30:00,0.1575
HH019,2026-09-01T11:30:00,0.0898
HH020,2026-09-01T11:30:00,0.1772
HH001,2026-09-01T11:45:00,0.1609
HH002,2026-09-01T11:45:00,0.047
HH003,2026-09-01T11:45:00,0.0488
HH004,2026-09-01T11:45:00,0.1573
HH005,2026-09-01T11:45:00,0.1704
HH006,2026-09-01T11:45:00,0.1601
HH007,2026-09-01T11:45:00,0.3504
HH008,2026-09-01T11:45:00,0.0965
HH009,2026-09-01T11:45:00,0.1857
HH010,2026-09-01T11:45:00,0.0945
HH011,2026-09-01T11:45:00,0.0792
HH012,2026-09-01T11:45:00,0.0836
HH013,2026-09-01T11:45:00,0.1736
HH014,2026-09-01T11:45:00,0.0949
HH015,2026-09-01T11:45:00,0.0967
HH016,2026-09-01T11:45:00,0.0997
HH017,2026-09-01T11:45:00,0.1098
HH018,2026-09-01T11:45:00,0.0957
HH019,2026-09-01T11:45:00,0.0934
HH020,2026-09-01T11:45:00,0.3206
HH001,2026-09-01T12:00:00,0.1568
HH002,2026-09-01T12:00:00,0.0811
HH003,2026-09-01T12:00:00,0.0449
HH004,2026-09-01T12:00:00,0.1682
HH005,2026-09-01T12:00:00,0.0906
HH006,2026-09-01T12:00:00,0.0872
HH007,2026-09-01T12:00:00,0.348
HH008,2026-09-01T12:00:00,0.0404
HH009,2026-09-01T12:00:00,0.193
HH010,2026-09-01T12:00:00,0.0436
HH011,2026-09-01T12:00:00,0.1866
HH012,2026-09-01T12:00:00,0.1053
HH013,2026-09-01T12:00:00,0.0836
HH014,2026-09-01T12:00:00,0.0849
HH015,2026-09-01T12:00:00,0.1676
HH016,2026-09-01T12:00:00,0.0466
HH017,2026-09-01T12:00:00,0.101
HH018,2026-09-01T12:00:00,0.0915
HH019,2026-09-01T12:00:00,0.0848
HH020,2026-09-01T12:00:00,0.3303
HH001,2026-09-01T12:15:00,0.1018
HH002,2026-09-01T12:15:00,0.085
HH003,2026-09-01T12:15:00,0.0903
HH004,2026-09-01T12:15:00,0.1539
HH005,2026-09-01T12:15:00,0.0961
HH006,2026-09-01T12:15:00,0.1595
HH007,2026-09-01T12:15:00,0.1833
HH008,2026-09-01T12:15:00,0.0483
HH009,2026-09-01T12:15:00,0.1823
HH010,2026-09-01T12:15:00,0.0384
HH011,2026-09-01T12:15:00,0.0857
HH012,2026-09-01T12:15:00,0.1766
HH013,2026-09-01T12:15:00,0.1561
HH014,2026-09-01T12:15:00,0.0367
HH015,2026-09-01T12:15:00,0.1617
HH016,2026-09-01T12:15:00,0.0818
HH017,2026-09-01T12:15:00,0.1554
HH018,2026-09-01T12:15:00,0.1628
HH019,2026-09-01T12:15:00,0.1613
HH020,2026-09-01T12:15:00,0.3132
HH001,2026-09-01T12:30:00,0.1675
HH002,2026-09-01T12:30:00,0.04
HH003,2026-09-01T12:30:00,0.036
HH004,2026-09-01T12:30:00,0.0871
HH005,2026-09-01T12:30:00,0.1602
HH006,2026-09-01T12:30:00,0.1542
HH007,2026-09-01T12:30:00,0.1734
HH008,2026-09-01T12:30:00,0.0866
HH009,2026-09-01T12:30:00,0.1665
HH010,2026-09-01T12:30:00,0.0868
HH011,2026-09-01T12:30:00,0.1009
HH012,2026-09-01T12:30:00,0.1092
HH013,2026-09-01T12:30:00,0.1041
HH014,2026-09-01T12:30:00,0.05
HH015,2026-09-01T12:30:00,0.0918
HH016,2026-09-01T12:30:00,0.05
HH017,2026-09-01T12:30:00,0.0873
HH018,2026-09-01T12:30:00,0.1047
HH019,2026-09-01T12:30:00,0.1678
HH020,2026-09-01T12:30:00,0.1761
HH001,2026-09-01T12:45:00,0.0836
HH002,2026-09-01T12:45:00,0.0368
HH003,2026-09-01T12:45:00,0.0885
HH004,2026-09-01T12:45:00,0.0946
HH005,2026-09-01T12:45:00,0.1542
HH006,2026-09-01T12:45:00,0.1787
HH007,2026-09-01T12:45:00,0.2997
HH008,2026-09-01T12:45:00,0.0417
HH009,2026-09-01T12:45:00,0.196
HH010,2026-09-01T12:45:00,0.0484
HH011,2026-09-01T12:45:00,0.0841
HH012,2026-09-01T12:45:00,0.0841
HH013,2026-09-01T12:45:00,0.0881
HH014,2026-09-01T12:45:00,0.097
HH015,2026-09-01T12:45:00,0.1422
HH016,2026-09-01T12:45:00,0.0449
HH017,2026-09-01T12:45:00,0.1585
HH018,2026-09-01T12:45:00,0.1422
HH019,2026-09-01T12:45:00,0.0837
HH020,2026-09-01T12:45:00,0.1813
HH001,2026-09-01T13:00:00,0.1613
HH002,2026-09-01T13:00:00,0.0944
HH003,2026-09-01T13:00:00,0.0472
HH004,2026-09-01T13:00:00,0.0795
HH005,2026-09-01T13:00:00,0.165
HH006,2026-09-01T13:00:00,0.0905
HH007,2026-09-01T13:00:00,0.3037
HH008,2026-09-01T13:00:00,0.0977
HH009,2026-09-01T13:00:00,0.188
HH010,2026-09-01T13:00:00,0.0453
HH011,2026-09-01T13:00:00,0.151
HH012,2026-09-01T13:00:00,0.0865
HH013,2026-09-01T13:00:00,0.1667
HH014,2026-09-01T13:00:00,0.0903
HH015,2026-09-01T13:00:00,0.1715
HH016,2026-09-01T13:00:00,0.0444
HH017,2026-09-01T13:00:00,0.1558
HH018,2026-09-01T13:00:00,0.1591
HH019,2026-09-01T13:00:00,0.0935
HH020,2026-09-01T13:00:00,0.1807
HH001,2026-09-01T13:15:00,0.1098
HH002,2026-09-01T13:15:00,0.0888
HH003,2026-09-01T13:15:00,0.0442
HH004,2026-09-01T13:15:00,0.1469
HH005,2026-09-01T13:15:00,0.0839
HH006,2026-09-01T13:15:00,0.1711
HH007,2026-09-01T13:15:00,0.1911
HH008,2026-09-01T13:15:00,0.0425
HH009,2026-09-01T13:15:00,0.322
HH010,2026-09-01T13:15:00,0.0918
HH011,2026-09-01T13:15:00,0.1756
HH012,2026-09-01T13:15:00,0.1784
HH013,2026-09-01T13:15:00,0.09
HH014,2026-09-01T13:15:00,0.09
HH015,2026-09-01T13:15:00,0.1508
HH016,2026-09-01T13:15:00,0.0379
HH017,2026-09-01T13:15:00,0.1728
HH018,2026-09-01T13:15:00,0.1713
HH019,2026-09-01T13:15:00,0.1781
HH020,2026-09-01T13:15:00,0.3102
HH001,2026-09-01T13:30:00,0.1586
HH002,2026-09-01T13:30:00,0.0864
HH003,2026-09-01T13:30:00,0.0939
HH004,2026-09-01T13:30:00,0.1387
HH005,2026-09-01T13:30:00,0.088
HH006,2026-09-01T13:30:00,0.088
HH007,2026-09-01T13:30:00,0.3208
HH008,2026-09-01T13:30:00,0.0498
HH009,2026-09-01T13:30:00,0.2808
HH010,2026-09-01T13:30:00,0.0882
HH011,2026-09-01T13:30:00,0.0858
HH012,2026-09-01T13:30:00,0.1577
HH013,2026-09-01T13:30:00,0.0808
HH014,2026-09-01T13:30:00,0.0371
HH015,2026-09-01T13:30:00,0.0914
HH016,2026-09-01T13:30:00,0.0895
HH017,2026-09-01T13:30:00,0.1651
HH018,2026-09-01T13:30:00,0.1059
HH019,2026-09-01T13:30:00,0.0915
HH020,2026-09-01T13:30:00,0.168
HH001,2026-09-01T13:45:00,0.1629
HH002,2026-09-01T13:45:00,0.0939
HH003,2026-09-01T13:45:00,0.048
HH004,2026-09-01T13:45:00,0.1566
HH005,2026-09-01T13:45:00,0.1048
HH006,2026-09-01T13:45:00,0.0937
HH007,2026-09-01T13:45:00,0.1759
HH008,2026-09-01T13:45:00,0.0481
HH009,2026-09-01T13:45:00,0.332
HH010,2026-09-01T13:45:00,0.0963
HH011,2026-09-01T13:45:00,0.1514
HH012,2026-09-01T13:45:00,0.0928
HH013,2026-09-01T13:45:00,0.1612
HH014,2026-09-01T13:45:00,0.0425
HH015,2026-09-01T13:45:00,0.0891
HH016,2026-09-01T13:45:00,0.0917
HH017,2026-09-01T13:45:00,0.1525
HH018,2026-09-01T13:45:00,0.0992
HH019,2026-09-01T13:45:00,0.0869
HH020,2026-09-01T13:45:00,0.1699
HH001,2026-09-01T14:00:00,0.4254
HH002,2026-09-01T14:00:00,0.0479
HH003,2026-09-01T14:00:00,0.0984
HH004,2026-09-01T14:00:00,0.4868
HH005,2026-09-01T14:00:00,0.4736
HH006,2026-09-01T14:00:00,0.483
HH007,2026-09-01T14:00:00,0.306
HH008,2026-09-01T14:00:00,0.0443
HH009,2026-09-01T14:00:00,0.3147
HH010,2026-09-01T14:00:00,0.0867
HH011,2026-09-01T14:00:00,0.4909
HH012,2026-09-01T14:00:00,0.3809
HH013,2026-09-01T14:00:00,0.3795
HH014,2026-09-01T14:00:00,0.04
HH015,2026-09-01T14:00:00,0.4819
HH016,2026-09-01T14:00:00,0.0437
HH017,2026-09-01T14:00:00,0.5256
HH018,2026-09-01T14:00:00,0.4958
HH019,2026-09-01T14:00:00,0.4299
HH020,2026-09-01T14:00:00,0.3066
HH001,2026-09-01T14:15:00,0.4335
HH002,2026-09-01T14:15:00,0.0388
HH003,2026-09-01T14:15:00,0.0888
HH004,2026-09-01T14:15:00,0.5477
HH005,2026-09-01T14:15:00,0.4599
HH006,2026-09-01T14:15:00,0.4776
HH007,2026-09-01T14:15:00,0.3291
HH008,2026-09-01T14:15:00,0.0778
HH009,2026-09-01T14:15:00,0.1816
HH010,2026-09-01T14:15:00,0.0382
HH011,2026-09-01T14:15:00,0.3678
HH012,2026-09-01T14:15:00,0.4325
HH013,2026-09-01T14:15:00,0.4301
HH014,2026-09-01T14:15:00,0.0924
HH015,2026-09-01T14:15:00,0.3837
HH016,2026-09-01T14:15:00,0.0404
HH017,2026-09-01T14:15:00,0.5246
HH018,2026-09-01T14:15:00,0.4249
HH019,2026-09-01T14:15:00,0.434
HH020,2026-09-01T14:15:00,0.1912
HH001,2026-09-01T14:30:00,0.381
HH002,2026-09-01T14:30:00,0.0412
HH003,2026-09-01T14:30:00,0.0926
HH004,2026-09-01T14:30:00,0.3895
HH005,2026-09-01T14:30:00,0.4114
HH006,2026-09-01T14:30:00,0.516
HH007,2026-09-01T14:30:00,0.1797
HH008,2026-09-01T14:30:00,0.0451
HH009,2026-09-01T14:30:00,0.299
HH010,2026-09-01T14:30:00,0.0495
HH011,2026-09-01T14:30:00,0.4554
HH012,2026-09-01T14:30:00,0.4732
HH013,2026-09-01T14:30:00,0.4278
HH014,2026-09-01T14:30:00,0.0376
HH015,2026-09-01T14:30:00,0.4615
HH016,2026-09-01T14:30:00,0.0994
HH017,2026-09-01T14:30:00,0.4922
HH018,2026-09-01T14:30:00,0.4653
HH019,2026-09-01T14:30:00,0.4823
HH020,2026-09-01T14:30:00,0.3005
HH001,2026-09-01T14:45:00,0.4795
HH002,2026-09-01T14:45:00,0.0421
HH003,2026-09-01T14:45:00,0.0461
HH004,2026-09-01T14:45:00,0.4938
HH005,2026-09-01T14:45:00,0.4724
HH006,2026-09-01T14:45:00,0.4838
HH007,2026-09-01T14:45:00,0.159
HH008,2026-09-01T14:45:00,0.0448
HH009,2026-09-01T14:45:00,0.3121
HH010,2026-09-01T14:45:00,0.0477
HH011,2026-09-01T14:45:00,0.4987
HH012,2026-09-01T14:45:00,0.4391
HH013,2026-09-01T14:45:00,0.4477
HH014,2026-09-01T14:45:00,0.0403
HH015,2026-09-01T14:45:00,0.4434
HH016,2026-09-01T14:45:00,0.0449
HH017,2026-09-01T14:45:00,0.3758
HH018,2026-09-01T14:45:00,0.4703
HH019,2026-09-01T14:45:00,0.4737
HH020,2026-09-01T14:45:00,0.3399
HH001,2026-09-01T15:00:00,0.4229
HH002,2026-09-01T15:00:00,0.0467
HH003,2026-09-01T15:00:00,0.0902
HH004,2026-09-01T15:00:00,0.4744
HH005,2026-09-01T15:00:00,0.3953
HH006,2026-09-01T15:00:00,0.4891
HH007,2026-09-01T15:00:00,0.1622
HH008,2026-09-01T15:00:00,0.0407
HH009,2026-09-01T15:00:00,0.1701
HH010,2026-09-01T15:00:00,0.0377
HH011,2026-09-01T15:00:00,0.5542
HH012,2026-09-01T15:00:00,0.4126
HH013,2026-09-01T15:00:00,0.3652
HH014,2026-09-01T15:00:00,0.0454
HH015,2026-09-01T15:00:00,0.4874
HH016,2026-09-01T15:00:00,0.0445
HH017,2026-09-01T15:00:00,0.4237
HH018,2026-09-01T15:00:00,0.4584
HH019,2026-09-01T15:00:00,0.4376
HH020,2026-09-01T15:00:00,0.296
HH001,2026-09-01T15:15:00,0.499
HH002,2026-09-01T15:15:00,0.0485
HH003,2026-09-01T15:15:00,0.0452
HH004,2026-09-01T15:15:00,0.4109
HH005,2026-09-01T15:15:00,0.3823
HH006,2026-09-01T15:15:00,0.4289
HH007,2026-09-01T15:15:00,0.1819
HH008,2026-09-01T15:15:00,0.0971
HH009,2026-09-01T15:15:00,0.1623
HH010,2026-09-01T15:15:00,0.041
HH011,2026-09-01T15:15:00,0.5476
HH012,2026-09-01T15:15:00,0.3847
HH013,2026-09-01T15:15:00,0.5018
HH014,2026-09-01T15:15:00,0.0974
HH015,2026-09-01T15:15:00,0.3664
HH016,2026-09-01T15:15:00,0.0387
HH017,2026-09-01T15:15:00,0.4667
HH018,2026-09-01T15:15:00,0.4587
HH019,2026-09-01T15:15:00,0.4312
HH020,2026-09-01T15:15:00,0.1641
HH001,2026-09-01T15:30:00,0.5685
HH002,2026-09-01T15:30:00,0.0447
HH003,2026-09-01T15:30:00,0.0955
HH004,2026-09-01T15:30:00,0.4951
HH005,2026-09-01T15:30:00,0.4844
HH006,2026-09-01T15:30:00,0.4505
HH007,2026-09-01T15:30:00,0.1707
HH008,2026-09-01T15:30:00,0.0834
HH009,2026-09-01T15:30:00,0.3067
HH010,2026-09-01T15:30:00,0.0873
HH011,2026-09-01T15:30:00,0.3488
HH012,2026-09-01T15:30:00,0.3971
HH013,2026-09-01T15:30:00,0.4421
HH014,2026-09-01T15:30:00,0.0925
HH015,2026-09-01T15:30:00,0.3805
HH016,2026-09-01T15:30:00,0.047
HH017,2026-09-01T15:30:00,0.5016
HH018,2026-09-01T15:30:00,0.4219
HH019,2026-09-01T15:30:00,0.4313
HH020,2026-09-01T15:30:00,0.1832
HH001,2026-09-01T15:45:00,0.4045
HH002,2026-09-01T15:45:00,0.0437
HH003,2026-09-01T15:45:00,0.0956
HH004,2026-09-01T15:45:00,0.4094
HH005,2026-09-01T15:45:00,0.4788
HH006,2026-09-01T15:45:00,0.4422
HH007,2026-09-01T15:45:00,0.3081
HH008,2026-09-01T15:45:00,0.0452
HH009,2026-09-01T15:45:00,0.303
HH010,2026-09-01T15:45:00,0.0417
HH011,2026-09-01T15:45:00,0.5186
HH012,2026-09-01T15:45:00,0.5355
HH013,2026-09-01T15:45:00,0.4545
HH014,2026-09-01T15:45:00,0.0831
HH015,2026-09-01T15:45:00,0.3753
HH016,2026-09-01T15:45:00,0.0884
HH017,2026-09-01T15:45:00,0.4682
HH018,2026-09-01T15:45:00,0.4472
HH019,2026-09-01T15:45:00,0.4131
HH020,2026-09-01T15:45:00,0.1816
HH001,2026-09-01T16:00:00,0.4038
HH002,2026-09-01T16:00:00,0.0867
HH003,2026-09-01T16:00:00,0.0794
HH004,2026-09-01T16:00:00,0.4158
HH005,2026-09-01T16:00:00,0.509
HH006,2026-09-01T16:00:00,0.3841
HH007,2026-09-01T16:00:00,0.312
HH008,2026-09-01T16:00:00,0.0887
HH009,2026-09-01T16:00:00,0.3066
HH010,2026-09-01T16:00:00,0.0473
HH011,2026-09-01T16:00:00,0.5101
HH012,2026-09-01T16:00:00,0.3963
HH013,2026-09-01T16:00:00,0.4245
HH014,2026-09-01T16:00:00,0.097
HH015,2026-09-01T16:00:00,0.4913
HH016,2026-09-01T16:00:00,0.048
HH017,2026-09-01T16:00:00,0.4234
HH018,2026-09-01T16:00:00,0.4538
HH019,2026-09-01T16:00:00,0.4701
HH020,2026-09-01T16:00:00,0.1677
HH001,2026-09-01T16:15:00,0.4355
HH002,2026-09-01T16:15:00,0.0376
HH003,2026-09-01T16:15:00,0.0899
HH004,2026-09-01T16:15:00,0.5088
HH005,2026-09-01T16:15:00,0.5011
HH006,2026-09-01T16:15:00,0.4285
HH007,2026-09-01T16:15:00,0.3188
HH008,2026-09-01T16:15:00,0.039
HH009,2026-09-01T16:15:00,0.1719
HH010,2026-09-01T16:15:00,0.0955
HH011,2026-09-01T16:15:00,0.5071
HH012,2026-09-01T16:15:00,0.4762
HH013,2026-09-01T16:15:00,0.5458
HH014,2026-09-01T16:15:00,0.0427
HH015,2026-09-01T16:15:00,0.4847
HH016,2026-09-01T16:15:00,0.1022
HH017,2026-09-01T16:15:00,0.4139
HH018,2026-09-01T16:15:00,0.4811
HH019,2026-09-01T16:15:00,0.4329
HH020,2026-09-01T16:15:00,0.1828
HH001,2026-09-01T16:30:00,0.5299
HH002,2026-09-01T16:30:00,0.0374
HH003,2026-09-01T16:30:00,0.0448
HH004,2026-09-01T16:30:00,0.4734
HH005,2026-09-01T16:30:00,0.4962
HH006,2026-09-01T16:30:00,0.4567
HH007,2026-09-01T16:30:00,0.3041
HH008,2026-09-01T16:30:00,0.0838
HH009,2026-09-01T16:30:00,0.1612
HH010,2026-09-01T16:30:00,0.0412
HH011,2026-09-01T16:30:00,0.4001
HH012,2026-09-01T16:30:00,0.396
HH013,2026-09-01T16:30:00,0.4834
HH014,2026-09-01T16:30:00,0.0942
HH015,2026-09-01T16:30:00,0.4542
HH016,2026-09-01T16:30:00,0.0886
HH017,2026-09-01T16:30:00,0.3722
HH018,2026-09-01T16:30:00,0.4497
HH019,2026-09-01T16:30:00,0.4687
HH020,2026-09-01T16:30:00,0.3143
HH001,2026-09-01T16:45:00,0.4805
HH002,2026-09-01T16:45:00,0.0457
HH003,2026-09-01T16:45:00,0.0861
HH004,2026-09-01T16:45:00,0.3588
HH005,2026-09-01T16:45:00,0.4861
HH006,2026-09-01T16:45:00,0.4705
HH007,2026-09-01T16:45:00,0.1726
HH008,2026-09-01T16:45:00,0.0377
HH009,2026-09-01T16:45:00,0.1748
HH010,2026-09-01T16:45:00,0.0405
HH011,2026-09-01T16:45:00,0.444
HH012,2026-09-01T16:45:00,0.4216
HH013,2026-09-01T16:45:00,0.4599
HH014,2026-09-01T16:45:00,0.0448
HH015,2026-09-01T16:45:00,0.3703
HH016,2026-09-01T16:45:00,0.0934
HH017,2026-09-01T16:45:00,0.4137
HH018,2026-09-01T16:45:00,0.3943
HH019,2026-09-01T16:45:00,0.5613
HH020,2026-09-01T16:45:00,0.1933
HH001,2026-09-01T17:00:00,0.5192
HH002,2026-09-01T17:00:00,0.0876
HH003,2026-09-01T17:00:00,0.0986
HH004,2026-09-01T17:00:00,0.5397
HH005,2026-09-01T17:00:00,0.4186
HH006,2026-09-01T17:00:00,0.4094
HH007,2026-09-01T17:00:00,0.3304
HH008,2026-09-01T17:00:00,0.0889
HH009,2026-09-01T17:00:00,0.3096
HH010,2026-09-01T17:00:00,0.0442
HH011,2026-09-01T17:00:00,0.5577
HH012,2026-09-01T17:00:00,0.4589
HH013,2026-09-01T17:00:00,0.4632
HH014,2026-09-01T17:00:00,0.099
HH015,2026-09-01T17:00:00,0.5078
HH016,2026-09-01T17:00:00,0.094
HH017,2026-09-01T17:00:00,0.3627
HH018,2026-09-01T17:00:00,0.4769
HH019,2026-09-01T17:00:00,0.4893
HH020,2026-09-01T17:00:00,0.336
HH001,2026-09-01T17:15:00,0.39
HH002,2026-09-01T17:15:00,0.0483
HH003,2026-09-01T17:15:00,0.0414
HH004,2026-09-01T17:15:00,0.4628
HH005,2026-09-01T17:15:00,0.4199
HH006,2026-09-01T17:15:00,0.5441
HH007,2026-09-01T17:15:00,0.2879
HH008,2026-09-01T17:15:00,0.0364
HH009,2026-09-01T17:15:00,0.1611
HH010,2026-09-01T17:15:00,0.0832
HH011,2026-09-01T17:15:00,0.5367
HH012,2026-09-01T17:15:00,0.4753
HH013,2026-09-01T17:15:00,0.4885
HH014,2026-09-01T17:15:00,0.0891
HH015,2026-09-01T17:15:00,0.5398
HH016,2026-09-01T17:15:00,0.0482
HH017,2026-09-01T17:15:00,0.4881
HH018,2026-09-01T17:15:00,0.4962
HH019,2026-09-01T17:15:00,0.5081
HH020,2026-09-01T17:15:00,0.1874
HH001,2026-09-01T17:30:00,0.398
HH002,2026-09-01T17:30:00,0.0986
HH003,2026-09-01T17:30:00,0.0373
HH004,2026-09-01T17:30:00,0.549
HH005,2026-09-01T17:30:00,0.478
HH006,2026-09-01T17:30:00,0.4365
HH007,2026-09-01T17:30:00,0.3195
HH008,2026-09-01T17:30:00,0.0831
HH009,2026-09-01T17:30:00,0.1694
HH010,2026-09-01T17:30:00,0.0364
HH011,2026-09-01T17:30:00,0.4352
HH012,2026-09-01T17:30:00,0.5332
HH013,2026-09-01T17:30:00,0.4375
HH014,2026-09-01T17:30:00,0.0903
HH015,2026-09-01T17:30:00,0.3966
HH016,2026-09-01T17:30:00,0.0374
HH017,2026-09-01T17:30:00,0.531
HH018,2026-09-01T17:30:00,0.4534
HH019,2026-09-01T17:30:00,0.4837
HH020,2026-09-01T17:30:00,0.3145
HH001,2026-09-01T17:45:00,0.4808
HH002,2026-09-01T17:45:00,0.0416
HH003,2026-09-01T17:45:00,0.307
HH004,2026-09-01T17:45:00,0.4858
HH005,2026-09-01T17:45:00,0.4385
HH006,2026-09-01T17:45:00,0.5139
HH007,2026-09-01T17:45:00,0.3317
HH008,2026-09-01T17:45:00,0.089
HH009,2026-09-01T17:45:00,0.1601
HH010,2026-09-01T17:45:00,0.038
HH011,2026-09-01T17:45:00,0.4764
HH012,2026-09-01T17:45:00,0.4674
HH013,2026-09-01T17:45:00,0.4914
HH014,2026-09-01T17:45:00,0.1002
HH015,2026-09-01T17:45:00,0.4922
HH016,2026-09-01T17:45:00,0.0894
HH017,2026-09-01T17:45:00,0.4929
HH018,2026-09-01T17:45:00,0.5406
HH019,2026-09-01T17:45:00,0.4974
HH020,2026-09-01T17:45:00,0.3125
HH001,2026-09-01T18:00:00,1.0961
HH002,2026-09-01T18:00:00,0.3091
HH003,2026-09-01T18:00:00,0.3238
HH004,2026-09-01T18:00:00,0.4942
HH005,2026-09-01T18:00:00,0.8328
HH006,2026-09-01T18:00:00,0.512
HH007,2026-09-01T18:00:00,0.2577
HH008,2026-09-01T18:00:00,0.3149
HH009,2026-09-01T18:00:00,0.7444
HH010,2026-09-01T18:00:00,0.3059
HH011,2026-09-01T18:00:00,0.5188
HH012,2026-09-01T18:00:00,0.605
HH013,2026-09-01T18:00:00,0.5039
HH014,2026-09-01T18:00:00,0.0608
HH015,2026-09-01T18:00:00,0.577
HH016,2026-09-01T18:00:00,0.1116
HH017,2026-09-01T18:00:00,0.5241
HH018,2026-09-01T18:00:00,0.5168
HH019,2026-09-01T18:00:00,0.4003
HH020,2026-09-01T18:00:00,0.4262
HH001,2026-09-01T18:15:00,0.4793
HH002,2026-09-01T18:15:00,0.4079
HH003,2026-09-01T18:15:00,0.3557
HH004,2026-09-01T18:15:00,0.4574
HH005,2026-09-01T18:15:00,1.0236
HH006,2026-09-01T18:15:00,0.5476
HH007,2026-09-01T18:15:00,0.2721
HH008,2026-09-01T18:15:00,0.3165
HH009,2026-09-01T18:15:00,0.384
HH010,2026-09-01T18:15:00,0.3665
HH011,2026-09-01T18:15:00,0.453
HH012,2026-09-01T18:15:00,0.5779
HH013,2026-09-01T18:15:00,0.9175
HH014,2026-09-01T18:15:00,0.1073
HH015,2026-09-01T18:15:00,0.5121
HH016,2026-09-01T18:15:00,0.0654
HH017,2026-09-01T18:15:00,0.5242
HH018,2026-09-01T18:15:00,0.5129
HH019,2026-09-01T18:15:00,0.6048
HH020,2026-09-01T18:15:00,0.2554
HH001,2026-09-01T18:30:00,1.6095
HH002,2026-09-01T18:30:00,0.8472
HH003,2026-09-01T18:30:00,0.4037
HH004,2026-09-01T18:30:00,0.7624
HH005,2026-09-01T18:30:00,1.5379
HH006,2026-09-01T18:30:00,0.6408
HH007,2026-09-01T18:30:00,0.6337
HH008,2026-09-01T18:30:00,0.5301
HH009,2026-09-01T18:30:00,1.3044
HH010,2026-09-01T18:30:00,0.5235
HH011,2026-09-01T18:30:00,1.0305
HH012,2026-09-01T18:30:00,1.1612
HH013,2026-09-01T18:30:00,1.2276
HH014,2026-09-01T18:30:00,0.4429
HH015,2026-09-01T18:30:00,0.7757
HH016,2026-09-01T18:30:00,0.4102
HH017,2026-09-01T18:30:00,0.6766
HH018,2026-09-01T18:30:00,0.7662
HH019,2026-09-01T18:30:00,0.7094
HH020,2026-09-01T18:30:00,0.5418
HH001,2026-09-01T18:45:00,1.3429
HH002,2026-09-01T18:45:00,0.3895
HH003,2026-09-01T18:45:00,0.7058
HH004,2026-09-01T18:45:00,0.675
HH005,2026-09-01T18:45:00,0.8841
HH006,2026-09-01T18:45:00,0.7097
HH007,2026-09-01T18:45:00,0.5514
HH008,2026-09-01T18:45:00,0.4793
HH009,2026-09-01T18:45:00,0.8196
HH010,2026-09-01T18:45:00,0.3008
HH011,2026-09-01T18:45:00,0.9661
HH012,2026-09-01T18:45:00,1.1351
HH013,2026-09-01T18:45:00,1.1764
HH014,2026-09-01T18:45:00,0.4749
HH015,2026-09-01T18:45:00,0.7701
HH016,2026-09-01T18:45:00,0.3781
HH017,2026-09-01T18:45:00,0.7111
HH018,2026-09-01T18:45:00,1.2715
HH019,2026-09-01T18:45:00,0.5753
HH020,2026-09-01T18:45:00,0.3707
HH001,2026-09-01T19:00:00,1.112
HH002,2026-09-01T19:00:00,0.0936
HH003,2026-09-01T19:00:00,0.8007
HH004,2026-09-01T19:00:00,1.7346
HH005,2026-09-01T19:00:00,0.8417
HH006,2026-09-01T19:00:00,1.1472
HH007,2026-09-01T19:00:00,0.6522
HH008,2026-09-01T19:00:00,0.1557
HH009,2026-09-01T19:00:00,1.2599
HH010,2026-09-01T19:00:00,0.4296
HH011,2026-09-01T19:00:00,0.6923
HH012,2026-09-01T19:00:00,1.0789
HH013,2026-09-01T19:00:00,1.7015
HH014,2026-09-01T19:00:00,0.8269
HH015,2026-09-01T19:00:00,1.3369
HH016,2026-09-01T19:00:00,0.1472
HH017,2026-09-01T19:00:00,1.2934
HH018,2026-09-01T19:00:00,1.5727
HH019,2026-09-01T19:00:00,0.8467
HH020,2026-09-01T19:00:00,0.8761
HH001,2026-09-01T19:15:00,1.4535
HH002,2026-09-01T19:15:00,0.0911
HH003,2026-09-01T19:15:00,0.3927
HH004,2026-09-01T19:15:00,1.7248
HH005,2026-09-01T19:15:00,1.0566
HH006,2026-09-01T19:15:00,0.7136
HH007,2026-09-01T19:15:00,0.6646
HH008,2026-09-01T19:15:00,0.149
HH009,2026-09-01T19:15:00,1.2897
HH010,2026-09-01T19:15:00,0.3565
HH011,2026-09-01T19:15:00,1.1924
HH012,2026-09-01T19:15:00,1.0111
HH013,2026-09-01T19:15:00,1.8741
HH014,2026-09-01T19:15:00,0.768
HH015,2026-09-01T19:15:00,1.4067
HH016,2026-09-01T19:15:00,0.1476
HH017,2026-09-01T19:15:00,1.4009
HH018,2026-09-01T19:15:00,1.4162
HH019,2026-09-01T19:15:00,1.0085
HH020,2026-09-01T19:15:00,0.8724
HH001,2026-09-01T19:30:00,1.0486
HH002,2026-09-01T19:30:00,0.13
HH003,2026-09-01T19:30:00,0.3949
HH004,2026-09-01T19:30:00,1.0404
HH005,2026-09-01T19:30:00,0.6576
HH006,2026-09-01T19:30:00,1.3908
HH007,2026-09-01T19:30:00,0.627
HH008,2026-09-01T19:30:00,0.6326
HH009,2026-09-01T19:30:00,0.6217
HH010,2026-09-01T19:30:00,0.3915
HH011,2026-09-01T19:30:00,0.8861
HH012,2026-09-01T19:30:00,1.0328
HH013,2026-09-01T19:30:00,0.6935
HH014,2026-09-01T19:30:00,0.1916
HH015,2026-09-01T19:30:00,0.7879
HH016,2026-09-01T19:30:00,0.2037
HH017,2026-09-01T19:30:00,0.6993
HH018,2026-09-01T19:30:00,1.2709
HH019,2026-09-01T19:30:00,0.9296
HH020,2026-09-01T19:30:00,1.1497
HH001,2026-09-01T19:45:00,0.7904
HH002,2026-09-01T19:45:00,0.1285
HH003,2026-09-01T19:45:00,0.344
HH004,2026-09-01T19:45:00,1.7043
HH005,2026-09-01T19:45:00,0.7242
HH006,2026-09-01T19:45:00,1.3963
HH007,2026-09-01T19:45:00,0.6287
HH008,2026-09-01T19:45:00,0.6552
HH009,2026-09-01T19:45:00,0.6399
HH010,2026-09-01T19:45:00,0.3721
HH011,2026-09-01T19:45:00,0.8335
HH012,2026-09-01T19:45:00,0.8929
HH013,2026-09-01T19:45:00,1.0785
HH014,2026-09-01T19:45:00,0.2058
HH015,2026-09-01T19:45:00,0.6913
HH016,2026-09-01T19:45:00,0.1344
HH017,2026-09-01T19:45:00,1.2536
HH018,2026-09-01T19:45:00,0.6555
HH019,2026-09-01T19:45:00,1.0611
HH020,2026-09-01T19:45:00,0.909
HH001,2026-09-01T20:00:00,0.7864
HH002,2026-09-01T20:00:00,0.1175
HH003,2026-09-01T20:00:00,0.4576
HH004,2026-09-01T20:00:00,1.0316
HH005,2026-09-01T20:00:00,0.7123
HH006,2026-09-01T20:00:00,1.2609
HH007,2026-09-01T20:00:00,0.5935
HH008,2026-09-01T20:00:00,0.6355
HH009,2026-09-01T20:00:00,0.727
HH010,2026-09-01T20:00:00,0.4202
HH011,2026-09-01T20:00:00,0.6267
HH012,2026-09-01T20:00:00,0.8726
HH013,2026-09-01T20:00:00,0.6765
HH014,2026-09-01T20:00:00,0.1311
HH015,2026-09-01T20:00:00,0.635
HH016,2026-09-01T20:00:00,0.1212
HH017,2026-09-01T20:00:00,0.8726
HH018,2026-09-01T20:00:00,0.7932
HH019,2026-09-01T20:00:00,1.054
HH020,2026-09-01T20:00:00,0.8728
HH001,2026-09-01T20:15:00,0.727
HH002,2026-09-01T20:15:00,0.1362
HH003,2026-09-01T20:15:00,0.3898
HH004,2026-09-01T20:15:00,0.8857
HH005,2026-09-01T20:15:00,0.7465
HH006,2026-09-01T20:15:00,1.1659
HH007,2026-09-01T20:15:00,0.6582
HH008,2026-09-01T20:15:00,0.6962
HH009,2026-09-01T20:15:00,0.8303
HH010,2026-09-01T20:15:00,0.4403
HH011,2026-09-01T20:15:00,0.6763
HH012,2026-09-01T20:15:00,0.933
HH013,2026-09-01T20:15:00,0.871
HH014,2026-09-01T20:15:00,0.1245
HH015,2026-09-01T20:15:00,0.7488
HH016,2026-09-01T20:15:00,0.132
HH017,2026-09-01T20:15:00,0.7662
HH018,2026-09-01T20:15:00,0.6932
HH019,2026-09-01T20:15:00,1.0893
HH020,2026-09-01T20:15:00,0.898
HH001,2026-09-01T20:30:00,0.7349
HH002,2026-09-01T20:30:00,0.1869
HH003,2026-09-01T20:30:00,0.468
HH004,2026-09-01T20:30:00,0.9654
HH005,2026-09-01T20:30:00,0.7023
HH006,2026-09-01T20:30:00,1.3633
HH007,2026-09-01T20:30:00,0.802
HH008,2026-09-01T20:30:00,0.7073
HH009,2026-09-01T20:30:00,0.7949
HH010,2026-09-01T20:30:00,0.4229
HH011,2026-09-01T20:30:00,0.7556
HH012,2026-09-01T20:30:00,1.0768
HH013,2026-09-01T20:30:00,0.8473
HH014,2026-09-01T20:30:00,0.1856
HH015,2026-09-01T20:30:00,0.8146
HH016,2026-09-01T20:30:00,0.1459
HH017,2026-09-01T20:30:00,0.7645
HH018,2026-09-01T20:30:00,0.8605
HH019,2026-09-01T20:30:00,1.1443
HH020,2026-09-01T20:30:00,0.9459
HH001,2026-09-01T20:45:00,0.8024
HH002,2026-09-01T20:45:00,0.1348
HH003,2026-09-01T20:45:00,0.3763
HH004,2026-09-01T20:45:00,0.9351
HH005,2026-09-01T20:45:00,0.7732
HH006,2026-09-01T20:45:00,1.3428
HH007,2026-09-01T20:45:00,0.6771
HH008,2026-09-01T20:45:00,0.6497
HH009,2026-09-01T20:45:00,0.8093
HH010,2026-09-01T20:45:00,0.4101
HH011,2026-09-01T20:45:00,0.7216
HH012,2026-09-01T20:45:00,0.9405
HH013,2026-09-01T20:45:00,0.9083
HH014,2026-09-01T20:45:00,0.128
HH015,2026-09-01T20:45:00,0.7206
HH016,2026-09-01T20:45:00,0.1335
HH017,2026-09-01T20:45:00,0.9082
HH018,2026-09-01T20:45:00,0.7424
HH019,2026-09-01T20:45:00,0.8729
HH020,2026-09-01T20:45:00,1.1109
HH001,2026-09-01T21:00:00,0.6456
HH002,2026-09-01T21:00:00,0.199
HH003,2026-09-01T21:00:00,0.1442
HH004,2026-09-01T21:00:00,0.8228
HH005,2026-09-01T21:00:00,0.661
HH006,2026-09-01T21:00:00,1.0736
HH007,2026-09-01T21:00:00,0.5696
HH008,2026-09-01T21:00:00,0.7224
HH009,2026-09-01T21:00:00,0.3778
HH010,2026-09-01T21:00:00,0.1881
HH011,2026-09-01T21:00:00,0.7881
HH012,2026-09-01T21:00:00,0.8696
HH013,2026-09-01T21:00:00,0.791
HH014,2026-09-01T21:00:00,0.1362
HH015,2026-09-01T21:00:00,0.7772
HH016,2026-09-01T21:00:00,0.126
HH017,2026-09-01T21:00:00,0.6474
HH018,2026-09-01T21:00:00,0.8127
HH019,2026-09-01T21:00:00,0.7199
HH020,2026-09-01T21:00:00,0.924
HH001,2026-09-01T21:15:00,0.7613
HH002,2026-09-01T21:15:00,0.1916
HH003,2026-09-01T21:15:00,0.1321
HH004,2026-09-01T21:15:00,0.7199
HH005,2026-09-01T21:15:00,0.8293
HH006,2026-09-01T21:15:00,1.2637
HH007,2026-09-01T21:15:00,0.3873
HH008,2026-09-01T21:15:00,0.7603
HH009,2026-09-01T21:15:00,0.6417
HH010,2026-09-01T21:15:00,0.1213
HH011,2026-09-01T21:15:00,0.7355
HH012,2026-09-01T21:15:00,0.8656
HH013,2026-09-01T21:15:00,0.7733
HH014,2026-09-01T21:15:00,0.1315
HH015,2026-09-01T21:15:00,0.8841
HH016,2026-09-01T21:15:00,0.14
HH017,2026-09-01T21:15:00,0.6528
HH018,2026-09-01T21:15:00,0.7861
HH019,2026-09-01T21:15:00,0.8912
HH020,2026-09-01T21:15:00,1.0964
HH001,2026-09-01T21:30:00,0.7184
HH002,2026-09-01T21:30:00,0.1293
HH003,2026-09-01T21:30:00,0.1942
HH004,2026-09-01T21:30:00,0.8512
HH005,2026-09-01T21:30:00,0.8104
HH006,2026-09-01T21:30:00,1.3767
HH007,2026-09-01T21:30:00,0.385
HH008,2026-09-01T21:30:00,0.6389
HH009,2026-09-01T21:30:00,0.34
HH010,2026-09-01T21:30:00,0.1856
HH011,2026-09-01T21:30:00,0.741
HH012,2026-09-01T21:30:00,0.6677
HH013,2026-09-01T21:30:00,0.7126
HH014,2026-09-01T21:30:00,0.2046
HH015,2026-09-01T21:30:00,0.6073
HH016,2026-09-01T21:30:00,0.1217
HH017,2026-09-01T21:30:00,0.7565
HH018,2026-09-01T21:30:00,0.7246
HH019,2026-09-01T21:30:00,0.6363
HH020,2026-09-01T21:30:00,1.0522
HH001,2026-09-01T21:45:00,0.767
HH002,2026-09-01T21:45:00,0.1259
HH003,2026-09-01T21:45:00,0.2021
HH004,2026-09-01T21:45:00,0.7699
HH005,2026-09-01T21:45:00,0.7184
HH006,2026-09-01T21:45:00,1.1116
HH007,2026-09-01T21:45:00,0.3638
HH008,2026-09-01T21:45:00,0.6574
HH009,2026-09-01T21:45:00,0.5785
HH010,2026-09-01T21:45:00,0.1427
HH011,2026-09-01T21:45:00,0.7129
HH012,2026-09-01T21:45:00,0.7496
HH013,2026-09-01T21:45:00,0.6485
HH014,2026-09-01T21:45:00,0.1902
HH015,2026-09-01T21:45:00,0.8039
HH016,2026-09-01T21:45:00,0.1272
HH017,2026-09-01T21:45:00,0.6312
HH018,2026-09-01T21:45:00,0.915
HH019,2026-09-01T21:45:00,0.7211
HH020,2026-09-01T21:45:00,0.8774
HH001,2026-09-01T22:00:00,0.7615
HH002,2026-09-01T22:00:00,0.1277
HH003,2026-09-01T22:00:00,0.2094
HH004,2026-09-01T22:00:00,0.6973
HH005,2026-09-01T22:00:00,0.715
HH006,2026-09-01T22:00:00,1.4794
HH007,2026-09-01T22:00:00,0.4635
HH008,2026-09-01T22:00:00,0.6721
HH009,2026-09-01T22:00:00,0.2638
HH010,2026-09-01T22:00:00,0.1405
HH011,2026-09-01T22:00:00,0.7558
HH012,2026-09-01T22:00:00,0.7955
HH013,2026-09-01T22:00:00,0.7178
HH014,2026-09-01T22:00:00,0.1241
HH015,2026-09-01T22:00:00,0.8547
HH016,2026-09-01T22:00:00,0.1963
HH017,2026-09-01T22:00:00,0.7777
HH018,2026-09-01T22:00:00,0.7482
HH019,2026-09-01T22:00:00,0.7075
HH020,2026-09-01T22:00:00,0.9189
HH001,2026-09-01T22:15:00,0.5497
HH002,2026-09-01T22:15:00,0.0958
HH003,2026-09-01T22:15:00,0.1452
HH004,2026-09-01T22:15:00,0.5586
HH005,2026-09-01T22:15:00,0.6163
HH006,2026-09-01T22:15:00,0.9328
HH007,2026-09-01T22:15:00,0.2008
HH008,2026-09-01T22:15:00,0.5393
HH009,2026-09-01T22:15:00,0.2087
HH010,2026-09-01T22:15:00,0.1595
HH011,2026-09-01T22:15:00,0.5915
HH012,2026-09-01T22:15:00,0.4644
HH013,2026-09-01T22:15:00,0.572
HH014,2026-09-01T22:15:00,0.0923
HH015,2026-09-01T22:15:00,0.486
HH016,2026-09-01T22:15:00,0.1012
HH017,2026-09-01T22:15:00,0.6006
HH018,2026-09-01T22:15:00,0.5722
HH019,2026-09-01T22:15:00,0.5255
HH020,2026-09-01T22:15:00,0.7333
HH001,2026-09-01T22:30:00,0.5307
HH002,2026-09-01T22:30:00,0.1189
HH003,2026-09-01T22:30:00,0.0656
HH004,2026-09-01T22:30:00,0.6279
HH005,2026-09-01T22:30:00,0.538
HH006,2026-09-01T22:30:00,0.5188
HH007,2026-09-01T22:30:00,0.1877
HH008,2026-09-01T22:30:00,0.0679
HH009,2026-09-01T22:30:00,0.1928
HH010,2026-09-01T22:30:00,0.0625
HH011,2026-09-01T22:30:00,0.5339
HH012,2026-09-01T22:30:00,0.592
HH013,2026-09-01T22:30:00,0.6029
HH014,2026-09-01T22:30:00,0.1112
HH015,2026-09-01T22:30:00,0.6201
HH016,2026-09-01T22:30:00,0.1266
HH017,2026-09-01T22:30:00,0.6567
HH018,2026-09-01T22:30:00,0.5271
HH019,2026-09-01T22:30:00,0.4747
HH020,2026-09-01T22:30:00,0.1881
HH001,2026-09-01T22:45:00,0.5251
HH002,2026-09-01T22:45:00,0.1125
HH003,2026-09-01T22:45:00,0.0639
HH004,2026-09-01T22:45:00,0.5486
HH005,2026-09-01T22:45:00,0.617
HH006,2026-09-01T22:45:00,0.5748
HH007,2026-09-01T22:45:00,0.3206
HH008,2026-09-01T22:45:00,0.0771
HH009,2026-09-01T22:45:00,0.2045
HH010,2026-09-01T22:45:00,0.1302
HH011,2026-09-01T22:45:00,0.4991
HH012,2026-09-01T22:45:00,0.4963
HH013,2026-09-01T22:45:00,0.6283
HH014,2026-09-01T22:45:00,0.0768
HH015,2026-09-01T22:45:00,0.6333
HH016,2026-09-01T22:45:00,0.1181
HH017,2026-09-01T22:45:00,0.644
HH018,2026-09-01T22:45:00,0.6165
HH019,2026-09-01T22:45:00,0.6157
HH020,2026-09-01T22:45:00,0.2004
HH001,2026-09-01T23:00:00,0.5301
HH002,2026-09-01T23:00:00,0.0691
HH003,2026-09-01T23:00:00,0.0716
HH004,2026-09-01T23:00:00,0.4236
HH005,2026-09-01T23:00:00,0.4547
HH006,2026-09-01T23:00:00,0.4451
HH007,2026-09-01T23:00:00,0.2002
HH008,2026-09-01T23:00:00,0.0599
HH009,2026-09-01T23:00:00,0.34
HH010,2026-09-01T23:00:00,0.1079
HH011,2026-09-01T23:00:00,0.4784
HH012,2026-09-01T23:00:00,0.4981
HH013,2026-09-01T23:00:00,0.4794
HH014,2026-09-01T23:00:00,0.0649
HH015,2026-09-01T23:00:00,0.4577
HH016,2026-09-01T23:00:00,0.0681
HH017,2026-09-01T23:00:00,0.5815
HH018,2026-09-01T23:00:00,0.5285
HH019,2026-09-01T23:00:00,0.4266
HH020,2026-09-01T23:00:00,0.3204
HH001,2026-09-01T23:15:00,0.2161
HH002,2026-09-01T23:15:00,0.0666
HH003,2026-09-01T23:15:00,0.0734
HH004,2026-09-01T23:15:00,0.2008
HH005,2026-09-01T23:15:00,0.2075
HH006,2026-09-01T23:15:00,0.2176
HH007,2026-09-01T23:15:00,0.3593
HH008,2026-09-01T23:15:00,0.1156
HH009,2026-09-01T23:15:00,0.3388
HH010,2026-09-01T23:15:00,0.07
HH011,2026-09-01T23:15:00,0.1378
HH012,2026-09-01T23:15:00,0.2071
HH013,2026-09-01T23:15:00,0.2172
HH014,2026-09-01T23:15:00,0.1193
HH015,2026-09-01T23:15:00,0.1543
HH016,2026-09-01T23:15:00,0.061
HH017,2026-09-01T23:15:00,0.2192
HH018,2026-09-01T23:15:00,0.2037
HH019,2026-09-01T23:15:00,0.223
HH020,2026-09-01T23:15:00,0.365
HH001,2026-09-01T23:30:00,0.2264
HH002,2026-09-01T23:30:00,0.1115
HH003,2026-09-01T23:30:00,0.1066
HH004,2026-09-01T23:30:00,0.2171
HH005,2026-09-01T23:30:00,0.2149
HH006,2026-09-01T23:30:00,0.1547
HH007,2026-09-01T23:30:00,0.3287
HH008,2026-09-01T23:30:00,0.1172
HH009,2026-09-01T23:30:00,0.3562
HH010,2026-09-01T23:30:00,0.1096
HH011,2026-09-01T23:30:00,0.2232
HH012,2026-09-01T23:30:00,0.1254
HH013,2026-09-01T23:30:00,0.2077
HH014,2026-09-01T23:30:00,0.0649
HH015,2026-09-01T23:30:00,0.1407
HH016,2026-09-01T23:30:00,0.1146
HH017,2026-09-01T23:30:00,0.1444
HH018,2026-09-01T23:30:00,0.1989
HH019,2026-09-01T23:30:00,0.2289
HH020,2026-09-01T23:30:00,0.3341
HH001,2026-09-01T23:45:00,0.1732
HH002,2026-09-01T23:45:00,0.0845
HH003,2026-09-01T23:45:00,0.0437
HH004,2026-09-01T23:45:00,0.1024
HH005,2026-09-01T23:45:00,0.1515
HH006,2026-09-01T23:45:00,0.0994
HH007,2026-09-01T23:45:00,0.1051
HH008,2026-09-01T23:45:00,0.0368
HH009,2026-09-01T23:45:00,0.0951
HH010,2026-09-01T23:45:00,0.0436
HH011,2026-09-01T23:45:00,0.0802
HH012,2026-09-01T23:45:00,0.1482
HH013,2026-09-01T23:45:00,0.0901
HH014,2026-09-01T23:45:00,0.046
HH015,2026-09-01T23:45:00,0.0905
HH016,2026-09-01T23:45:00,0.0806
HH017,2026-09-01T23:45:00,0.1042
HH018,2026-09-01T23:45:00,0.0932
HH019,2026-09-01T23:45:00,0.0866
HH020,2026-09-01T23:45:00,0.1063
HH001,2026-09-02T00:00:00,0.0999
HH002,2026-09-02T00:00:00,0.048
HH003,2026-09-02T00:00:00,0.1039
HH004,2026-09-02T00:00:00,0.1001
HH005,2026-09-02T00:00:00,0.1703
HH006,2026-09-02T00:00:00,0.1057
HH007,2026-09-02T00:00:00,0.2569
HH008,2026-09-02T00:00:00,0.1033
HH009,2026-09-02T00:00:00,0.1007
HH010,2026-09-02T00:00:00,0.0917
HH011,2026-09-02T00:00:00,0.1016
HH012,2026-09-02T00:00:00,0.1
HH013,2026-09-02T00:00:00,0.1707
HH014,2026-09-02T00:00:00,0.0994
HH015,2026-09-02T00:00:00,0.0876
HH016,2026-09-02T00:00:00,0.0898
HH017,2026-09-02T00:00:00,0.0863
HH018,2026-09-02T00:00:00,0.1035
HH019,2026-09-02T00:00:00,0.1027
HH020,2026-09-02T00:00:00,0.1084
HH001,2026-09-02T00:15:00,0.0937
HH002,2026-09-02T00:15:00,0.0437
HH003,2026-09-02T00:15:00,0.0861
HH004,2026-09-02T00:15:00,0.163
HH005,2026-09-02T00:15:00,0.0862
HH006,2026-09-02T00:15:00,0.1072
HH007,2026-09-02T00:15:00,0.0978
HH008,2026-09-02T00:15:00,0.0402
HH009,2026-09-02T00:15:00,0.1155
HH010,2026-09-02T00:15:00,0.0402
HH011,2026-09-02T00:15:00,0.1528
HH012,2026-09-02T00:15:00,0.0956
HH013,2026-09-02T00:15:00,0.1832
HH014,2026-09-02T00:15:00,0.0418
HH015,2026-09-02T00:15:00,0.1894
HH016,2026-09-02T00:15:00,0.0384
HH017,2026-09-02T00:15:00,0.177
HH018,2026-09-02T00:15:00,0.0874
HH019,2026-09-02T00:15:00,0.0981
HH020,2026-09-02T00:15:00,0.2556
HH001,2026-09-02T00:30:00,0.1757
HH002,2026-09-02T00:30:00,0.0802
HH003,2026-09-02T00:30:00,0.0415
HH004,2026-09-02T00:30:00,0.0955
HH005,2026-09-02T00:30:00,0.1029
HH006,2026-09-02T00:30:00,0.1012
HH007,2026-09-02T00:30:00,0.2703
HH008,2026-09-02T00:30:00,0.0411
HH009,2026-09-02T00:30:00,0.0975
HH010,2026-09-02T00:30:00,0.0959
HH011,2026-09-02T00:30:00,0.1017
HH012,2026-09-02T00:30:00,0.1064
HH013,2026-09-02T00:30:00,0.1025
HH014,2026-09-02T00:30:00,0.04
HH015,2026-09-02T00:30:00,0.1621
HH016,2026-09-02T00:30:00,0.0937
HH017,2026-09-02T00:30:00,0.0948
HH018,2026-09-02T00:30:00,0.0817
HH019,2026-09-02T00:30:00,0.0843
HH020,2026-09-02T00:30:00,0.253
HH001,2026-09-02T00:45:00,0.1655
HH002,2026-09-02T00:45:00,0.0925
HH003,2026-09-02T00:45:00,0.0922
HH004,2026-09-02T00:45:00,0.1588
HH005,2026-09-02T00:45:00,0.1843
HH006,2026-09-02T00:45:00,0.1707
HH007,2026-09-02T00:45:00,0.2517
HH008,2026-09-02T00:45:00,0.05
HH009,2026-09-02T00:45:00,0.0907
HH010,2026-09-02T00:45:00,0.0921
HH011,2026-09-02T00:45:00,0.1547
HH012,2026-09-02T00:45:00,0.1636
HH013,2026-09-02T00:45:00,0.0891
HH014,2026-09-02T00:45:00,0.0443
HH015,2026-09-02T00:45:00,0.1474
HH016,2026-09-02T00:45:00,0.0443
HH017,2026-09-02T00:45:00,0.1763
HH018,2026-09-02T00:45:00,0.0826
HH019,2026-09-02T00:45:00,0.1042
HH020,2026-09-02T00:45:00,0.2488
HH001,2026-09-02T01:00:00,0.0867
HH002,2026-09-02T01:00:00,0.0481
HH003,2026-09-02T01:00:00,0.0407
HH004,2026-09-02T01:00:00,0.1768
HH005,2026-09-02T01:00:00,0.1661
HH006,2026-09-02T01:00:00,0.1598
HH007,2026-09-02T01:00:00,0.2384
HH008,2026-09-02T01:00:00,0.0857
HH009,2026-09-02T01:00:00,0.1015
HH010,2026-09-02T01:00:00,0.0817
HH011,2026-09-02T01:00:00,0.1823
HH012,2026-09-02T01:00:00,0.1421
HH013,2026-09-02T01:00:00,0.1733
HH014,2026-09-02T01:00:00,0.048
HH015,2026-09-02T01:00:00,0.1055
HH016,2026-09-02T01:00:00,0.0852
HH017,2026-09-02T01:00:00,0.0939
HH018,2026-09-02T01:00:00,0.0871
HH019,2026-09-02T01:00:00,0.0979
HH020,2026-09-02T01:00:00,0.2643
HH001,2026-09-02T01:15:00,0.0954
HH002,2026-09-02T01:15:00,0.0498
HH003,2026-09-02T01:15:00,0.045
HH004,2026-09-02T01:15:00,0.1485
HH005,2026-09-02T01:15:00,0.1595
HH006,2026-09-02T01:15:00,0.0875
HH007,2026-09-02T01:15:00,0.1092
HH008,2026-09-02T01:15:00,0.0941
HH009,2026-09-02T01:15:00,0.1122
HH010,2026-09-02T01:15:00,0.0953
HH011,2026-09-02T01:15:00,0.0845
HH012,2026-09-02T01:15:00,0.1793
HH013,2026-09-02T01:15:00,0.0965
HH014,2026-09-02T01:15:00,0.051
HH015,2026-09-02T01:15:00,0.0907
HH016,2026-09-02T01:15:00,0.0465
HH017,2026-09-02T01:15:00,0.1488
HH018,2026-09-02T01:15:00,0.1625
HH019,2026-09-02T01:15:00,0.0848
HH020,2026-09-02T01:15:00,0.1207
HH001,2026-09-02T01:30:00,0.1017
HH002,2026-09-02T01:30:00,0.0434
HH003,2026-09-02T01:30:00,0.0481
HH004,2026-09-02T01:30:00,0.0943
HH005,2026-09-02T01:30:00,0.108
HH006,2026-09-02T01:30:00,0.1797
HH007,2026-09-02T01:30:00,0.2522
HH008,2026-09-02T01:30:00,0.0398
HH009,2026-09-02T01:30:00,0.0952
HH010,2026-09-02T01:30:00,0.0917
HH011,2026-09-02T01:30:00,0.0986
HH012,2026-09-02T01:30:00,0.1022
HH013,2026-09-02T01:30:00,0.1601
HH014,2026-09-02T01:30:00,0.0421
HH015,2026-09-02T01:30:00,0.1543
HH016,2026-09-02T01:30:00,0.0476
HH017,2026-09-02T01:30:00,0.1638
HH018,2026-09-02T01:30:00,0.1028
HH019,2026-09-02T01:30:00,0.0774
HH020,2026-09-02T01:30:00,0.1034
HH001,2026-09-02T01:45:00,0.0876
HH002,2026-09-02T01:45:00,0.0485
HH003,2026-09-02T01:45:00,0.0892
HH004,2026-09-02T01:45:00,0.1838
HH005,2026-09-02T01:45:00,0.1665
HH006,2026-09-02T01:45:00,0.1522
HH007,2026-09-02T01:45:00,0.1015
HH008,2026-09-02T01:45:00,0.0415
HH009,2026-09-02T01:45:00,0.1033
HH010,2026-09-02T01:45:00,0.0906
HH011,2026-09-02T01:45:00,0.1617
HH012,2026-09-02T01:45:00,0.0891
HH013,2026-09-02T01:45:00,0.0878
HH014,2026-09-02T01:45:00,0.093
HH015,2026-09-02T01:45:00,0.1803
HH016,2026-09-02T01:45:00,0.0981
HH017,2026-09-02T01:45:00,0.1717
HH018,2026-09-02T01:45:00,0.1662
HH019,2026-09-02T01:45:00,0.1044
HH020,2026-09-02T01:45:00,0.095
HH001,2026-09-02T02:00:00,0.1553
HH002,2026-09-02T02:00:00,0.0508
HH003,2026-09-02T02:00:00,0.0449
HH004,2026-09-02T02:00:00,0.1725
HH005,2026-09-02T02:00:00,0.164
HH006,2026-09-02T02:00:00,0.0901
HH007,2026-09-02T02:00:00,0.2587
HH008,2026-09-02T02:00:00,0.0889
HH009,2026-09-02T02:00:00,0.1115
HH010,2026-09-02T02:00:00,0.0472
HH011,2026-09-02T02:00:00,0.0955
HH012,2026-09-02T02:00:00,0.1861
HH013,2026-09-02T02:00:00,0.1553
HH014,2026-09-02T02:00:00,0.0507
HH015,2026-09-02T02:00:00,0.1124
HH016,2026-09-02T02:00:00,0.0392
HH017,2026-09-02T02:00:00,0.0779
HH018,2026-09-02T02:00:00,0.0918
HH019,2026-09-02T02:00:00,0.0971
HH020,2026-09-02T02:00:00,0.1048
HH001,2026-09-02T02:15:00,0.1809
HH002,2026-09-02T02:15:00,0.0437
HH003,2026-09-02T02:15:00,0.0447
HH004,2026-09-02T02:15:00,0.0974
HH005,2026-09-02T02:15:00,0.1608
HH006,2026-09-02T02:15:00,0.1037
HH007,2026-09-02T02:15:00,0.1139
HH008,2026-09-02T02:15:00,0.0818
HH009,2026-09-02T02:15:00,0.2343
HH010,2026-09-02T02:15:00,0.043
HH011,2026-09-02T02:15:00,0.0868
HH012,2026-09-02T02:15:00,0.1074
HH013,2026-09-02T02:15:00,0.0942
HH014,2026-09-02T02:15:00,0.0516
HH015,2026-09-02T02:15:00,0.0914
HH016,2026-09-02T02:15:00,0.0974
HH017,2026-09-02T02:15:00,0.1631
HH018,2026-09-02T02:15:00,0.0962
HH019,2026-09-02T02:15:00,0.0991
HH020,2026-09-02T02:15:00,0.1007
HH001,2026-09-02T02:30:00,0.1431
HH002,2026-09-02T02:30:00,0.0416
HH003,2026-09-02T02:30:00,0.0439
HH004,2026-09-02T02:30:00,0.1543
HH005,2026-09-02T02:30:00,0.1753
HH006,2026-09-02T02:30:00,0.0895
HH007,2026-09-02T02:30:00,0.1137
HH008,2026-09-02T02:30:00,0.0913
HH009,2026-09-02T02:30:00,0.2621
HH010,2026-09-02T02:30:00,0.0423
HH011,2026-09-02T02:30:00,0.1002
HH012,2026-09-02T02:30:00,0.1017
HH013,2026-09-02T02:30:00,0.0948
HH014,2026-09-02T02:30:00,0.0404
HH015,2026-09-02T02:30:00,0.1742
HH016,2026-09-02T02:30:00,0.0965
HH017,2026-09-02T02:30:00,0.1644
HH018,2026-09-02T02:30:00,0.1748
HH019,2026-09-02T02:30:00,0.1707
HH020,2026-09-02T02:30:00,0.238
HH001,2026-09-02T02:45:00,0.1128
HH002,2026-09-02T02:45:00,0.089
HH003,2026-09-02T02:45:00,0.0431
HH004,2026-09-02T02:45:00,0.0961
HH005,2026-09-02T02:45:00,0.1621
HH006,2026-09-02T02:45:00,0.0816
HH007,2026-09-02T02:45:00,0.1029
HH008,2026-09-02T02:45:00,0.0458
HH009,2026-09-02T02:45:00,0.2253
HH010,2026-09-02T02:45:00,0.0541
HH011,2026-09-02T02:45:00,0.1045
HH012,2026-09-02T02:45:00,0.0974
HH013,2026-09-02T02:45:00,0.1621
HH014,2026-09-02T02:45:00,0.0919
HH015,2026-09-02T02:45:00,0.0849
HH016,2026-09-02T02:45:00,0.096
HH017,2026-09-02T02:45:00,0.1768
HH018,2026-09-02T02:45:00,0.1502
HH019,2026-09-02T02:45:00,0.1068
HH020,2026-09-02T02:45:00,0.2689
HH001,2026-09-02T03:00:00,0.0862
HH002,2026-09-02T03:00:00,0.0507
HH003,2026-09-02T03:00:00,0.0953
HH004,2026-09-02T03:00:00,0.0939
HH005,2026-09-02T03:00:00,0.1698
HH006,2026-09-02T03:00:00,0.1721
HH007,2026-09-02T03:00:00,0.248
HH008,2026-09-02T03:00:00,0.0443
HH009,2026-09-02T03:00:00,0.259
HH010,2026-09-02T03:00:00,0.1022
HH011,2026-09-02T03:00:00,0.1657
HH012,2026-09-02T03:00:00,0.0972
HH013,2026-09-02T03:00:00,0.1046
HH014,2026-09-02T03:00:00,0.0483
HH015,2026-09-02T03:00:00,0.1034
HH016,2026-09-02T03:00:00,0.094
HH017,2026-09-02T03:00:00,0.0937
HH018,2026-09-02T03:00:00,0.1053
HH019,2026-09-02T03:00:00,0.1744
HH020,2026-09-02T03:00:00,0.2552
HH001,2026-09-02T03:15:00,0.1661
HH002,2026-09-02T03:15:00,0.0397
HH003,2026-09-02T03:15:00,0.0385
HH004,2026-09-02T03:15:00,0.0834
HH005,2026-09-02T03:15:00,0.098
HH006,2026-09-02T03:15:00,0.088
HH007,2026-09-02T03:15:00,0.2468
HH008,2026-09-02T03:15:00,0.0502
HH009,2026-09-02T03:15:00,0.26
HH010,2026-09-02T03:15:00,0.0395
HH011,2026-09-02T03:15:00,0.0916
HH012,2026-09-02T03:15:00,0.0833
HH013,2026-09-02T03:15:00,0.1591
HH014,2026-09-02T03:15:00,0.0992
HH015,2026-09-02T03:15:00,0.1595
HH016,2026-09-02T03:15:00,0.0408
HH017,2026-09-02T03:15:00,0.0939
HH018,2026-09-02T03:15:00,0.0815
HH019,2026-09-02T03:15:00,0.0923
HH020,2026-09-02T03:15:00,0.1031
HH001,2026-09-02T03:30:00,0.1662
HH002,2026-09-02T03:30:00,0.0478
HH003,2026-09-02T03:30:00,0.0427
HH004,2026-09-02T03:30:00,0.1064
HH005,2026-09-02T03:30:00,0.0871
HH006,2026-09-02T03:30:00,0.172
HH007,2026-09-02T03:30:00,0.2444
HH008,2026-09-02T03:30:00,0.0446
HH009,2026-09-02T03:30:00,0.1098
HH010,2026-09-02T03:30:00,0.0941
HH011,2026-09-02T03:30:00,0.176
HH012,2026-09-02T03:30:00,0.0995
HH013,2026-09-02T03:30:00,0.1013
HH014,2026-09-02T03:30:00,0.0461
HH015,2026-09-02T03:30:00,0.0944
HH016,2026-09-02T03:30:00,0.0469
HH017,2026-09-02T03:30:00,0.1772
HH018,2026-09-02T03:30:00,0.1737
HH019,2026-09-02T03:30:00,0.1748
HH020,2026-09-02T03:30:00,0.1018
HH001,2026-09-02T03:45:00,0.1658
HH002,2026-09-02T03:45:00,0.0937
HH003,2026-09-02T03:45:00,0.0475
HH004,2026-09-02T03:45:00,0.0988
HH005,2026-09-02T03:45:00,0.0987
HH006,2026-09-02T03:45:00,0.0873
HH007,2026-09-02T03:45:00,0.1043
HH008,2026-09-02T03:45:00,0.0416
HH009,2026-09-02T03:45:00,0.1135
HH010,2026-09-02T03:45:00,0.0854
HH011,2026-09-02T03:45:00,0.1032
HH012,2026-09-02T03:45:00,0.1645
HH013,2026-09-02T03:45:00,0.087
HH014,2026-09-02T03:45:00,0.0392
HH015,2026-09-02T03:45:00,0.1591
HH016,2026-09-02T03:45:00,0.0446
HH017,2026-09-02T03:45:00,0.0997
HH018,2026-09-02T03:45:00,0.1118
HH019,2026-09-02T03:45:00,0.088
HH020,2026-09-02T03:45:00,0.1156
HH001,2026-09-02T04:00:00,0.1085
HH002,2026-09-02T04:00:00,0.0795
HH003,2026-09-02T04:00:00,0.1034
HH004,2026-09-02T04:00:00,0.1748
HH005,2026-09-02T04:00:00,0.1658
HH006,2026-09-02T04:00:00,0.1713
HH007,2026-09-02T04:00:00,0.1022
HH008,2026-09-02T04:00:00,0.091
HH009,2026-09-02T04:00:00,0.2443
HH010,2026-09-02T04:00:00,0.0439
HH011,2026-09-02T04:00:00,0.1797
HH012,2026-09-02T04:00:00,0.1125
HH013,2026-09-02T04:00:00,0.0884
HH014,2026-09-02T04:00:00,0.106
HH015,2026-09-02T04:00:00,0.0942
HH016,2026-09-02T04:00:00,0.0424
HH017,2026-09-02T04:00:00,0.1684
HH018,2026-09-02T04:00:00,0.1576
HH019,2026-09-02T04:00:00,0.0913
HH020,2026-09-02T04:00:00,0.1062
HH001,2026-09-02T04:15:00,0.0837
HH002,2026-09-02T04:15:00,0.0933
HH003,2026-09-02T04:15:00,0.096
HH004,2026-09-02T04:15:00,0.1685
HH005,2026-09-02T04:15:00,0.1694
HH006,2026-09-02T04:15:00,0.1655
HH007,2026-09-02T04:15:00,0.2678
HH008,2026-09-02T04:15:00,0.038
HH009,2026-09-02T04:15:00,0.1157
HH010,2026-09-02T04:15:00,0.0934
HH011,2026-09-02T04:15:00,0.0932
HH012,2026-09-02T04:15:00,0.1754
HH013,2026-09-02T04:15:00,0.0997
HH014,2026-09-02T04:15:00,0.0437
HH015,2026-09-02T04:15:00,0.1631
HH016,2026-09-02T04:15:00,0.0893
HH017,2026-09-02T04:15:00,0.0894
HH018,2026-09-02T04:15:00,0.1038
HH019,2026-09-02T04:15:00,0.1698
HH020,2026-09-02T04:15:00,0.1098
HH001,2026-09-02T04:30:00,0.0856
HH002,2026-09-02T04:30:00,0.0463
HH003,2026-09-02T04:30:00,0.0404
HH004,2026-09-02T04:30:00,0.1846
HH005,2026-09-02T04:30:00,0.0901
HH006,2026-09-02T04:30:00,0.0966
HH007,2026-09-02T04:30:00,0.1016
HH008,2026-09-02T04:30:00,0.0969
HH009,2026-09-02T04:30:00,0.2513
HH010,2026-09-02T04:30:00,0.1053
HH011,2026-09-02T04:30:00,0.113
HH012,2026-09-02T04:30:00,0.0925
HH013,2026-09-02T04:30:00,0.1638
HH014,2026-09-02T04:30:00,0.0958
HH015,2026-09-02T04:30:00,0.0799
HH016,2026-09-02T04:30:00,0.0954
HH017,2026-09-02T04:30:00,0.1505
HH018,2026-09-02T04:30:00,0.1731
HH019,2026-09-02T04:30:00,0.1565
HH020,2026-09-02T04:30:00,0.251
HH001,2026-09-02T04:45:00,0.1734
HH002,2026-09-02T04:45:00,0.0504
HH003,2026-09-02T04:45:00,0.0447
HH004,2026-09-02T04:45:00,0.0789
HH005,2026-09-02T04:45:00,0.0791
HH006,2026-09-02T04:45:00,0.1013
HH007,2026-09-02T04:45:00,0.1061
HH008,2026-09-02T04:45:00,0.0947
HH009,2026-09-02T04:45:00,0.2542
HH010,2026-09-02T04:45:00,0.0369
HH011,2026-09-02T04:45:00,0.0873
HH012,2026-09-02T04:45:00,0.1716
HH013,2026-09-02T04:45:00,0.1052
HH014,2026-09-02T04:45:00,0.0485
HH015,2026-09-02T04:45:00,0.1059
HH016,2026-09-02T04:45:00,0.0378
HH017,2026-09-02T04:45:00,0.0977
HH018,2026-09-02T04:45:00,0.0837
HH019,2026-09-02T04:45:00,0.1741
HH020,2026-09-02T04:45:00,0.1021
HH001,2026-09-02T05:00:00,0.1634
HH002,2026-09-02T05:00:00,0.0436
HH003,2026-09-02T05:00:00,0.0401
HH004,2026-09-02T05:00:00,0.1797
HH005,2026-09-02T05:00:00,0.0883
HH006,2026-09-02T05:00:00,0.1612
HH007,2026-09-02T05:00:00,0.2198
HH008,2026-09-02T05:00:00,0.0385
HH009,2026-09-02T05:00:00,0.2323
HH010,2026-09-02T05:00:00,0.0474
HH011,2026-09-02T05:00:00,0.0888
HH012,2026-09-02T05:00:00,0.1564
HH013,2026-09-02T05:00:00,0.0875
HH014,2026-09-02T05:00:00,0.0901
HH015,2026-09-02T05:00:00,0.095
HH016,2026-09-02T05:00:00,0.0503
HH017,2026-09-02T05:00:00,0.171
HH018,2026-09-02T05:00:00,0.0964
HH019,2026-09-02T05:00:00,0.089
HH020,2026-09-02T05:00:00,0.2483
HH001,2026-09-02T05:15:00,0.1058
HH002,2026-09-02T05:15:00,0.0881
HH003,2026-09-02T05:15:00,0.045
HH004,2026-09-02T05:15:00,0.1634
HH005,2026-09-02T05:15:00,0.151
HH006,2026-09-02T05:15:00,0.0996
HH007,2026-09-02T05:15:00,0.2404
HH008,2026-09-02T05:15:00,0.0935
HH009,2026-09-02T05:15:00,0.2595
HH010,2026-09-02T05:15:00,0.0481
HH011,2026-09-02T05:15:00,0.1705
HH012,2026-09-02T05:15:00,0.1484
HH013,2026-09-02T05:15:00,0.1735
HH014,2026-09-02T05:15:00,0.0461
HH015,2026-09-02T05:15:00,0.1067
HH016,2026-09-02T05:15:00,0.038
HH017,2026-09-02T05:15:00,0.1072
HH018,2026-09-02T05:15:00,0.0976
HH019,2026-09-02T05:15:00,0.0865
HH020,2026-09-02T05:15:00,0.1089
HH001,2026-09-02T05:30:00,0.1745
HH002,2026-09-02T05:30:00,0.0455
HH003,2026-09-02T05:30:00,0.0907
HH004,2026-09-02T05:30:00,0.0814
HH005,2026-09-02T05:30:00,0.0915
HH006,2026-09-02T05:30:00,0.0849
HH007,2026-09-02T05:30:00,0.0951
HH008,2026-09-02T05:30:00,0.0388
HH009,2026-09-02T05:30:00,0.097
HH010,2026-09-02T05:30:00,0.095
HH011,2026-09-02T05:30:00,0.185
HH012,2026-09-02T05:30:00,0.1631
HH013,2026-09-02T05:30:00,0.0938
HH014,2026-09-02T05:30:00,0.0517
HH015,2026-09-02T05:30:00,0.1025
HH016,2026-09-02T05:30:00,0.086
HH017,2026-09-02T05:30:00,0.1655
HH018,2026-09-02T05:30:00,0.1507
HH019,2026-09-02T05:30:00,0.092
HH020,2026-09-02T05:30:00,0.2571
HH001,2026-09-02T05:45:00,0.0969
HH002,2026-09-02T05:45:00,0.0867
HH003,2026-09-02T05:45:00,0.0483
HH004,2026-09-02T05:45:00,0.1026
HH005,2026-09-02T05:45:00,0.1584
HH006,2026-09-02T05:45:00,0.1536
HH007,2026-09-02T05:45:00,0.2483
HH008,2026-09-02T05:45:00,0.0895
HH009,2026-09-02T05:45:00,0.2506
HH010,2026-09-02T05:45:00,0.0422
HH011,2026-09-02T05:45:00,0.1554
HH012,2026-09-02T05:45:00,0.0964
HH013,2026-09-02T05:45:00,0.1673
HH014,2026-09-02T05:45:00,0.1004
HH015,2026-09-02T05:45:00,0.0867
HH016,2026-09-02T05:45:00,0.0469
HH017,2026-09-02T05:45:00,0.0876
HH018,2026-09-02T05:45:00,0.1064
HH019,2026-09-02T05:45:00,0.1707
HH020,2026-09-02T05:45:00,0.2577
HH001,2026-09-02T06:00:00,0.1494
HH002,2026-09-02T06:00:00,0.1186
HH003,2026-09-02T06:00:00,0.0693
HH004,2026-09-02T06:00:00,0.1411
HH005,2026-09-02T06:00:00,0.2308
HH006,2026-09-02T06:00:00,0.1396
HH007,2026-09-02T06:00:00,0.2039
HH008,2026-09-02T06:00:00,0.0716
HH009,2026-09-02T06:00:00,0.1956
HH010,2026-09-02T06:00:00,0.0712
HH011,2026-09-02T06:00:00,0.2194
HH012,2026-09-02T06:00:00,0.2242
HH013,2026-09-02T06:00:00,0.1628
HH014,2026-09-02T06:00:00,0.125
HH015,2026-09-02T06:00:00,0.2094
HH016,2026-09-02T06:00:00,0.118
HH017,2026-09-02T06:00:00,0.1988
HH018,2026-09-02T06:00:00,0.2059
HH019,2026-09-02T06:00:00,0.133
HH020,2026-09-02T06:00:00,0.2074
HH001,2026-09-02T06:15:00,0.2065
HH002,2026-09-02T06:15:00,0.1221
HH003,2026-09-02T06:15:00,0.1115
HH004,2026-09-02T06:15:00,0.2021
HH005,2026-09-02T06:15:00,0.2214
HH006,2026-09-02T06:15:00,0.1362
HH007,2026-09-02T06:15:00,0.2313
HH008,2026-09-02T06:15:00,0.1172
HH009,2026-09-02T06:15:00,0.3502
HH010,2026-09-02T06:15:00,0.0734
HH011,2026-09-02T06:15:00,0.1992
HH012,2026-09-02T06:15:00,0.1296
HH013,2026-09-02T06:15:00,0.213
HH014,2026-09-02T06:15:00,0.0733
HH015,2026-09-02T06:15:00,0.1476
HH016,2026-09-02T06:15:00,0.1144
HH017,2026-09-02T06:15:00,0.2165
HH018,2026-09-02T06:15:00,0.2206
HH019,2026-09-02T06:15:00,0.1565
HH020,2026-09-02T06:15:00,0.2057
HH001,2026-09-02T06:30:00,0.1409
HH002,2026-09-02T06:30:00,0.0642
HH003,2026-09-02T06:30:00,0.1115
HH004,2026-09-02T06:30:00,0.2088
HH005,2026-09-02T06:30:00,0.2239
HH006,2026-09-02T06:30:00,0.2315
HH007,2026-09-02T06:30:00,0.3811
HH008,2026-09-02T06:30:00,0.1109
HH009,2026-09-02T06:30:00,0.1948
HH010,2026-09-02T06:30:00,0.0743
HH011,2026-09-02T06:30:00,0.1315
HH012,2026-09-02T06:30:00,0.1601
HH013,2026-09-02T06:30:00,0.2335
HH014,2026-09-02T06:30:00,0.1206
HH015,2026-09-02T06:30:00,0.2239
HH016,2026-09-02T06:30:00,0.0688
HH017,2026-09-02T06:30:00,0.154
HH018,2026-09-02T06:30:00,0.2137
HH019,2026-09-02T06:30:00,0.1476
HH020,2026-09-02T06:30:00,0.3803
HH001,2026-09-02T06:45:00,0.1486
HH002,2026-09-02T06:45:00,0.1082
HH003,2026-09-02T06:45:00,0.1276
HH004,2026-09-02T06:45:00,0.1333
HH005,2026-09-02T06:45:00,0.1467
HH006,2026-09-02T06:45:00,0.1335
HH007,2026-09-02T06:45:00,0.2092
HH008,2026-09-02T06:45:00,0.0681
HH009,2026-09-02T06:45:00,0.2086
HH010,2026-09-02T06:45:00,0.0751
HH011,2026-09-02T06:45:00,0.1306
HH012,2026-09-02T06:45:00,0.2343
HH013,2026-09-02T06:45:00,0.2021
HH014,2026-09-02T06:45:00,0.1146
HH015,2026-09-02T06:45:00,0.2333
HH016,2026-09-02T06:45:00,0.0683
HH017,2026-09-02T06:45:00,0.1486
HH018,2026-09-02T06:45:00,0.2127
HH019,2026-09-02T06:45:00,0.1512
HH020,2026-09-02T06:45:00,0.3532
HH001,2026-09-02T07:00:00,0.2125
HH002,2026-09-02T07:00:00,0.1216
HH003,2026-09-02T07:00:00,0.0592
HH004,2026-09-02T07:00:00,0.2144
HH005,2026-09-02T07:00:00,0.213
HH006,2026-09-02T07:00:00,0.1368
HH007,2026-09-02T07:00:00,0.216
HH008,2026-09-02T07:00:00,0.1218
HH009,2026-09-02T07:00:00,0.1873
HH010,2026-09-02T07:00:00,0.0672
HH011,2026-09-02T07:00:00,0.2164
HH012,2026-09-02T07:00:00,0.1458
HH013,2026-09-02T07:00:00,0.1291
HH014,2026-09-02T07:00:00,0.1148
HH015,2026-09-02T07:00:00,0.1495
HH016,2026-09-02T07:00:00,0.0627
HH017,2026-09-02T07:00:00,0.1466
HH018,2026-09-02T07:00:00,0.2178
HH019,2026-09-02T07:00:00,0.1514
HH020,2026-09-02T07:00:00,0.3876
HH001,2026-09-02T07:15:00,0.1531
HH002,2026-09-02T07:15:00,0.1156
HH003,2026-09-02T07:15:00,0.1184
HH004,2026-09-02T07:15:00,0.2338
HH005,2026-09-02T07:15:00,0.1309
HH006,2026-09-02T07:15:00,0.1522
HH007,2026-09-02T07:15:00,0.3808
HH008,2026-09-02T07:15:00,0.0653
HH009,2026-09-02T07:15:00,0.3554
HH010,2026-09-02T07:15:00,0.0741
HH011,2026-09-02T07:15:00,0.1315
HH012,2026-09-02T07:15:00,0.2243
HH013,2026-09-02T07:15:00,0.1335
HH014,2026-09-02T07:15:00,0.1243
HH015,2026-09-02T07:15:00,0.1473
HH016,2026-09-02T07:15:00,0.119
HH017,2026-09-02T07:15:00,0.1558
HH018,2026-09-02T07:15:00,0.1438
HH019,2026-09-02T07:15:00,0.2166
HH020,2026-09-02T07:15:00,0.2031
HH001,2026-09-02T07:30:00,0.1439
HH002,2026-09-02T07:30:00,0.0645
HH003,2026-09-02T07:30:00,0.0717
HH004,2026-09-02T07:30:00,0.1355
HH005,2026-09-02T07:30:00,0.1564
HH006,2026-09-02T07:30:00,0.1443
HH007,2026-09-02T07:30:00,0.3478
HH008,2026-09-02T07:30:00,0.1241
HH009,2026-09-02T07:30:00,0.3713
HH010,2026-09-02T07:30:00,0.1202
HH011,2026-09-02T07:30:00,0.2197
HH012,2026-09-02T07:30:00,0.139
HH013,2026-09-02T07:30:00,0.1444
HH014,2026-09-02T07:30:00,0.0762
HH015,2026-09-02T07:30:00,0.227
HH016,2026-09-02T07:30:00,0.1178
HH017,2026-09-02T07:30:00,0.1533
HH018,2026-09-02T07:30:00,0.1516
HH019,2026-09-02T07:30:00,0.2044
HH020,2026-09-02T07:30:00,0.1881
HH001,2026-09-02T07:45:00,0.1593
HH002,2026-09-02T07:45:00,0.1172
HH003,2026-09-02T07:45:00,0.0761
HH004,2026-09-02T07:45:00,0.1656
HH005,2026-09-02T07:45:00,0.2223
HH006,2026-09-02T07:45:00,0.1461
HH007,2026-09-02T07:45:00,0.3573
HH008,2026-09-02T07:45:00,0.0696
HH009,2026-09-02T07:45:00,0.2108
HH010,2026-09-02T07:45:00,0.0638
HH011,2026-09-02T07:45:00,0.2187
HH012,2026-09-02T07:45:00,0.2209
HH013,2026-09-02T07:45:00,0.1556
HH014,2026-09-02T07:45:00,0.0663
HH015,2026-09-02T07:45:00,0.2174
HH016,2026-09-02T07:45:00,0.0719
HH017,2026-09-02T07:45:00,0.155
HH018,2026-09-02T07:45:00,0.21
HH019,2026-09-02T07:45:00,0.1367
HH020,2026-09-02T07:45:00,0.2193
HH001,2026-09-02T08:00:00,0.2285
HH002,2026-09-02T08:00:00,0.1205
HH003,2026-09-02T08:00:00,0.1104
HH004,2026-09-02T08:00:00,0.1581
HH005,2026-09-02T08:00:00,0.1402
HH006,2026-09-02T08:00:00,0.1603
HH007,2026-09-02T08:00:00,0.3593
HH008,2026-09-02T08:00:00,0.1215
HH009,2026-09-02T08:00:00,0.2044
HH010,2026-09-02T08:00:00,0.12
HH011,2026-09-02T08:00:00,0.2146
HH012,2026-09-02T08:00:00,0.1343
HH013,2026-09-02T08:00:00,0.1447
HH014,2026-09-02T08:00:00,0.1198
HH015,2026-09-02T08:00:00,0.1476
HH016,2026-09-02T08:00:00,0.066
HH017,2026-09-02T08:00:00,0.211
HH018,2026-09-02T08:00:00,0.1395
HH019,2026-09-02T08:00:00,0.1347
HH020,2026-09-02T08:00:00,0.3724
HH001,2026-09-02T08:15:00,0.1718
HH002,2026-09-02T08:15:00,0.1021
HH003,2026-09-02T08:15:00,0.0467
HH004,2026-09-02T08:15:00,0.1711
HH005,2026-09-02T08:15:00,0.1568
HH006,2026-09-02T08:15:00,0.1045
HH007,2026-09-02T08:15:00,0.2767
HH008,2026-09-02T08:15:00,0.0403
HH009,2026-09-02T08:15:00,0.2768
HH010,2026-09-02T08:15:00,0.0485
HH011,2026-09-02T08:15:00,0.0944
HH012,2026-09-02T08:15:00,0.1566
HH013,2026-09-02T08:15:00,0.0982
HH014,2026-09-02T08:15:00,0.0399
HH015,2026-09-02T08:15:00,0.1519
HH016,2026-09-02T08:15:00,0.0898
HH017,2026-09-02T08:15:00,0.085
HH018,2026-09-02T08:15:00,0.1025
HH019,2026-09-02T08:15:00,0.1038
HH020,2026-09-02T08:15:00,0.1075
HH001,2026-09-02T08:30:00,0.0821
HH002,2026-09-02T08:30:00,0.0911
HH003,2026-09-02T08:30:00,0.0474
HH004,2026-09-02T08:30:00,0.1721
HH005,2026-09-02T08:30:00,0.1663
HH006,2026-09-02T08:30:00,0.1806
HH007,2026-09-02T08:30:00,0.1156
HH008,2026-09-02T08:30:00,0.0533
HH009,2026-09-02T08:30:00,0.1103
HH010,2026-09-02T08:30:00,0.0425
HH011,2026-09-02T08:30:00,0.107
HH012,2026-09-02T08:30:00,0.1075
HH013,2026-09-02T08:30:00,0.1846
HH014,2026-09-02T08:30:00,0.0457
HH015,2026-09-02T08:30:00,0.0963
HH016,2026-09-02T08:30:00,0.0451
HH017,2026-09-02T08:30:00,0.1771
HH018,2026-09-02T08:30:00,0.1681
HH019,2026-09-02T08:30:00,0.1517
HH020,2026-09-02T08:30:00,0.2563
HH001,2026-09-02T08:45:00,0.0891
HH002,2026-09-02T08:45:00,0.0463
HH003,2026-09-02T08:45:00,0.0489
HH004,2026-09-02T08:45:00,0.1066
HH005,2026-09-02T08:45:00,0.1909
HH006,2026-09-02T08:45:00,0.1821
HH007,2026-09-02T08:45:00,0.1029
HH008,2026-09-02T08:45:00,0.0487
HH009,2026-09-02T08:45:00,0.1174
HH010,2026-09-02T08:45:00,0.0932
HH011,2026-09-02T08:45:00,0.1101
HH012,2026-09-02T08:45:00,0.0834
HH013,2026-09-02T08:45:00,0.1087
HH014,2026-09-02T08:45:00,0.0971
HH015,2026-09-02T08:45:00,0.1054
HH016,2026-09-02T08:45:00,0.0457
HH017,2026-09-02T08:45:00,0.1807
HH018,2026-09-02T08:45:00,0.1019
HH019,2026-09-02T08:45:00,0.1563
HH020,2026-09-02T08:45:00,0.102
HH001,2026-09-02T09:00:00,0.0872
HH002,2026-09-02T09:00:00,0.0396
HH003,2026-09-02T09:00:00,0.0424
HH004,2026-09-02T09:00:00,0.1653
HH005,2026-09-02T09:00:00,0.1715
HH006,2026-09-02T09:00:00,0.0827
HH007,2026-09-02T09:00:00,0.2492
HH008,2026-09-02T09:00:00,0.0416
HH009,2026-09-02T09:00:00,0.2576
HH010,2026-09-02T09:00:00,0.0523
HH011,2026-09-02T09:00:00,0.1059
HH012,2026-09-02T09:00:00,0.0864
HH013,2026-09-02T09:00:00,0.0783
HH014,2026-09-02T09:00:00,0.0984
HH015,2026-09-02T09:00:00,0.0844
HH016,2026-09-02T09:00:00,0.1012
HH017,2026-09-02T09:00:00,0.1641
HH018,2026-09-02T09:00:00,0.159
HH019,2026-09-02T09:00:00,0.1599
HH020,2026-09-02T09:00:00,0.1175
HH001,2026-09-02T09:15:00,0.0814
HH002,2026-09-02T09:15:00,0.0892
HH003,2026-09-02T09:15:00,0.0902
HH004,2026-09-02T09:15:00,0.1066
HH005,2026-09-02T09:15:00,0.1029
HH006,2026-09-02T09:15:00,0.1584
HH007,2026-09-02T09:15:00,0.0939
HH008,2026-09-02T09:15:00,0.0857
HH009,2026-09-02T09:15:00,0.2437
HH010,2026-09-02T09:15:00,0.0396
HH011,2026-09-02T09:15:00,0.1571
HH012,2026-09-02T09:15:00,0.0907
HH013,2026-09-02T09:15:00,0.1804
HH014,2026-09-02T09:15:00,0.1026
HH015,2026-09-02T09:15:00,0.1079
HH016,2026-09-02T09:15:00,0.0456
HH017,2026-09-02T09:15:00,0.1646
HH018,2026-09-02T09:15:00,0.1841
HH019,2026-09-02T09:15:00,0.1638
HH020,2026-09-02T09:15:00,0.0979
HH001,2026-09-02T09:30:00,0.0943
HH002,2026-09-02T09:30:00,0.0863
HH003,2026-09-02T09:30:00,0.0381
HH004,2026-09-02T09:30:00,0.1593
HH005,2026-09-02T09:30:00,0.1832
HH006,2026-09-02T09:30:00,0.1504
HH007,2026-09-02T09:30:00,0.2684
HH008,2026-09-02T09:30:00,0.0411
HH009,2026-09-02T09:30:00,0.2379
HH010,2026-09-02T09:30:00,0.049
HH011,2026-09-02T09:30:00,0.0789
HH012,2026-09-02T09:30:00,0.1051
HH013,2026-09-02T09:30:00,0.0954
HH014,2026-09-02T09:30:00,0.038
HH015,2026-09-02T09:30:00,0.098
HH016,2026-09-02T09:30:00,0.0903
HH017,2026-09-02T09:30:00,0.0984
HH018,2026-09-02T09:30:00,0.1527
HH019,2026-09-02T09:30:00,0.1561
HH020,2026-09-02T09:30:00,0.1079
HH001,2026-09-02T09:45:00,0.1567
HH002,2026-09-02T09:45:00,0.0908
HH003,2026-09-02T09:45:00,0.041
HH004,2026-09-02T09:45:00,0.1438
HH005,2026-09-02T09:45:00,0.1601
HH006,2026-09-02T09:45:00,0.1698
HH007,2026-09-02T09:45:00,0.1161
HH008,2026-09-02T09:45:00,0.0404
HH009,2026-09-02T09:45:00,0.098
HH010,2026-09-02T09:45:00,0.0516
HH011,2026-09-02T09:45:00,0.1016
HH012,2026-09-02T09:45:00,0.1125
HH013,2026-09-02T09:45:00,0.1002
HH014,2026-09-02T09:45:00,0.0947
HH015,2026-09-02T09:45:00,0.0942
HH016,2026-09-02T09:45:00,0.0818
HH017,2026-09-02T09:45:00,0.1679
HH018,2026-09-02T09:45:00,0.0919
HH019,2026-09-02T09:45:00,0.0863
HH020,2026-09-02T09:45:00,0.115
HH001,2026-09-02T10:00:00,0.1721
HH002,2026-09-02T10:00:00,0.0865
HH003,2026-09-02T10:00:00,0.0395
HH004,2026-09-02T10:00:00,0.1662
HH005,2026-09-02T10:00:00,0.1812
HH006,2026-09-02T10:00:00,0.1424
HH007,2026-09-02T10:00:00,0.3247
HH008,2026-09-02T10:00:00,0.0391
HH009,2026-09-02T10:00:00,0.3368
HH010,2026-09-02T10:00:00,0.0506
HH011,2026-09-02T10:00:00,0.1593
HH012,2026-09-02T10:00:00,0.1585
HH013,2026-09-02T10:00:00,0.1675
HH014,2026-09-02T10:00:00,0.0435
HH015,2026-09-02T10:00:00,0.1585
HH016,2026-09-02T10:00:00,0.0916
HH017,2026-09-02T10:00:00,0.0946
HH018,2026-09-02T10:00:00,0.1008
HH019,2026-09-02T10:00:00,0.1092
HH020,2026-09-02T10:00:00,0.3283
HH001,2026-09-02T10:15:00,0.0885
HH002,2026-09-02T10:15:00,0.0923
HH003,2026-09-02T10:15:00,0.0525
HH004,2026-09-02T10:15:00,0.0994
HH005,2026-09-02T10:15:00,0.1697
HH006,2026-09-02T10:15:00,0.0858
HH007,2026-09-02T10:15:00,0.3115
HH008,2026-09-02T10:15:00,0.048
HH009,2026-09-02T10:15:00,0.3362
HH010,2026-09-02T10:15:00,0.0843
HH011,2026-09-02T10:15:00,0.1621
HH012,2026-09-02T10:15:00,0.1037
HH013,2026-09-02T10:15:00,0.1784
HH014,2026-09-02T10:15:00,0.0849
HH015,2026-09-02T10:15:00,0.0803
HH016,2026-09-02T10:15:00,0.1018
HH017,2026-09-02T10:15:00,0.1752
HH018,2026-09-02T10:15:00,0.1508
HH019,2026-09-02T10:15:00,0.1548
HH020,2026-09-02T10:15:00,0.1942
HH001,2026-09-02T10:30:00,0.0824
HH002,2026-09-02T10:30:00,0.0467
HH003,2026-09-02T10:30:00,0.0394
HH004,2026-09-02T10:30:00,0.1518
HH005,2026-09-02T10:30:00,0.1722
HH006,2026-09-02T10:30:00,0.0921
HH007,2026-09-02T10:30:00,0.1846
HH008,2026-09-02T10:30:00,0.0951
HH009,2026-09-02T10:30:00,0.172
HH010,2026-09-02T10:30:00,0.0945
HH011,2026-09-02T10:30:00,0.0865
HH012,2026-09-02T10:30:00,0.0784
HH013,2026-09-02T10:30:00,0.1017
HH014,2026-09-02T10:30:00,0.0484
HH015,2026-09-02T10:30:00,0.1664
HH016,2026-09-02T10:30:00,0.0847
HH017,2026-09-02T10:30:00,0.1067
HH018,2026-09-02T10:30:00,0.1583
HH019,2026-09-02T10:30:00,0.0989
HH020,2026-09-02T10:30:00,0.1778
HH001,2026-09-02T10:45:00,0.1719
HH002,2026-09-02T10:45:00,0.0415
HH003,2026-09-02T10:45:00,0.0463
HH004,2026-09-02T10:45:00,0.1593
HH005,2026-09-02T10:45:00,0.0931
HH006,2026-09-02T10:45:00,0.1024
HH007,2026-09-02T10:45:00,0.1756
HH008,2026-09-02T10:45:00,0.0932
HH009,2026-09-02T10:45:00,0.1779
HH010,2026-09-02T10:45:00,0.0513
HH011,2026-09-02T10:45:00,0.1537
HH012,2026-09-02T10:45:00,0.089
HH013,2026-09-02T10:45:00,0.163
HH014,2026-09-02T10:45:00,0.0963
HH015,2026-09-02T10:45:00,0.0855
HH016,2026-09-02T10:45:00,0.0387
HH017,2026-09-02T10:45:00,0.1496
HH018,2026-09-02T10:45:00,0.0904
HH019,2026-09-02T10:45:00,0.1486
HH020,2026-09-02T10:45:00,0.1741
HH001,2026-09-02T11:00:00,0.0979
HH002,2026-09-02T11:00:00,0.0399
HH003,2026-09-02T11:00:00,0.0473
HH004,2026-09-02T11:00:00,0.1599
HH005,2026-09-02T11:00:00,0.1069
HH006,2026-09-02T11:00:00,0.1037
HH007,2026-09-02T11:00:00,0.1762
HH008,2026-09-02T11:00:00,0.0958
HH009,2026-09-02T11:00:00,0.1831
HH010,2026-09-02T11:00:00,0.04
HH011,2026-09-02T11:00:00,0.1849
HH012,2026-09-02T11:00:00,0.1671
HH013,2026-09-02T11:00:00,0.1032
HH014,2026-09-02T11:00:00,0.0439
HH015,2026-09-02T11:00:00,0.1016
HH016,2026-09-02T11:00:00,0.0878
HH017,2026-09-02T11:00:00,0.1655
HH018,2026-09-02T11:00:00,0.109
HH019,2026-09-02T11:00:00,0.1752
HH020,2026-09-02T11:00:00,0.3271
HH001,2026-09-02T11:15:00,0.0915
HH002,2026-09-02T11:15:00,0.0466
HH003,2026-09-02T11:15:00,0.0419
HH004,2026-09-02T11:15:00,0.1669
HH005,2026-09-02T11:15:00,0.0843
HH006,2026-09-02T11:15:00,0.1619
HH007,2026-09-02T11:15:00,0.1919
HH008,2026-09-02T11:15:00,0.044
HH009,2026-09-02T11:15:00,0.1726
HH010,2026-09-02T11:15:00,0.0392
HH011,2026-09-02T11:15:00,0.1769
HH012,2026-09-02T11:15:00,0.1938
HH013,2026-09-02T11:15:00,0.1026
HH014,2026-09-02T11:15:00,0.0474
HH015,2026-09-02T11:15:00,0.1874
HH016,2026-09-02T11:15:00,0.0905
HH017,2026-09-02T11:15:00,0.181
HH018,2026-09-02T11:15:00,0.1043
HH019,2026-09-02T11:15:00,0.1635
HH020,2026-09-02T11:15:00,0.3093
HH001,2026-09-02T11:30:00,0.0927
HH002,2026-09-02T11:30:00,0.088
HH003,2026-09-02T11:30:00,0.0857
HH004,2026-09-02T11:30:00,0.1628
HH005,2026-09-02T11:30:00,0.0977
HH006,2026-09-02T11:30:00,0.1706
HH007,2026-09-02T11:30:00,0.3489
HH008,2026-09-02T11:30:00,0.0411
HH009,2026-09-02T11:30:00,0.3221
HH010,2026-09-02T11:30:00,0.0445
HH011,2026-09-02T11:30:00,0.101
HH012,2026-09-02T11:30:00,0.1818
HH013,2026-09-02T11:30:00,0.0987
HH014,2026-09-02T11:30:00,0.0452
HH015,2026-09-02T11:30:00,0.164
HH016,2026-09-02T11:30:00,0.043
HH017,2026-09-02T11:30:00,0.1672
HH018,2026-09-02T11:30:00,0.15
HH019,2026-09-02T11:30:00,0.1721
HH020,2026-09-02T11:30:00,0.1766
HH001,2026-09-02T11:45:00,0.1081
HH002,2026-09-02T11:45:00,0.0452
HH003,2026-09-02T11:45:00,0.047
HH004,2026-09-02T11:45:00,0.1491
HH005,2026-09-02T11:45:00,0.171
HH006,2026-09-02T11:45:00,0.0965
HH007,2026-09-02T11:45:00,0.205
HH008,2026-09-02T11:45:00,0.0422
HH009,2026-09-02T11:45:00,0.3218
HH010,2026-09-02T11:45:00,0.0948
HH011,2026-09-02T11:45:00,0.1706
HH012,2026-09-02T11:45:00,0.0984
HH013,2026-09-02T11:45:00,0.1872
HH014,2026-09-02T11:45:00,0.0373
HH015,2026-09-02T11:45:00,0.1739
HH016,2026-09-02T11:45:00,0.0829
HH017,2026-09-02T11:45:00,0.088
HH018,2026-09-02T11:45:00,0.0907
HH019,2026-09-02T11:45:00,0.0897
HH020,2026-09-02T11:45:00,0.3575
HH001,2026-09-02T12:00:00,0.1933
HH002,2026-09-02T12:00:00,0.0513
HH003,2026-09-02T12:00:00,0.0448
HH004,2026-09-02T12:00:00,0.0984
HH005,2026-09-02T12:00:00,0.171
HH006,2026-09-02T12:00:00,0.1054
HH007,2026-09-02T12:00:00,0.1831
HH008,2026-09-02T12:00:00,0.0497
HH009,2026-09-02T12:00:00,0.1825
HH010,2026-09-02T12:00:00,0.0878
HH011,2026-09-02T12:00:00,0.0924
HH012,2026-09-02T12:00:00,0.1794
HH013,2026-09-02T12:00:00,0.1074
HH014,2026-09-02T12:00:00,0.0384
HH015,2026-09-02T12:00:00,0.1671
HH016,2026-09-02T12:00:00,0.0903
HH017,2026-09-02T12:00:00,0.1679
HH018,2026-09-02T12:00:00,0.1692
HH019,2026-09-02T12:00:00,0.0808
HH020,2026-09-02T12:00:00,0.1867
HH001,2026-09-02T12:15:00,0.1497
HH002,2026-09-02T12:15:00,0.041
HH003,2026-09-02T12:15:00,0.1016
HH004,2026-09-02T12:15:00,0.0811
HH005,2026-09-02T12:15:00,0.0933
HH006,2026-09-02T12:15:00,0.1692
HH007,2026-09-02T12:15:00,0.327
HH008,2026-09-02T12:15:00,0.0422
HH009,2026-09-02T12:15:00,0.3431
HH010,2026-09-02T12:15:00,0.0492
HH011,2026-09-02T12:15:00,0.1509
HH012,2026-09-02T12:15:00,0.1034
HH013,2026-09-02T12:15:00,0.1621
HH014,2026-09-02T12:15:00,0.0449
HH015,2026-09-02T12:15:00,0.0898
HH016,2026-09-02T12:15:00,0.0456
HH017,2026-09-02T12:15:00,0.0863
HH018,2026-09-02T12:15:00,0.1599
HH019,2026-09-02T12:15:00,0.0935
HH020,2026-09-02T12:15:00,0.3273
HH001,2026-09-02T12:30:00,0.1739
HH002,2026-09-02T12:30:00,0.0979
HH003,2026-09-02T12:30:00,0.0935
HH004,2026-09-02T12:30:00,0.1869
HH005,2026-09-02T12:30:00,0.1514
HH006,2026-09-02T12:30:00,0.1825
HH007,2026-09-02T12:30:00,0.1831
HH008,2026-09-02T12:30:00,0.0486
HH009,2026-09-02T12:30:00,0.3193
HH010,2026-09-02T12:30:00,0.0883
HH011,2026-09-02T12:30:00,0.1641
HH012,2026-09-02T12:30:00,0.1681
HH013,2026-09-02T12:30:00,0.0992
HH014,2026-09-02T12:30:00,0.0894
HH015,2026-09-02T12:30:00,0.1645
HH016,2026-09-02T12:30:00,0.0959
HH017,2026-09-02T12:30:00,0.1571
HH018,2026-09-02T12:30:00,0.0907
HH019,2026-09-02T12:30:00,0.1718
HH020,2026-09-02T12:30:00,0.1831
HH001,2026-09-02T12:45:00,0.1036
HH002,2026-09-02T12:45:00,0.0459
HH003,2026-09-02T12:45:00,0.102
HH004,2026-09-02T12:45:00,0.1493
HH005,2026-09-02T12:45:00,0.1679
HH006,2026-09-02T12:45:00,0.1064
HH007,2026-09-02T12:45:00,0.3345
HH008,2026-09-02T12:45:00,0.0981
HH009,2026-09-02T12:45:00,0.3351
HH010,2026-09-02T12:45:00,0.0417
HH011,2026-09-02T12:45:00,0.1862
HH012,2026-09-02T12:45:00,0.1664
HH013,2026-09-02T12:45:00,0.1766
HH014,2026-09-02T12:45:00,0.0461
HH015,2026-09-02T12:45:00,0.1425
HH016,2026-09-02T12:45:00,0.0899
HH017,2026-09-02T12:45:00,0.1511
HH018,2026-09-02T12:45:00,0.0994
HH019,2026-09-02T12:45:00,0.1062
HH020,2026-09-02T12:45:00,0.1787
HH001,2026-09-02T13:00:00,0.1602
HH002,2026-09-02T13:00:00,0.0472
HH003,2026-09-02T13:00:00,0.0896
HH004,2026-09-02T13:00:00,0.1005
HH005,2026-09-02T13:00:00,0.0965
HH006,2026-09-02T13:00:00,0.166
HH007,2026-09-02T13:00:00,0.186
HH008,2026-09-02T13:00:00,0.0403
HH009,2026-09-02T13:00:00,0.3581
HH010,2026-09-02T13:00:00,0.0422
HH011,2026-09-02T13:00:00,0.1054
HH012,2026-09-02T13:00:00,0.0997
HH013,2026-09-02T13:00:00,0.1525
HH014,2026-09-02T13:00:00,0.0392
HH015,2026-09-02T13:00:00,0.1566
HH016,2026-09-02T13:00:00,0.043
HH017,2026-09-02T13:00:00,0.1683
HH018,2026-09-02T13:00:00,0.1556
HH019,2026-09-02T13:00:00,0.1643
HH020,2026-09-02T13:00:00,0.1968
HH001,2026-09-02T13:15:00,0.0857
HH002,2026-09-02T13:15:00,0.0404
HH003,2026-09-02T13:15:00,0.0474
HH004,2026-09-02T13:15:00,0.0923
HH005,2026-09-02T13:15:00,0.0884
HH006,2026-09-02T13:15:00,0.0977
HH007,2026-09-02T13:15:00,0.321
HH008,2026-09-02T13:15:00,0.0435
HH009,2026-09-02T13:15:00,0.1784
HH010,2026-09-02T13:15:00,0.049
HH011,2026-09-02T13:15:00,0.0932
HH012,2026-09-02T13:15:00,0.1043
HH013,2026-09-02T13:15:00,0.1042
HH014,2026-09-02T13:15:00,0.0838
HH015,2026-09-02T13:15:00,0.1667
HH016,2026-09-02T13:15:00,0.0423
HH017,2026-09-02T13:15:00,0.1553
HH018,2026-09-02T13:15:00,0.0965
HH019,2026-09-02T13:15:00,0.0897
HH020,2026-09-02T13:15:00,0.1838
HH001,2026-09-02T13:30:00,0.0829
HH002,2026-09-02T13:30:00,0.0499
HH003,2026-09-02T13:30:00,0.0983
HH004,2026-09-02T13:30:00,0.0919
HH005,2026-09-02T13:30:00,0.0796
HH006,2026-09-02T13:30:00,0.1023
HH007,2026-09-02T13:30:00,0.3487
HH008,2026-09-02T13:30:00,0.081
HH009,2026-09-02T13:30:00,0.329
HH010,2026-09-02T13:30:00,0.0984
HH011,2026-09-02T13:30:00,0.1658
HH012,2026-09-02T13:30:00,0.1006
HH013,2026-09-02T13:30:00,0.0912
HH014,2026-09-02T13:30:00,0.0832
HH015,2026-09-02T13:30:00,0.0849
HH016,2026-09-02T13:30:00,0.0484
HH017,2026-09-02T13:30:00,0.1075
HH018,2026-09-02T13:30:00,0.0874
HH019,2026-09-02T13:30:00,0.1043
HH020,2026-09-02T13:30:00,0.2092
HH001,2026-09-02T13:45:00,0.0783
HH002,2026-09-02T13:45:00,0.0858
HH003,2026-09-02T13:45:00,0.0947
HH004,2026-09-02T13:45:00,0.1841
HH005,2026-09-02T13:45:00,0.0858
HH006,2026-09-02T13:45:00,0.1607
HH007,2026-09-02T13:45:00,0.1818
HH008,2026-09-02T13:45:00,0.0395
HH009,2026-09-02T13:45:00,0.1908
HH010,2026-09-02T13:45:00,0.0424
HH011,2026-09-02T13:45:00,0.1046
HH012,2026-09-02T13:45:00,0.1587
HH013,2026-09-02T13:45:00,0.1631
HH014,2026-09-02T13:45:00,0.0486
HH015,2026-09-02T13:45:00,0.1557
HH016,2026-09-02T13:45:00,0.085
HH017,2026-09-02T13:45:00,0.101
HH018,2026-09-02T13:45:00,0.112
HH019,2026-09-02T13:45:00,0.1783
HH020,2026-09-02T13:45:00,0.3264
HH001,2026-09-02T14:00:00,0.5433
HH002,2026-09-02T14:00:00,0.0501
HH003,2026-09-02T14:00:00,0.0881
HH004,2026-09-02T14:00:00,0.4204
HH005,2026-09-02T14:00:00,0.4959
HH006,2026-09-02T14:00:00,0.5181
HH007,2026-09-02T14:00:00,0.1785
HH008,2026-09-02T14:00:00,0.0935
HH009,2026-09-02T14:00:00,0.1747
HH010,2026-09-02T14:00:00,0.0366
HH011,2026-09-02T14:00:00,0.413
HH012,2026-09-02T14:00:00,0.4092
HH013,2026-09-02T14:00:00,0.4291
HH014,2026-09-02T14:00:00,0.0386
HH015,2026-09-02T14:00:00,0.3921
HH016,2026-09-02T14:00:00,0.0427
HH017,2026-09-02T14:00:00,0.4904
HH018,2026-09-02T14:00:00,0.4605
HH019,2026-09-02T14:00:00,0.4798
HH020,2026-09-02T14:00:00,0.323
HH001,2026-09-02T14:15:00,0.4475
HH002,2026-09-02T14:15:00,0.0984
HH003,2026-09-02T14:15:00,0.0402
HH004,2026-09-02T14:15:00,0.4659
HH005,2026-09-02T14:15:00,0.5199
HH006,2026-09-02T14:15:00,0.4702
HH007,2026-09-02T14:15:00,0.1918
HH008,2026-09-02T14:15:00,0.1019
HH009,2026-09-02T14:15:00,0.337
HH010,2026-09-02T14:15:00,0.1046
HH011,2026-09-02T14:15:00,0.4779
HH012,2026-09-02T14:15:00,0.4327
HH013,2026-09-02T14:15:00,0.4812
HH014,2026-09-02T14:15:00,0.0511
HH015,2026-09-02T14:15:00,0.4996
HH016,2026-09-02T14:15:00,0.0969
HH017,2026-09-02T14:15:00,0.4271
HH018,2026-09-02T14:15:00,0.4098
HH019,2026-09-02T14:15:00,0.3848
HH020,2026-09-02T14:15:00,0.3009
HH001,2026-09-02T14:30:00,0.4899
HH002,2026-09-02T14:30:00,0.1026
HH003,2026-09-02T14:30:00,0.0442
HH004,2026-09-02T14:30:00,0.5222
HH005,2026-09-02T14:30:00,0.3926
HH006,2026-09-02T14:30:00,0.5041
HH007,2026-09-02T14:30:00,0.1731
HH008,2026-09-02T14:30:00,0.0899
HH009,2026-09-02T14:30:00,0.3272
HH010,2026-09-02T14:30:00,0.1026
HH011,2026-09-02T14:30:00,0.4787
HH012,2026-09-02T14:30:00,0.4711
HH013,2026-09-02T14:30:00,0.3891
HH014,2026-09-02T14:30:00,0.0903
HH015,2026-09-02T14:30:00,0.3909
HH016,2026-09-02T14:30:00,0.0446
HH017,2026-09-02T14:30:00,0.4602
HH018,2026-09-02T14:30:00,0.522
HH019,2026-09-02T14:30:00,0.3839
HH020,2026-09-02T14:30:00,0.1956
HH001,2026-09-02T14:45:00,0.5546
HH002,2026-09-02T14:45:00,0.042
HH003,2026-09-02T14:45:00,0.0382
HH004,2026-09-02T14:45:00,0.4738
HH005,2026-09-02T14:45:00,0.4521
HH006,2026-09-02T14:45:00,0.5457
HH007,2026-09-02T14:45:00,0.1737
HH008,2026-09-02T14:45:00,0.0856
HH009,2026-09-02T14:45:00,0.3271
HH010,2026-09-02T14:45:00,0.0814
HH011,2026-09-02T14:45:00,0.5328
HH012,2026-09-02T14:45:00,0.5664
HH013,2026-09-02T14:45:00,0.389
HH014,2026-09-02T14:45:00,0.0909
HH015,2026-09-02T14:45:00,0.4612
HH016,2026-09-02T14:45:00,0.0929
HH017,2026-09-02T14:45:00,0.5028
HH018,2026-09-02T14:45:00,0.4312
HH019,2026-09-02T14:45:00,0.5765
HH020,2026-09-02T14:45:00,0.1691
HH001,2026-09-02T15:00:00,0.4601
HH002,2026-09-02T15:00:00,0.0974
HH003,2026-09-02T15:00:00,0.041
HH004,2026-09-02T15:00:00,0.5363
HH005,2026-09-02T15:00:00,0.4425
HH006,2026-09-02T15:00:00,0.5185
HH007,2026-09-02T15:00:00,0.3586
HH008,2026-09-02T15:00:00,0.0941
HH009,2026-09-02T15:00:00,0.3298
HH010,2026-09-02T15:00:00,0.096
HH011,2026-09-02T15:00:00,0.4668
HH012,2026-09-02T15:00:00,0.5405
HH013,2026-09-02T15:00:00,0.4025
HH014,2026-09-02T15:00:00,0.091
HH015,2026-09-02T15:00:00,0.4822
HH016,2026-09-02T15:00:00,0.0409
HH017,2026-09-02T15:00:00,0.4013
HH018,2026-09-02T15:00:00,0.4175
HH019,2026-09-02T15:00:00,0.5578
HH020,2026-09-02T15:00:00,0.363
HH001,2026-09-02T15:15:00,0.4698
HH002,2026-09-02T15:15:00,0.104
HH003,2026-09-02T15:15:00,0.1
HH004,2026-09-02T15:15:00,0.5496
HH005,2026-09-02T15:15:00,0.5224
HH006,2026-09-02T15:15:00,0.4929
HH007,2026-09-02T15:15:00,0.3166
HH008,2026-09-02T15:15:00,0.1001
HH009,2026-09-02T15:15:00,0.1796
HH010,2026-09-02T15:15:00,0.041
HH011,2026-09-02T15:15:00,0.5405
HH012,2026-09-02T15:15:00,0.5343
HH013,2026-09-02T15:15:00,0.4735
HH014,2026-09-02T15:15:00,0.0466
HH015,2026-09-02T15:15:00,0.4944
HH016,2026-09-02T15:15:00,0.0951
HH017,2026-09-02T15:15:00,0.4613
HH018,2026-09-02T15:15:00,0.4409
HH019,2026-09-02T15:15:00,0.4893
HH020,2026-09-02T15:15:00,0.3174
HH001,2026-09-02T15:30:00,0.5267
HH002,2026-09-02T15:30:00,0.0476
HH003,2026-09-02T15:30:00,0.0441
HH004,2026-09-02T15:30:00,0.422
HH005,2026-09-02T15:30:00,0.4012
HH006,2026-09-02T15:30:00,0.4183
HH007,2026-09-02T15:30:00,0.1768
HH008,2026-09-02T15:30:00,0.082
HH009,2026-09-02T15:30:00,0.3101
HH010,2026-09-02T15:30:00,0.0841
HH011,2026-09-02T15:30:00,0.4212
HH012,2026-09-02T15:30:00,0.4131
HH013,2026-09-02T15:30:00,0.4716
HH014,2026-09-02T15:30:00,0.0994
HH015,2026-09-02T15:30:00,0.4442
HH016,2026-09-02T15:30:00,0.0929
HH017,2026-09-02T15:30:00,0.4991
HH018,2026-09-02T15:30:00,0.4434
HH019,2026-09-02T15:30:00,0.401
HH020,2026-09-02T15:30:00,0.3433
HH001,2026-09-02T15:45:00,0.4339
HH002,2026-09-02T15:45:00,0.0416
HH003,2026-09-02T15:45:00,0.0959
HH004,2026-09-02T15:45:00,0.5361
HH005,2026-09-02T15:45:00,0.3692
HH006,2026-09-02T15:45:00,0.467
HH007,2026-09-02T15:45:00,0.3415
HH008,2026-09-02T15:45:00,0.0927
HH009,2026-09-02T15:45:00,0.3117
HH010,2026-09-02T15:45:00,0.0518
HH011,2026-09-02T15:45:00,0.4334
HH012,2026-09-02T15:45:00,0.5454
HH013,2026-09-02T15:45:00,0.4567
HH014,2026-09-02T15:45:00,0.0943
HH015,2026-09-02T15:45:00,0.5061
HH016,2026-09-02T15:45:00,0.0399
HH017,2026-09-02T15:45:00,0.383
HH018,2026-09-02T15:45:00,0.4599
HH019,2026-09-02T15:45:00,0.4768
HH020,2026-09-02T15:45:00,0.1656
HH001,2026-09-02T16:00:00,0.3796
HH002,2026-09-02T16:00:00,0.0926
HH003,2026-09-02T16:00:00,0.0396
HH004,2026-09-02T16:00:00,0.3879
HH005,2026-09-02T16:00:00,0.5603
HH006,2026-09-02T16:00:00,0.5175
HH007,2026-09-02T16:00:00,0.3044
HH008,2026-09-02T16:00:00,0.0972
HH009,2026-09-02T16:00:00,0.179
HH010,2026-09-02T16:00:00,0.0413
HH011,2026-09-02T16:00:00,0.4955
HH012,2026-09-02T16:00:00,0.5096
HH013,2026-09-02T16:00:00,0.4346
HH014,2026-09-02T16:00:00,0.0407
HH015,2026-09-02T16:00:00,0.4556
HH016,2026-09-02T16:00:00,0.0949
HH017,2026-09-02T16:00:00,0.4128
HH018,2026-09-02T16:00:00,0.465
HH019,2026-09-02T16:00:00,0.5182
HH020,2026-09-02T16:00:00,0.31
HH001,2026-09-02T16:15:00,0.4755
HH002,2026-09-02T16:15:00,0.0965
HH003,2026-09-02T16:15:00,0.0896
HH004,2026-09-02T16:15:00,0.3976
HH005,2026-09-02T16:15:00,0.4686
HH006,2026-09-02T16:15:00,0.4274
HH007,2026-09-02T16:15:00,0.3356
HH008,2026-09-02T16:15:00,0.0466
HH009,2026-09-02T16:15:00,0.3217
HH010,2026-09-02T16:15:00,0.107
HH011,2026-09-02T16:15:00,0.4808
HH012,2026-09-02T16:15:00,0.4504
HH013,2026-09-02T16:15:00,0.4638
HH014,2026-09-02T16:15:00,0.0489
HH015,2026-09-02T16:15:00,0.4523
HH016,2026-09-02T16:15:00,0.094
HH017,2026-09-02T16:15:00,0.392
HH018,2026-09-02T16:15:00,0.4911
HH019,2026-09-02T16:15:00,0.5494
HH020,2026-09-02T16:15:00,0.1884
HH001,2026-09-02T16:30:00,0.3951
HH002,2026-09-02T16:30:00,0.0914
HH003,2026-09-02T16:30:00,0.0401
HH004,2026-09-02T16:30:00,0.4191
HH005,2026-09-02T16:30:00,0.4816
HH006,2026-09-02T16:30:00,0.4888
HH007,2026-09-02T16:30:00,0.1943
HH008,2026-09-02T16:30:00,0.0847
HH009,2026-09-02T16:30:00,0.3177
HH010,2026-09-02T16:30:00,0.089
HH011,2026-09-02T16:30:00,0.4669
HH012,2026-09-02T16:30:00,0.425
HH013,2026-09-02T16:30:00,0.4154
HH014,2026-09-02T16:30:00,0.0904
HH015,2026-09-02T16:30:00,0.452
HH016,2026-09-02T16:30:00,0.0503
HH017,2026-09-02T16:30:00,0.4577
HH018,2026-09-02T16:30:00,0.4986
HH019,2026-09-02T16:30:00,0.4814
HH020,2026-09-02T16:30:00,0.3324
HH001,2026-09-02T16:45:00,0.5419
HH002,2026-09-02T16:45:00,0.0407
HH003,2026-09-02T16:45:00,0.049
HH004,2026-09-02T16:45:00,0.4987
HH005,2026-09-02T16:45:00,0.437
HH006,2026-09-02T16:45:00,0.4357
HH007,2026-09-02T16:45:00,0.3032
HH008,2026-09-02T16:45:00,0.0429
HH009,2026-09-02T16:45:00,0.1785
HH010,2026-09-02T16:45:00,0.0873
HH011,2026-09-02T16:45:00,0.4827
HH012,2026-09-02T16:45:00,0.3867
HH013,2026-09-02T16:45:00,0.4509
HH014,2026-09-02T16:45:00,0.0953
HH015,2026-09-02T16:45:00,0.5096
HH016,2026-09-02T16:45:00,0.0452
HH017,2026-09-02T16:45:00,0.4725
HH018,2026-09-02T16:45:00,0.4021
HH019,2026-09-02T16:45:00,0.4123
HH020,2026-09-02T16:45:00,0.3306
HH001,2026-09-02T17:00:00,0.5415
HH002,2026-09-02T17:00:00,0.0916
HH003,2026-09-02T17:00:00,0.0387
HH004,2026-09-02T17:00:00,0.5488
HH005,2026-09-02T17:00:00,0.3942
HH006,2026-09-02T17:00:00,0.4643
HH007,2026-09-02T17:00:00,0.3225
HH008,2026-09-02T17:00:00,0.0396
HH009,2026-09-02T17:00:00,0.3344
HH010,2026-09-02T17:00:00,0.046
HH011,2026-09-02T17:00:00,0.4025
HH012,2026-09-02T17:00:00,0.5576
HH013,2026-09-02T17:00:00,0.4731
HH014,2026-09-02T17:00:00,0.0402
HH015,2026-09-02T17:00:00,0.5044
HH016,2026-09-02T17:00:00,0.0943
HH017,2026-09-02T17:00:00,0.4602
HH018,2026-09-02T17:00:00,0.4652
HH019,2026-09-02T17:00:00,0.4712
HH020,2026-09-02T17:00:00,0.1824
HH001,2026-09-02T17:15:00,0.528
HH002,2026-09-02T17:15:00,0.0528
HH003,2026-09-02T17:15:00,0.0449
HH004,2026-09-02T17:15:00,0.409
HH005,2026-09-02T17:15:00,0.5024
HH006,2026-09-02T17:15:00,0.4651
HH007,2026-09-02T17:15:00,0.3384
HH008,2026-09-02T17:15:00,0.0513
HH009,2026-09-02T17:15:00,0.1738
HH010,2026-09-02T17:15:00,0.1036
HH011,2026-09-02T17:15:00,0.4768
HH012,2026-09-02T17:15:00,0.4344
HH013,2026-09-02T17:15:00,0.5464
HH014,2026-09-02T17:15:00,0.0893
HH015,2026-09-02T17:15:00,0.539
HH016,2026-09-02T17:15:00,0.0926
HH017,2026-09-02T17:15:00,0.5407
HH018,2026-09-02T17:15:00,0.4818
HH019,2026-09-02T17:15:00,0.3962
HH020,2026-09-02T17:15:00,0.1878
HH001,2026-09-02T17:30:00,0.4906
HH002,2026-09-02T17:30:00,0.0464
HH003,2026-09-02T17:30:00,0.0404
HH004,2026-09-02T17:30:00,0.3684
HH005,2026-09-02T17:30:00,0.4841
HH006,2026-09-02T17:30:00,0.4513
HH007,2026-09-02T17:30:00,0.2959
HH008,2026-09-02T17:30:00,0.0896
HH009,2026-09-02T17:30:00,0.3269
HH010,2026-09-02T17:30:00,0.0373
HH011,2026-09-02T17:30:00,0.4824
HH012,2026-09-02T17:30:00,0.493
HH013,2026-09-02T17:30:00,0.402
HH014,2026-09-02T17:30:00,0.0507
HH015,2026-09-02T17:30:00,0.3941
HH016,2026-09-02T17:30:00,0.0966
HH017,2026-09-02T17:30:00,0.4432
HH018,2026-09-02T17:30:00,0.4607
HH019,2026-09-02T17:30:00,0.4652
HH020,2026-09-02T17:30:00,0.3312
HH001,2026-09-02T17:45:00,0.3814
HH002,2026-09-02T17:45:00,0.0484
HH003,2026-09-02T17:45:00,0.0427
HH004,2026-09-02T17:45:00,0.455
HH005,2026-09-02T17:45:00,0.5658
HH006,2026-09-02T17:45:00,0.4203
HH007,2026-09-02T17:45:00,0.3541
HH008,2026-09-02T17:45:00,0.1021
HH009,2026-09-02T17:45:00,0.3185
HH010,2026-09-02T17:45:00,0.1012
HH011,2026-09-02T17:45:00,0.4965
HH012,2026-09-02T17:45:00,0.5056
HH013,2026-09-02T17:45:00,0.533
HH014,2026-09-02T17:45:00,0.0485
HH015,2026-09-02T17:45:00,0.4538
HH016,2026-09-02T17:45:00,0.0435
HH017,2026-09-02T17:45:00,0.4877
HH018,2026-09-02T17:45:00,0.4024
HH019,2026-09-02T17:45:00,0.5564
HH020,2026-09-02T17:45:00,0.1876
HH001,2026-09-02T18:00:00,0.4847
HH002,2026-09-02T18:00:00,0.3325
HH003,2026-09-02T18:00:00,0.4142
HH004,2026-09-02T18:00:00,0.5357
HH005,2026-09-02T18:00:00,1.1212
HH006,2026-09-02T18:00:00,0.4599
HH007,2026-09-02T18:00:00,0.4312
HH008,2026-09-02T18:00:00,0.0719
HH009,2026-09-02T18:00:00,0.2832
HH010,2026-09-02T18:00:00,0.396
HH011,2026-09-02T18:00:00,0.7524
HH012,2026-09-02T18:00:00,0.4831
HH013,2026-09-02T18:00:00,0.5631
HH014,2026-09-02T18:00:00,0.0688
HH015,2026-09-02T18:00:00,0.5101
HH016,2026-09-02T18:00:00,0.0705
HH017,2026-09-02T18:00:00,0.5481
HH018,2026-09-02T18:00:00,0.6118
HH019,2026-09-02T18:00:00,0.6356
HH020,2026-09-02T18:00:00,0.2913
HH001,2026-09-02T18:15:00,0.4599
HH002,2026-09-02T18:15:00,0.3464
HH003,2026-09-02T18:15:00,0.3976
HH004,2026-09-02T18:15:00,0.5051
HH005,2026-09-02T18:15:00,1.0228
HH006,2026-09-02T18:15:00,0.4537
HH007,2026-09-02T18:15:00,0.268
HH008,2026-09-02T18:15:00,0.0696
HH009,2026-09-02T18:15:00,0.316
HH010,2026-09-02T18:15:00,0.3694
HH011,2026-09-02T18:15:00,0.5959
HH012,2026-09-02T18:15:00,0.6046
HH013,2026-09-02T18:15:00,0.5987
HH014,2026-09-02T18:15:00,0.1256
HH015,2026-09-02T18:15:00,0.6292
HH016,2026-09-02T18:15:00,0.0672
HH017,2026-09-02T18:15:00,0.4424
HH018,2026-09-02T18:15:00,0.5342
HH019,2026-09-02T18:15:00,0.5323
HH020,2026-09-02T18:15:00,0.2904
HH001,2026-09-02T18:30:00,1.5341
HH002,2026-09-02T18:30:00,0.8211
HH003,2026-09-02T18:30:00,0.4327
HH004,2026-09-02T18:30:00,1.3373
HH005,2026-09-02T18:30:00,1.4063
HH006,2026-09-02T18:30:00,0.7072
HH007,2026-09-02T18:30:00,0.5699
HH008,2026-09-02T18:30:00,0.5331
HH009,2026-09-02T18:30:00,0.8956
HH010,2026-09-02T18:30:00,0.4524
HH011,2026-09-02T18:30:00,1.0334
HH012,2026-09-02T18:30:00,1.0787
HH013,2026-09-02T18:30:00,1.2146
HH014,2026-09-02T18:30:00,0.4658
HH015,2026-09-02T18:30:00,0.6623
HH016,2026-09-02T18:30:00,0.4148
HH017,2026-09-02T18:30:00,0.7119
HH018,2026-09-02T18:30:00,0.8476
HH019,2026-09-02T18:30:00,0.8061
HH020,2026-09-02T18:30:00,0.3983
HH001,2026-09-02T18:45:00,1.4978
HH002,2026-09-02T18:45:00,0.4073
HH003,2026-09-02T18:45:00,0.0949
HH004,2026-09-02T18:45:00,0.7068
HH005,2026-09-02T18:45:00,1.3751
HH006,2026-09-02T18:45:00,0.6574
HH007,2026-09-02T18:45:00,0.3455
HH008,2026-09-02T18:45:00,0.5262
HH009,2026-09-02T18:45:00,1.1226
HH010,2026-09-02T18:45:00,0.1003
HH011,2026-09-02T18:45:00,0.9612
HH012,2026-09-02T18:45:00,1.0047
HH013,2026-09-02T18:45:00,1.2535
HH014,2026-09-02T18:45:00,0.5064
HH015,2026-09-02T18:45:00,0.6788
HH016,2026-09-02T18:45:00,0.5189
HH017,2026-09-02T18:45:00,0.6861
HH018,2026-09-02T18:45:00,0.649
HH019,2026-09-02T18:45:00,0.6018
HH020,2026-09-02T18:45:00,0.5532
HH001,2026-09-02T19:00:00,1.2017
HH002,2026-09-02T19:00:00,0.4656
HH003,2026-09-02T19:00:00,0.3985
HH004,2026-09-02T19:00:00,2.0144
HH005,2026-09-02T19:00:00,0.8348
HH006,2026-09-02T19:00:00,1.2009
HH007,2026-09-02T19:00:00,0.8653
HH008,2026-09-02T19:00:00,0.3802
HH009,2026-09-02T19:00:00,1.158
HH010,2026-09-02T19:00:00,0.3759
HH011,2026-09-02T19:00:00,0.8914
HH012,2026-09-02T19:00:00,1.0777
HH013,2026-09-02T19:00:00,1.904
HH014,2026-09-02T19:00:00,0.8397
HH015,2026-09-02T19:00:00,1.4381
HH016,2026-09-02T19:00:00,0.15
HH017,2026-09-02T19:00:00,1.4522
HH018,2026-09-02T19:00:00,1.4661
HH019,2026-09-02T19:00:00,1.0799
HH020,2026-09-02T19:00:00,0.3622
HH001,2026-09-02T19:15:00,1.3173
HH002,2026-09-02T19:15:00,0.45
HH003,2026-09-02T19:15:00,0.3563
HH004,2026-09-02T19:15:00,1.7593
HH005,2026-09-02T19:15:00,0.6486
HH006,2026-09-02T19:15:00,0.7787
HH007,2026-09-02T19:15:00,0.6462
HH008,2026-09-02T19:15:00,0.1075
HH009,2026-09-02T19:15:00,1.2089
HH010,2026-09-02T19:15:00,0.427
HH011,2026-09-02T19:15:00,0.9185
HH012,2026-09-02T19:15:00,1.1538
HH013,2026-09-02T19:15:00,1.7866
HH014,2026-09-02T19:15:00,0.7727
HH015,2026-09-02T19:15:00,1.5969
HH016,2026-09-02T19:15:00,0.161
HH017,2026-09-02T19:15:00,1.5017
HH018,2026-09-02T19:15:00,1.5118
HH019,2026-09-02T19:15:00,1.1345
HH020,2026-09-02T19:15:00,0.6091
HH001,2026-09-02T19:30:00,0.6653
HH002,2026-09-02T19:30:00,0.1387
HH003,2026-09-02T19:30:00,0.3978
HH004,2026-09-02T19:30:00,1.7023
HH005,2026-09-02T19:30:00,0.7604
HH006,2026-09-02T19:30:00,1.1612
HH007,2026-09-02T19:30:00,0.6271
HH008,2026-09-02T19:30:00,0.7481
HH009,2026-09-02T19:30:00,0.6642
HH010,2026-09-02T19:30:00,0.4563
HH011,2026-09-02T19:30:00,0.7561
HH012,2026-09-02T19:30:00,1.0331
HH013,2026-09-02T19:30:00,0.6289
HH014,2026-09-02T19:30:00,0.1347
HH015,2026-09-02T19:30:00,0.6983
HH016,2026-09-02T19:30:00,0.2088
HH017,2026-09-02T19:30:00,0.8107
HH018,2026-09-02T19:30:00,0.7657
HH019,2026-09-02T19:30:00,0.9373
HH020,2026-09-02T19:30:00,0.8712
HH001,2026-09-02T19:45:00,0.7626
HH002,2026-09-02T19:45:00,0.1337
HH003,2026-09-02T19:45:00,0.4045
HH004,2026-09-02T19:45:00,1.0193
HH005,2026-09-02T19:45:00,0.7066
HH006,2026-09-02T19:45:00,1.2024
HH007,2026-09-02T19:45:00,0.8381
HH008,2026-09-02T19:45:00,0.7387
HH009,2026-09-02T19:45:00,0.8786
HH010,2026-09-02T19:45:00,0.3867
HH011,2026-09-02T19:45:00,0.7944
HH012,2026-09-02T19:45:00,0.9365
HH013,2026-09-02T19:45:00,0.7724
HH014,2026-09-02T19:45:00,0.2047
HH015,2026-09-02T19:45:00,0.7023
HH016,2026-09-02T19:45:00,0.1461
HH017,2026-09-02T19:45:00,0.7315
HH018,2026-09-02T19:45:00,0.7792
HH019,2026-09-02T19:45:00,0.9393
HH020,2026-09-02T19:45:00,0.8696
HH001,2026-09-02T20:00:00,0.6457
HH002,2026-09-02T20:00:00,0.1296
HH003,2026-09-02T20:00:00,0.4561
HH004,2026-09-02T20:00:00,1.0845
HH005,2026-09-02T20:00:00,0.6682
HH006,2026-09-02T20:00:00,1.2751
HH007,2026-09-02T20:00:00,0.6047
HH008,2026-09-02T20:00:00,0.6736
HH009,2026-09-02T20:00:00,0.8041
HH010,2026-09-02T20:00:00,0.4117
HH011,2026-09-02T20:00:00,0.7664
HH012,2026-09-02T20:00:00,1.0869
HH013,2026-09-02T20:00:00,0.8237
HH014,2026-09-02T20:00:00,0.1324
HH015,2026-09-02T20:00:00,0.7003
HH016,2026-09-02T20:00:00,0.2087
HH017,2026-09-02T20:00:00,0.6909
HH018,2026-09-02T20:00:00,0.7311
HH019,2026-09-02T20:00:00,1.1921
HH020,2026-09-02T20:00:00,1.2005
HH001,2026-09-02T20:15:00,0.6475
HH002,2026-09-02T20:15:00,0.1956
HH003,2026-09-02T20:15:00,0.494
HH004,2026-09-02T20:15:00,1.1088
HH005,2026-09-02T20:15:00,0.8224
HH006,2026-09-02T20:15:00,1.1467
HH007,2026-09-02T20:15:00,0.6509
HH008,2026-09-02T20:15:00,0.753
HH009,2026-09-02T20:15:00,0.8343
HH010,2026-09-02T20:15:00,0.4262
HH011,2026-09-02T20:15:00,0.7307
HH012,2026-09-02T20:15:00,0.9619
HH013,2026-09-02T20:15:00,0.645
HH014,2026-09-02T20:15:00,0.2043
HH015,2026-09-02T20:15:00,0.7596
HH016,2026-09-02T20:15:00,0.2045
HH017,2026-09-02T20:15:00,0.8127
HH018,2026-09-02T20:15:00,0.9115
HH019,2026-09-02T20:15:00,1.0387
HH020,2026-09-02T20:15:00,1.0574
HH001,2026-09-02T20:30:00,0.8022
HH002,2026-09-02T20:30:00,0.1973
HH003,2026-09-02T20:30:00,0.3717
HH004,2026-09-02T20:30:00,0.9957
HH005,2026-09-02T20:30:00,0.7693
HH006,2026-09-02T20:30:00,1.3235
HH007,2026-09-02T20:30:00,0.648
HH008,2026-09-02T20:30:00,0.6963
HH009,2026-09-02T20:30:00,0.6066
HH010,2026-09-02T20:30:00,0.3815
HH011,2026-09-02T20:30:00,0.7576
HH012,2026-09-02T20:30:00,0.9792
HH013,2026-09-02T20:30:00,0.8292
HH014,2026-09-02T20:30:00,0.1961
HH015,2026-09-02T20:30:00,0.7392
HH016,2026-09-02T20:30:00,0.1307
HH017,2026-09-02T20:30:00,0.7072
HH018,2026-09-02T20:30:00,0.7478
HH019,2026-09-02T20:30:00,0.9968
HH020,2026-09-02T20:30:00,0.9328
HH001,2026-09-02T20:45:00,0.7522
HH002,2026-09-02T20:45:00,0.1192
HH003,2026-09-02T20:45:00,0.4745
HH004,2026-09-02T20:45:00,0.9575
HH005,2026-09-02T20:45:00,0.6734
HH006,2026-09-02T20:45:00,1.1582
HH007,2026-09-02T20:45:00,0.6155
HH008,2026-09-02T20:45:00,0.7362
HH009,2026-09-02T20:45:00,0.8488
HH010,2026-09-02T20:45:00,0.4183
HH011,2026-09-02T20:45:00,0.8004
HH012,2026-09-02T20:45:00,1.0804
HH013,2026-09-02T20:45:00,0.8146
HH014,2026-09-02T20:45:00,0.2052
HH015,2026-09-02T20:45:00,0.7703
HH016,2026-09-02T20:45:00,0.2004
HH017,2026-09-02T20:45:00,0.792
HH018,2026-09-02T20:45:00,0.754
HH019,2026-09-02T20:45:00,1.0435
HH020,2026-09-02T20:45:00,1.0839
HH001,2026-09-02T21:00:00,0.7222
HH002,2026-09-02T21:00:00,0.1325
HH003,2026-09-02T21:00:00,0.2137
HH004,2026-09-02T21:00:00,0.6721
HH005,2026-09-02T21:00:00,0.8795
HH006,2026-09-02T21:00:00,1.2189
HH007,2026-09-02T21:00:00,0.3606
HH008,2026-09-02T21:00:00,0.7396
HH009,2026-09-02T21:00:00,0.3716
HH010,2026-09-02T21:00:00,0.3592
HH011,2026-09-02T21:00:00,0.7199
HH012,2026-09-02T21:00:00,0.744
HH013,2026-09-02T21:00:00,0.8062
HH014,2026-09-02T21:00:00,0.1995
HH015,2026-09-02T21:00:00,0.806
HH016,2026-09-02T21:00:00,0.1927
HH017,2026-09-02T21:00:00,0.7209
HH018,2026-09-02T21:00:00,0.6533
HH019,2026-09-02T21:00:00,0.8025
HH020,2026-09-02T21:00:00,1.1498
HH001,2026-09-02T21:15:00,0.7705
HH002,2026-09-02T21:15:00,0.1396
HH003,2026-09-02T21:15:00,0.1399
HH004,2026-09-02T21:15:00,0.8573
HH005,2026-09-02T21:15:00,0.8095
HH006,2026-09-02T21:15:00,1.3488
HH007,2026-09-02T21:15:00,0.6202
HH008,2026-09-02T21:15:00,0.6309
HH009,2026-09-02T21:15:00,0.3523
HH010,2026-09-02T21:15:00,0.1371
HH011,2026-09-02T21:15:00,0.6753
HH012,2026-09-02T21:15:00,0.7145
HH013,2026-09-02T21:15:00,0.7925
HH014,2026-09-02T21:15:00,0.1882
HH015,2026-09-02T21:15:00,0.8587
HH016,2026-09-02T21:15:00,0.1357
HH017,2026-09-02T21:15:00,0.7664
HH018,2026-09-02T21:15:00,0.7031
HH019,2026-09-02T21:15:00,0.7745
HH020,2026-09-02T21:15:00,0.9559
HH001,2026-09-02T21:30:00,0.6376
HH002,2026-09-02T21:30:00,0.1266
HH003,2026-09-02T21:30:00,0.1385
HH004,2026-09-02T21:30:00,0.8703
HH005,2026-09-02T21:30:00,0.7869
HH006,2026-09-02T21:30:00,1.3269
HH007,2026-09-02T21:30:00,0.3767
HH008,2026-09-02T21:30:00,0.8137
HH009,2026-09-02T21:30:00,0.3896
HH010,2026-09-02T21:30:00,0.1363
HH011,2026-09-02T21:30:00,0.7102
HH012,2026-09-02T21:30:00,0.6665
HH013,2026-09-02T21:30:00,0.6709
HH014,2026-09-02T21:30:00,0.2054
HH015,2026-09-02T21:30:00,0.8336
HH016,2026-09-02T21:30:00,0.2016
HH017,2026-09-02T21:30:00,0.8377
HH018,2026-09-02T21:30:00,0.6825
HH019,2026-09-02T21:30:00,0.6791
HH020,2026-09-02T21:30:00,0.9818
HH001,2026-09-02T21:45:00,0.801
HH002,2026-09-02T21:45:00,0.1233
HH003,2026-09-02T21:45:00,0.1398
HH004,2026-09-02T21:45:00,0.6766
HH005,2026-09-02T21:45:00,0.8274
HH006,2026-09-02T21:45:00,1.1812
HH007,2026-09-02T21:45:00,0.4086
HH008,2026-09-02T21:45:00,0.7453
HH009,2026-09-02T21:45:00,0.6219
HH010,2026-09-02T21:45:00,0.1459
HH011,2026-09-02T21:45:00,0.7276
HH012,2026-09-02T21:45:00,0.6882
HH013,2026-09-02T21:45:00,0.8334
HH014,2026-09-02T21:45:00,0.2064
HH015,2026-09-02T21:45:00,0.764
HH016,2026-09-02T21:45:00,0.1392
HH017,2026-09-02T21:45:00,0.6287
HH018,2026-09-02T21:45:00,0.7815
HH019,2026-09-02T21:45:00,0.8739
HH020,2026-09-02T21:45:00,1.1147
HH001,2026-09-02T22:00:00,0.753
HH002,2026-09-02T22:00:00,0.2045
HH003,2026-09-02T22:00:00,0.1362
HH004,2026-09-02T22:00:00,0.659
HH005,2026-09-02T22:00:00,0.6925
HH006,2026-09-02T22:00:00,1.2877
HH007,2026-09-02T22:00:00,0.2809
HH008,2026-09-02T22:00:00,0.6302
HH009,2026-09-02T22:00:00,0.2793
HH010,2026-09-02T22:00:00,0.1422
HH011,2026-09-02T22:00:00,0.7454
HH012,2026-09-02T22:00:00,0.8128
HH013,2026-09-02T22:00:00,0.7824
HH014,2026-09-02T22:00:00,0.1905
HH015,2026-09-02T22:00:00,0.8591
HH016,2026-09-02T22:00:00,0.133
HH017,2026-09-02T22:00:00,0.6896
HH018,2026-09-02T22:00:00,0.8262
HH019,2026-09-02T22:00:00,0.651
HH020,2026-09-02T22:00:00,0.9828
HH001,2026-09-02T22:15:00,0.6262
HH002,2026-09-02T22:15:00,0.1066
HH003,2026-09-02T22:15:00,0.109
HH004,2026-09-02T22:15:00,0.5104
HH005,2026-09-02T22:15:00,0.5571
HH006,2026-09-02T22:15:00,0.9595
HH007,2026-09-02T22:15:00,0.3475
HH008,2026-09-02T22:15:00,0.5589
HH009,2026-09-02T22:15:00,0.3586
HH010,2026-09-02T22:15:00,0.1518
HH011,2026-09-02T22:15:00,0.4801
HH012,2026-09-02T22:15:00,0.5698
HH013,2026-09-02T22:15:00,0.6759
HH014,2026-09-02T22:15:00,0.1571
HH015,2026-09-02T22:15:00,0.4905
HH016,2026-09-02T22:15:00,0.0984
HH017,2026-09-02T22:15:00,0.4953
HH018,2026-09-02T22:15:00,0.5564
HH019,2026-09-02T22:15:00,0.5315
HH020,2026-09-02T22:15:00,0.6387
HH001,2026-09-02T22:30:00,0.6294
HH002,2026-09-02T22:30:00,0.0717
HH003,2026-09-02T22:30:00,0.0647
HH004,2026-09-02T22:30:00,0.6041
HH005,2026-09-02T22:30:00,0.655
HH006,2026-09-02T22:30:00,0.5591
HH007,2026-09-02T22:30:00,0.3312
HH008,2026-09-02T22:30:00,0.0674
HH009,2026-09-02T22:30:00,0.1984
HH010,2026-09-02T22:30:00,0.1161
HH011,2026-09-02T22:30:00,0.5339
HH012,2026-09-02T22:30:00,0.6946
HH013,2026-09-02T22:30:00,0.4981
HH014,2026-09-02T22:30:00,0.0659
HH015,2026-09-02T22:30:00,0.5604
HH016,2026-09-02T22:30:00,0.0636
HH017,2026-09-02T22:30:00,0.5113
HH018,2026-09-02T22:30:00,0.6109
HH019,2026-09-02T22:30:00,0.5277
HH020,2026-09-02T22:30:00,0.2181
HH001,2026-09-02T22:45:00,0.6649
HH002,2026-09-02T22:45:00,0.0733
HH003,2026-09-02T22:45:00,0.0725
HH004,2026-09-02T22:45:00,0.5711
HH005,2026-09-02T22:45:00,0.4901
HH006,2026-09-02T22:45:00,0.645
HH007,2026-09-02T22:45:00,0.2297
HH008,2026-09-02T22:45:00,0.1329
HH009,2026-09-02T22:45:00,0.2035
HH010,2026-09-02T22:45:00,0.1195
HH011,2026-09-02T22:45:00,0.6662
HH012,2026-09-02T22:45:00,0.5066
HH013,2026-09-02T22:45:00,0.5529
HH014,2026-09-02T22:45:00,0.1213
HH015,2026-09-02T22:45:00,0.6045
HH016,2026-09-02T22:45:00,0.1193
HH017,2026-09-02T22:45:00,0.4962
HH018,2026-09-02T22:45:00,0.5763
HH019,2026-09-02T22:45:00,0.6025
HH020,2026-09-02T22:45:00,0.3389
HH001,2026-09-02T23:00:00,0.5195
HH002,2026-09-02T23:00:00,0.1147
HH003,2026-09-02T23:00:00,0.1282
HH004,2026-09-02T23:00:00,0.5839
HH005,2026-09-02T23:00:00,0.5487
HH006,2026-09-02T23:00:00,0.4636
HH007,2026-09-02T23:00:00,0.2183
HH008,2026-09-02T23:00:00,0.1056
HH009,2026-09-02T23:00:00,0.3747
HH010,2026-09-02T23:00:00,0.0743
HH011,2026-09-02T23:00:00,0.548
HH012,2026-09-02T23:00:00,0.4253
HH013,2026-09-02T23:00:00,0.4571
HH014,2026-09-02T23:00:00,0.0739
HH015,2026-09-02T23:00:00,0.4998
HH016,2026-09-02T23:00:00,0.0761
HH017,2026-09-02T23:00:00,0.5467
HH018,2026-09-02T23:00:00,0.5056
HH019,2026-09-02T23:00:00,0.4896
HH020,2026-09-02T23:00:00,0.2346
HH001,2026-09-02T23:15:00,0.1348
HH002,2026-09-02T23:15:00,0.1207
HH003,2026-09-02T23:15:00,0.1256
HH004,2026-09-02T23:15:00,0.2208
HH005,2026-09-02T23:15:00,0.2058
HH006,2026-09-02T23:15:00,0.2272
HH007,2026-09-02T23:15:00,0.2132
HH008,2026-09-02T23:15:00,0.1212
HH009,2026-09-02T23:15:00,0.324
HH010,2026-09-02T23:15:00,0.0711
HH011,2026-09-02T23:15:00,0.1381
HH012,2026-09-02T23:15:00,0.1528
HH013,2026-09-02T23:15:00,0.1569
HH014,2026-09-02T23:15:00,0.0639
HH015,2026-09-02T23:15:00,0.1583
HH016,2026-09-02T23:15:00,0.0624
HH017,2026-09-02T23:15:00,0.2139
HH018,2026-09-02T23:15:00,0.2357
HH019,2026-09-02T23:15:00,0.148
HH020,2026-09-02T23:15:00,0.3264
HH001,2026-09-02T23:30:00,0.1362
HH002,2026-09-02T23:30:00,0.0687
HH003,2026-09-02T23:30:00,0.0777
HH004,2026-09-02T23:30:00,0.2223
HH005,2026-09-02T23:30:00,0.2216
HH006,2026-09-02T23:30:00,0.205
HH007,2026-09-02T23:30:00,0.3524
HH008,2026-09-02T23:30:00,0.1155
HH009,2026-09-02T23:30:00,0.2166
HH010,2026-09-02T23:30:00,0.075
HH011,2026-09-02T23:30:00,0.129
HH012,2026-09-02T23:30:00,0.1922
HH013,2026-09-02T23:30:00,0.1292
HH014,2026-09-02T23:30:00,0.1227
HH015,2026-09-02T23:30:00,0.1455
HH016,2026-09-02T23:30:00,0.1299
HH017,2026-09-02T23:30:00,0.151
HH018,2026-09-02T23:30:00,0.2203
HH019,2026-09-02T23:30:00,0.1292
HH020,2026-09-02T23:30:00,0.3683
HH001,2026-09-02T23:45:00,0.0991
HH002,2026-09-02T23:45:00,0.0978
HH003,2026-09-02T23:45:00,0.0501
HH004,2026-09-02T23:45:00,0.1768
HH005,2026-09-02T23:45:00,0.09
HH006,2026-09-02T23:45:00,0.1009
HH007,2026-09-02T23:45:00,0.1026
HH008,2026-09-02T23:45:00,0.0472
HH009,2026-09-02T23:45:00,0.2421
HH010,2026-09-02T23:45:00,0.0482
HH011,2026-09-02T23:45:00,0.1562
HH012,2026-09-02T23:45:00,0.1674
HH013,2026-09-02T23:45:00,0.168
HH014,2026-09-02T23:45:00,0.0904
HH015,2026-09-02T23:45:00,0.0875
HH016,2026-09-02T23:45:00,0.0404
HH017,2026-09-02T23:45:00,0.0847
HH018,2026-09-02T23:45:00,0.1913
HH019,2026-09-02T23:45:00,0.085
HH020,2026-09-02T23:45:00,0.271
HH001,2026-09-03T00:00:00,0.1068
HH002,2026-09-03T00:00:00,0.0473
HH003,2026-09-03T00:00:00,0.0371
HH004,2026-09-03T00:00:00,0.108
HH005,2026-09-03T00:00:00,0.0848
HH006,2026-09-03T00:00:00,0.0996
HH007,2026-09-03T00:00:00,0.0996
HH008,2026-09-03T00:00:00,0.0509
HH009,2026-09-03T00:00:00,0.2731
HH010,2026-09-03T00:00:00,0.0391
HH011,2026-09-03T00:00:00,0.0885
HH012,2026-09-03T00:00:00,0.1879
HH013,2026-09-03T00:00:00,0.1645
HH014,2026-09-03T00:00:00,0.0439
HH015,2026-09-03T00:00:00,0.0856
HH016,2026-09-03T00:00:00,0.091
HH017,2026-09-03T00:00:00,0.0981
HH018,2026-09-03T00:00:00,0.0979
HH019,2026-09-03T00:00:00,0.1676
HH020,2026-09-03T00:00:00,0.2458
HH001,2026-09-03T00:15:00,0.0854
HH002,2026-09-03T00:15:00,0.0378
HH003,2026-09-03T00:15:00,0.0525
HH004,2026-09-03T00:15:00,0.0981
HH005,2026-09-03T00:15:00,0.1873
HH006,2026-09-03T00:15:00,0.0908
HH007,2026-09-03T00:15:00,0.2677
HH008,2026-09-03T00:15:00,0.0384
HH009,2026-09-03T00:15:00,0.0968
HH010,2026-09-03T00:15:00,0.0492
HH011,2026-09-03T00:15:00,0.1711
HH012,2026-09-03T00:15:00,0.161
HH013,2026-09-03T00:15:00,0.1653
HH014,2026-09-03T00:15:00,0.0916
HH015,2026-09-03T00:15:00,0.0845
HH016,2026-09-03T00:15:00,0.0899
HH017,2026-09-03T00:15:00,0.1076
HH018,2026-09-03T00:15:00,0.1613
HH019,2026-09-03T00:15:00,0.0876
HH020,2026-09-03T00:15:00,0.1111
HH001,2026-09-03T00:30:00,0.0955
HH002,2026-09-03T00:30:00,0.0367
HH003,2026-09-03T00:30:00,0.0407
HH004,2026-09-03T00:30:00,0.0799
HH005,2026-09-03T00:30:00,0.1779
HH006,2026-09-03T00:30:00,0.0802
HH007,2026-09-03T00:30:00,0.2273
HH008,2026-09-03T00:30:00,0.0509
HH009,2026-09-03T00:30:00,0.237
HH010,2026-09-03T00:30:00,0.0441
HH011,2026-09-03T00:30:00,0.1643
HH012,2026-09-03T00:30:00,0.0997
HH013,2026-09-03T00:30:00,0.0954
HH014,2026-09-03T00:30:00,0.0838
HH015,2026-09-03T00:30:00,0.1644
HH016,2026-09-03T00:30:00,0.0504
HH017,2026-09-03T00:30:00,0.1685
HH018,2026-09-03T00:30:00,0.1763
HH019,2026-09-03T00:30:00,0.1007
HH020,2026-09-03T00:30:00,0.103
HH001,2026-09-03T00:45:00,0.1019
HH002,2026-09-03T00:45:00,0.0532
HH003,2026-09-03T00:45:00,0.0929
HH004,2026-09-03T00:45:00,0.1103
HH005,2026-09-03T00:45:00,0.1008
HH006,2026-09-03T00:45:00,0.0875
HH007,2026-09-03T00:45:00,0.0999
HH008,2026-09-03T00:45:00,0.0424
HH009,2026-09-03T00:45:00,0.2406
HH010,2026-09-03T00:45:00,0.0473
HH011,2026-09-03T00:45:00,0.1795
HH012,2026-09-03T00:45:00,0.0851
HH013,2026-09-03T00:45:00,0.1042
HH014,2026-09-03T00:45:00,0.0889
HH015,2026-09-03T00:45:00,0.0842
HH016,2026-09-03T00:45:00,0.0958
HH017,2026-09-03T00:45:00,0.172
HH018,2026-09-03T00:45:00,0.1772
HH019,2026-09-03T00:45:00,0.1642
HH020,2026-09-03T00:45:00,0.0982
HH001,2026-09-03T01:00:00,0.1585
HH002,2026-09-03T01:00:00,0.053
HH003,2026-09-03T01:00:00,0.0379
HH004,2026-09-03T01:00:00,0.1658
HH005,2026-09-03T01:00:00,0.0788
HH006,2026-09-03T01:00:00,0.0791
HH007,2026-09-03T01:00:00,0.1104
HH008,2026-09-03T01:00:00,0.0384
HH009,2026-09-03T01:00:00,0.107
HH010,2026-09-03T01:00:00,0.0901
HH011,2026-09-03T01:00:00,0.1715
HH012,2026-09-03T01:00:00,0.1849
HH013,2026-09-03T01:00:00,0.0793
HH014,2026-09-03T01:00:00,0.0927
HH015,2026-09-03T01:00:00,0.1029
HH016,2026-09-03T01:00:00,0.0424
HH017,2026-09-03T01:00:00,0.1073
HH018,2026-09-03T01:00:00,0.1509
HH019,2026-09-03T01:00:00,0.0832
HH020,2026-09-03T01:00:00,0.2377
HH001,2026-09-03T01:15:00,0.0852
HH002,2026-09-03T01:15:00,0.0401
HH003,2026-09-03T01:15:00,0.0453
HH004,2026-09-03T01:15:00,0.0892
HH005,2026-09-03T01:15:00,0.0913
HH006,2026-09-03T01:15:00,0.1022
HH007,2026-09-03T01:15:00,0.1123
HH008,2026-09-03T01:15:00,0.0471
HH009,2026-09-03T01:15:00,0.1043
HH010,2026-09-03T01:15:00,0.1037
HH011,2026-09-03T01:15:00,0.155
HH012,2026-09-03T01:15:00,0.1745
HH013,2026-09-03T01:15:00,0.1768
HH014,2026-09-03T01:15:00,0.0953
HH015,2026-09-03T01:15:00,0.185
HH016,2026-09-03T01:15:00,0.0954
HH017,2026-09-03T01:15:00,0.0818
HH018,2026-09-03T01:15:00,0.0895
HH019,2026-09-03T01:15:00,0.0832
HH020,2026-09-03T01:15:00,0.2492
HH001,2026-09-03T01:30:00,0.1035
HH002,2026-09-03T01:30:00,0.0904
HH003,2026-09-03T01:30:00,0.0382
HH004,2026-09-03T01:30:00,0.1092
HH005,2026-09-03T01:30:00,0.1074
HH006,2026-09-03T01:30:00,0.1023
HH007,2026-09-03T01:30:00,0.0973
HH008,2026-09-03T01:30:00,0.0869
HH009,2026-09-03T01:30:00,0.1086
HH010,2026-09-03T01:30:00,0.089
HH011,2026-09-03T01:30:00,0.0968
HH012,2026-09-03T01:30:00,0.1715
HH013,2026-09-03T01:30:00,0.0945
HH014,2026-09-03T01:30:00,0.0971
HH015,2026-09-03T01:30:00,0.1588
HH016,2026-09-03T01:30:00,0.0486
HH017,2026-09-03T01:30:00,0.0952
HH018,2026-09-03T01:30:00,0.0797
HH019,2026-09-03T01:30:00,0.09
HH020,2026-09-03T01:30:00,0.0982
HH001,2026-09-03T01:45:00,0.1025
HH002,2026-09-03T01:45:00,0.0976
HH003,2026-09-03T01:45:00,0.0995
HH004,2026-09-03T01:45:00,0.1615
HH005,2026-09-03T01:45:00,0.1691
HH006,2026-09-03T01:45:00,0.188
HH007,2026-09-03T01:45:00,0.1067
HH008,2026-09-03T01:45:00,0.0467
HH009,2026-09-03T01:45:00,0.2333
HH010,2026-09-03T01:45:00,0.046
HH011,2026-09-03T01:45:00,0.1579
HH012,2026-09-03T01:45:00,0.1034
HH013,2026-09-03T01:45:00,0.086
HH014,2026-09-03T01:45:00,0.0928
HH015,2026-09-03T01:45:00,0.1658
HH016,2026-09-03T01:45:00,0.0457
HH017,2026-09-03T01:45:00,0.0907
HH018,2026-09-03T01:45:00,0.0804
HH019,2026-09-03T01:45:00,0.1812
HH020,2026-09-03T01:45:00,0.2223
HH001,2026-09-03T02:00:00,0.1016
HH002,2026-09-03T02:00:00,0.1011
HH003,2026-09-03T02:00:00,0.0432
HH004,2026-09-03T02:00:00,0.0835
HH005,2026-09-03T02:00:00,0.0803
HH006,2026-09-03T02:00:00,0.153
HH007,2026-09-03T02:00:00,0.1028
HH008,2026-09-03T02:00:00,0.0491
HH009,2026-09-03T02:00:00,0.1216
HH010,2026-09-03T02:00:00,0.0964
HH011,2026-09-03T02:00:00,0.097
HH012,2026-09-03T02:00:00,0.1587
HH013,2026-09-03T02:00:00,0.0968
HH014,2026-09-03T02:00:00,0.0429
HH015,2026-09-03T02:00:00,0.1594
HH016,2026-09-03T02:00:00,0.0897
HH017,2026-09-03T02:00:00,0.1053
HH018,2026-09-03T02:00:00,0.1697
HH019,2026-09-03T02:00:00,0.0827
HH020,2026-09-03T02:00:00,0.1001
HH001,2026-09-03T02:15:00,0.1543
HH002,2026-09-03T02:15:00,0.0994
HH003,2026-09-03T02:15:00,0.0464
HH004,2026-09-03T02:15:00,0.1006
HH005,2026-09-03T02:15:00,0.1559
HH006,2026-09-03T02:15:00,0.1762
HH007,2026-09-03T02:15:00,0.2581
HH008,2026-09-03T02:15:00,0.0454
HH009,2026-09-03T02:15:00,0.1125
HH010,2026-09-03T02:15:00,0.0525
HH011,2026-09-03T02:15:00,0.1725
HH012,2026-09-03T02:15:00,0.1047
HH013,2026-09-03T02:15:00,0.1616
HH014,2026-09-03T02:15:00,0.0435
HH015,2026-09-03T02:15:00,0.1003
HH016,2026-09-03T02:15:00,0.0495
HH017,2026-09-03T02:15:00,0.1577
HH018,2026-09-03T02:15:00,0.0918
HH019,2026-09-03T02:15:00,0.0963
HH020,2026-09-03T02:15:00,0.0992
HH001,2026-09-03T02:30:00,0.08
HH002,2026-09-03T02:30:00,0.0459
HH003,2026-09-03T02:30:00,0.0987
HH004,2026-09-03T02:30:00,0.1649
HH005,2026-09-03T02:30:00,0.1505
HH006,2026-09-03T02:30:00,0.0885
HH007,2026-09-03T02:30:00,0.2496
HH008,2026-09-03T02:30:00,0.0418
HH009,2026-09-03T02:30:00,0.2476
HH010,2026-09-03T02:30:00,0.0877
HH011,2026-09-03T02:30:00,0.1836
HH012,2026-09-03T02:30:00,0.103
HH013,2026-09-03T02:30:00,0.0812
HH014,2026-09-03T02:30:00,0.1013
HH015,2026-09-03T02:30:00,0.157
HH016,2026-09-03T02:30:00,0.1021
HH017,2026-09-03T02:30:00,0.0962
HH018,2026-09-03T02:30:00,0.0991
HH019,2026-09-03T02:30:00,0.1607
HH020,2026-09-03T02:30:00,0.2558
HH001,2026-09-03T02:45:00,0.0987
HH002,2026-09-03T02:45:00,0.0458
HH003,2026-09-03T02:45:00,0.1004
HH004,2026-09-03T02:45:00,0.1626
HH005,2026-09-03T02:45:00,0.0824
HH006,2026-09-03T02:45:00,0.0963
HH007,2026-09-03T02:45:00,0.2601
HH008,2026-09-03T02:45:00,0.0932
HH009,2026-09-03T02:45:00,0.2565
HH010,2026-09-03T02:45:00,0.0447
HH011,2026-09-03T02:45:00,0.0919
HH012,2026-09-03T02:45:00,0.1063
HH013,2026-09-03T02:45:00,0.0932
HH014,2026-09-03T02:45:00,0.087
HH015,2026-09-03T02:45:00,0.1785
HH016,2026-09-03T02:45:00,0.0957
HH017,2026-09-03T02:45:00,0.1705
HH018,2026-09-03T02:45:00,0.1605
HH019,2026-09-03T02:45:00,0.1502
HH020,2026-09-03T02:45:00,0.109
HH001,2026-09-03T03:00:00,0.1829
HH002,2026-09-03T03:00:00,0.0457
HH003,2026-09-03T03:00:00,0.0396
HH004,2026-09-03T03:00:00,0.0963
HH005,2026-09-03T03:00:00,0.098
HH006,2026-09-03T03:00:00,0.0909
HH007,2026-09-03T03:00:00,0.2554
HH008,2026-09-03T03:00:00,0.0925
HH009,2026-09-03T03:00:00,0.2521
HH010,2026-09-03T03:00:00,0.0458
HH011,2026-09-03T03:00:00,0.0948
HH012,2026-09-03T03:00:00,0.0791
HH013,2026-09-03T03:00:00,0.0915
HH014,2026-09-03T03:00:00,0.0839
HH015,2026-09-03T03:00:00,0.1785
HH016,2026-09-03T03:00:00,0.0372
HH017,2026-09-03T03:00:00,0.1801
HH018,2026-09-03T03:00:00,0.0849
HH019,2026-09-03T03:00:00,0.163
HH020,2026-09-03T03:00:00,0.1158
HH001,2026-09-03T03:15:00,0.1088
HH002,2026-09-03T03:15:00,0.044
HH003,2026-09-03T03:15:00,0.0511
HH004,2026-09-03T03:15:00,0.1722
HH005,2026-09-03T03:15:00,0.1017
HH006,2026-09-03T03:15:00,0.1733
HH007,2026-09-03T03:15:00,0.2451
HH008,2026-09-03T03:15:00,0.0969
HH009,2026-09-03T03:15:00,0.11
HH010,2026-09-03T03:15:00,0.0855
HH011,2026-09-03T03:15:00,0.082
HH012,2026-09-03T03:15:00,0.159
HH013,2026-09-03T03:15:00,0.0992
HH014,2026-09-03T03:15:00,0.0921
HH015,2026-09-03T03:15:00,0.106
HH016,2026-09-03T03:15:00,0.0444
HH017,2026-09-03T03:15:00,0.0936
HH018,2026-09-03T03:15:00,0.1666
HH019,2026-09-03T03:15:00,0.1606
HH020,2026-09-03T03:15:00,0.1117
HH001,2026-09-03T03:30:00,0.0925
HH002,2026-09-03T03:30:00,0.0464
HH003,2026-09-03T03:30:00,0.0914
HH004,2026-09-03T03:30:00,0.1778
HH005,2026-09-03T03:30:00,0.1126
HH006,2026-09-03T03:30:00,0.0967
HH007,2026-09-03T03:30:00,0.1026
HH008,2026-09-03T03:30:00,0.0407
HH009,2026-09-03T03:30:00,0.253
HH010,2026-09-03T03:30:00,0.0426
HH011,2026-09-03T03:30:00,0.1637
HH012,2026-09-03T03:30:00,0.0894
HH013,2026-09-03T03:30:00,0.0838
HH014,2026-09-03T03:30:00,0.0928
HH015,2026-09-03T03:30:00,0.107
HH016,2026-09-03T03:30:00,0.0508
HH017,2026-09-03T03:30:00,0.0905
HH018,2026-09-03T03:30:00,0.1833
HH019,2026-09-03T03:30:00,0.0885
HH020,2026-09-03T03:30:00,0.0948
HH001,2026-09-03T03:45:00,0.1706
HH002,2026-09-03T03:45:00,0.0422
HH003,2026-09-03T03:45:00,0.045
HH004,2026-09-03T03:45:00,0.1723
HH005,2026-09-03T03:45:00,0.1596
HH006,2026-09-03T03:45:00,0.0845
HH007,2026-09-03T03:45:00,0.1137
HH008,2026-09-03T03:45:00,0.0915
HH009,2026-09-03T03:45:00,0.244
HH010,2026-09-03T03:45:00,0.0494
HH011,2026-09-03T03:45:00,0.169
HH012,2026-09-03T03:45:00,0.1744
HH013,2026-09-03T03:45:00,0.1813
HH014,2026-09-03T03:45:00,0.0505
HH015,2026-09-03T03:45:00,0.1733
HH016,2026-09-03T03:45:00,0.0929
HH017,2026-09-03T03:45:00,0.1763
HH018,2026-09-03T03:45:00,0.0934
HH019,2026-09-03T03:45:00,0.0921
HH020,2026-09-03T03:45:00,0.2466
HH001,2026-09-03T04:00:00,0.0936
HH002,2026-09-03T04:00:00,0.045
HH003,2026-09-03T04:00:00,0.0904
HH004,2026-09-03T04:00:00,0.1734
HH005,2026-09-03T04:00:00,0.0829
HH006,2026-09-03T04:00:00,0.1709
HH007,2026-09-03T04:00:00,0.1023
HH008,2026-09-03T04:00:00,0.0403
HH009,2026-09-03T04:00:00,0.2703
HH010,2026-09-03T04:00:00,0.0928
HH011,2026-09-03T04:00:00,0.1065
HH012,2026-09-03T04:00:00,0.0866
HH013,2026-09-03T04:00:00,0.157
HH014,2026-09-03T04:00:00,0.0912
HH015,2026-09-03T04:00:00,0.1575
HH016,2026-09-03T04:00:00,0.0469
HH017,2026-09-03T04:00:00,0.1599
HH018,2026-09-03T04:00:00,0.0894
HH019,2026-09-03T04:00:00,0.0842
HH020,2026-09-03T04:00:00,0.1105
HH001,2026-09-03T04:15:00,0.0816
HH002,2026-09-03T04:15:00,0.0477
HH003,2026-09-03T04:15:00,0.0518
HH004,2026-09-03T04:15:00,0.0875
HH005,2026-09-03T04:15:00,0.0914
HH006,2026-09-03T04:15:00,0.1728
HH007,2026-09-03T04:15:00,0.1212
HH008,2026-09-03T04:15:00,0.0976
HH009,2026-09-03T04:15:00,0.2434
HH010,2026-09-03T04:15:00,0.0957
HH011,2026-09-03T04:15:00,0.1762
HH012,2026-09-03T04:15:00,0.1556
HH013,2026-09-03T04:15:00,0.1725
HH014,2026-09-03T04:15:00,0.0513
HH015,2026-09-03T04:15:00,0.1591
HH016,2026-09-03T04:15:00,0.0484
HH017,2026-09-03T04:15:00,0.102
HH018,2026-09-03T04:15:00,0.0911
HH019,2026-09-03T04:15:00,0.1024
HH020,2026-09-03T04:15:00,0.2595
HH001,2026-09-03T04:30:00,0.0917
HH002,2026-09-03T04:30:00,0.0525
HH003,2026-09-03T04:30:00,0.104
HH004,2026-09-03T04:30:00,0.1081
HH005,2026-09-03T04:30:00,0.1617
HH006,2026-09-03T04:30:00,0.1758
HH007,2026-09-03T04:30:00,0.2355
HH008,2026-09-03T04:30:00,0.0451
HH009,2026-09-03T04:30:00,0.102
HH010,2026-09-03T04:30:00,0.0438
HH011,2026-09-03T04:30:00,0.1658
HH012,2026-09-03T04:30:00,0.1017
HH013,2026-09-03T04:30:00,0.1629
HH014,2026-09-03T04:30:00,0.0434
HH015,2026-09-03T04:30:00,0.1025
HH016,2026-09-03T04:30:00,0.0492
HH017,2026-09-03T04:30:00,0.1735
HH018,2026-09-03T04:30:00,0.0859
HH019,2026-09-03T04:30:00,0.1715
HH020,2026-09-03T04:30:00,0.1092
HH001,2026-09-03T04:45:00,0.0838
HH002,2026-09-03T04:45:00,0.0399
HH003,2026-09-03T04:45:00,0.0395
HH004,2026-09-03T04:45:00,0.0927
HH005,2026-09-03T04:45:00,0.1694
HH006,2026-09-03T04:45:00,0.1664
HH007,2026-09-03T04:45:00,0.2656
HH008,2026-09-03T04:45:00,0.0464
HH009,2026-09-03T04:45:00,0.1036
HH010,2026-09-03T04:45:00,0.047
HH011,2026-09-03T04:45:00,0.0944
HH012,2026-09-03T04:45:00,0.0904
HH013,2026-09-03T04:45:00,0.1096
HH014,2026-09-03T04:45:00,0.0535
HH015,2026-09-03T04:45:00,0.1626
HH016,2026-09-03T04:45:00,0.0434
HH017,2026-09-03T04:45:00,0.1553
HH018,2026-09-03T04:45:00,0.0895
HH019,2026-09-03T04:45:00,0.1616
HH020,2026-09-03T04:45:00,0.2431
HH001,2026-09-03T05:00:00,0.0963
HH002,2026-09-03T05:00:00,0.0487
HH003,2026-09-03T05:00:00,0.0842
HH004,2026-09-03T05:00:00,0.1633
HH005,2026-09-03T05:00:00,0.087
HH006,2026-09-03T05:00:00,0.0929
HH007,2026-09-03T05:00:00,0.1005
HH008,2026-09-03T05:00:00,0.0892
HH009,2026-09-03T05:00:00,0.268
HH010,2026-09-03T05:00:00,0.0942
HH011,2026-09-03T05:00:00,0.1807
HH012,2026-09-03T05:00:00,0.107
HH013,2026-09-03T05:00:00,0.1013
HH014,2026-09-03T05:00:00,0.0849
HH015,2026-09-03T05:00:00,0.1063
HH016,2026-09-03T05:00:00,0.0443
HH017,2026-09-03T05:00:00,0.1061
HH018,2026-09-03T05:00:00,0.0828
HH019,2026-09-03T05:00:00,0.106
HH020,2026-09-03T05:00:00,0.1163
HH001,2026-09-03T05:15:00,0.1555
HH002,2026-09-03T05:15:00,0.0489
HH003,2026-09-03T05:15:00,0.0433
HH004,2026-09-03T05:15:00,0.1698
HH005,2026-09-03T05:15:00,0.0999
HH006,2026-09-03T05:15:00,0.1511
HH007,2026-09-03T05:15:00,0.2426
HH008,2026-09-03T05:15:00,0.0383
HH009,2026-09-03T05:15:00,0.2273
HH010,2026-09-03T05:15:00,0.0472
HH011,2026-09-03T05:15:00,0.1536
HH012,2026-09-03T05:15:00,0.0904
HH013,2026-09-03T05:15:00,0.1656
HH014,2026-09-03T05:15:00,0.0454
HH015,2026-09-03T05:15:00,0.109
HH016,2026-09-03T05:15:00,0.0833
HH017,2026-09-03T05:15:00,0.1639
HH018,2026-09-03T05:15:00,0.1001
HH019,2026-09-03T05:15:00,0.1627
HH020,2026-09-03T05:15:00,0.0947
HH001,2026-09-03T05:30:00,0.0874
HH002,2026-09-03T05:30:00,0.0445
HH003,2026-09-03T05:30:00,0.0875
HH004,2026-09-03T05:30:00,0.178
HH005,2026-09-03T05:30:00,0.091
HH006,2026-09-03T05:30:00,0.1016
HH007,2026-09-03T05:30:00,0.1033
HH008,2026-09-03T05:30:00,0.0901
HH009,2026-09-03T05:30:00,0.2518
HH010,2026-09-03T05:30:00,0.0894
HH011,2026-09-03T05:30:00,0.1648
HH012,2026-09-03T05:30:00,0.091
HH013,2026-09-03T05:30:00,0.0889
HH014,2026-09-03T05:30:00,0.0491
HH015,2026-09-03T05:30:00,0.1945
HH016,2026-09-03T05:30:00,0.0903
HH017,2026-09-03T05:30:00,0.169
HH018,2026-09-03T05:30:00,0.1027
HH019,2026-09-03T05:30:00,0.1532
HH020,2026-09-03T05:30:00,0.0986
HH001,2026-09-03T05:45:00,0.0779
HH002,2026-09-03T05:45:00,0.098
HH003,2026-09-03T05:45:00,0.0458
HH004,2026-09-03T05:45:00,0.0897
HH005,2026-09-03T05:45:00,0.1592
HH006,2026-09-03T05:45:00,0.1784
HH007,2026-09-03T05:45:00,0.2644
HH008,2026-09-03T05:45:00,0.0925
HH009,2026-09-03T05:45:00,0.1056
HH010,2026-09-03T05:45:00,0.0451
HH011,2026-09-03T05:45:00,0.1678
HH012,2026-09-03T05:45:00,0.1502
HH013,2026-09-03T05:45:00,0.1554
HH014,2026-09-03T05:45:00,0.0921
HH015,2026-09-03T05:45:00,0.0914
HH016,2026-09-03T05:45:00,0.0859
HH017,2026-09-03T05:45:00,0.1733
HH018,2026-09-03T05:45:00,0.1039
HH019,2026-09-03T05:45:00,0.1686
HH020,2026-09-03T05:45:00,0.1058
HH001,2026-09-03T06:00:00,0.1473
HH002,2026-09-03T06:00:00,0.1152
HH003,2026-09-03T06:00:00,0.0734
HH004,2026-09-03T06:00:00,0.2072
HH005,2026-09-03T06:00:00,0.2113
HH006,2026-09-03T06:00:00,0.1614
HH007,2026-09-03T06:00:00,0.1816
HH008,2026-09-03T06:00:00,0.1213
HH009,2026-09-03T06:00:00,0.1972
HH010,2026-09-03T06:00:00,0.0775
HH011,2026-09-03T06:00:00,0.1491
HH012,2026-09-03T06:00:00,0.2231
HH013,2026-09-03T06:00:00,0.2232
HH014,2026-09-03T06:00:00,0.0618
HH015,2026-09-03T06:00:00,0.2218
HH016,2026-09-03T06:00:00,0.0785
HH017,2026-09-03T06:00:00,0.1486
HH018,2026-09-03T06:00:00,0.1417
HH019,2026-09-03T06:00:00,0.2142
HH020,2026-09-03T06:00:00,0.2107
HH001,2026-09-03T06:15:00,0.139
HH002,2026-09-03T06:15:00,0.0641
HH003,2026-09-03T06:15:00,0.0708
HH004,2026-09-03T06:15:00,0.1346
HH005,2026-09-03T06:15:00,0.2291
HH006,2026-09-03T06:15:00,0.14
HH007,2026-09-03T06:15:00,0.2071
HH008,2026-09-03T06:15:00,0.0721
HH009,2026-09-03T06:15:00,0.2014
HH010,2026-09-03T06:15:00,0.1269
HH011,2026-09-03T06:15:00,0.1563
HH012,2026-09-03T06:15:00,0.1271
HH013,2026-09-03T06:15:00,0.214
HH014,2026-09-03T06:15:00,0.0711
HH015,2026-09-03T06:15:00,0.2185
HH016,2026-09-03T06:15:00,0.0679
HH017,2026-09-03T06:15:00,0.1496
HH018,2026-09-03T06:15:00,0.2299
HH019,2026-09-03T06:15:00,0.1382
HH020,2026-09-03T06:15:00,0.3617
HH001,2026-09-03T06:30:00,0.217
HH002,2026-09-03T06:30:00,0.1233
HH003,2026-09-03T06:30:00,0.1233
HH004,2026-09-03T06:30:00,0.2241
HH005,2026-09-03T06:30:00,0.2285
HH006,2026-09-03T06:30:00,0.1867
HH007,2026-09-03T06:30:00,0.3198
HH008,2026-09-03T06:30:00,0.1064
HH009,2026-09-03T06:30:00,0.3564
HH010,2026-09-03T06:30:00,0.0752
HH011,2026-09-03T06:30:00,0.1489
HH012,2026-09-03T06:30:00,0.2155
HH013,2026-09-03T06:30:00,0.2198
HH014,2026-09-03T06:30:00,0.1128
HH015,2026-09-03T06:30:00,0.2316
HH016,2026-09-03T06:30:00,0.0752
HH017,2026-09-03T06:30:00,0.1444
HH018,2026-09-03T06:30:00,0.2186
HH019,2026-09-03T06:30:00,0.2254
HH020,2026-09-03T06:30:00,0.379
HH001,2026-09-03T06:45:00,0.2094
HH002,2026-09-03T06:45:00,0.0675
HH003,2026-09-03T06:45:00,0.0672
HH004,2026-09-03T06:45:00,0.1539
HH005,2026-09-03T06:45:00,0.2251
HH006,2026-09-03T06:45:00,0.1535
HH007,2026-09-03T06:45:00,0.1923
HH008,2026-09-03T06:45:00,0.0677
HH009,2026-09-03T06:45:00,0.197
HH010,2026-09-03T06:45:00,0.1223
HH011,2026-09-03T06:45:00,0.1518
HH012,2026-09-03T06:45:00,0.1991
HH013,2026-09-03T06:45:00,0.1552
HH014,2026-09-03T06:45:00,0.0708
HH015,2026-09-03T06:45:00,0.2106
HH016,2026-09-03T06:45:00,0.0722
HH017,2026-09-03T06:45:00,0.2278
HH018,2026-09-03T06:45:00,0.1424
HH019,2026-09-03T06:45:00,0.2057
HH020,2026-09-03T06:45:00,0.3632
HH001,2026-09-03T07:00:00,0.2167
HH002,2026-09-03T07:00:00,0.0694
HH003,2026-09-03T07:00:00,0.0618
HH004,2026-09-03T07:00:00,0.1988
HH005,2026-09-03T07:00:00,0.2075
HH006,2026-09-03T07:00:00,0.1522
HH007,2026-09-03T07:00:00,0.1997
HH008,2026-09-03T07:00:00,0.1054
HH009,2026-09-03T07:00:00,0.3408
HH010,2026-09-03T07:00:00,0.1288
HH011,2026-09-03T07:00:00,0.1639
HH012,2026-09-03T07:00:00,0.2367
HH013,2026-09-03T07:00:00,0.1991
HH014,2026-09-03T07:00:00,0.0664
HH015,2026-09-03T07:00:00,0.1532
HH016,2026-09-03T07:00:00,0.0681
HH017,2026-09-03T07:00:00,0.1388
HH018,2026-09-03T07:00:00,0.1467
HH019,2026-09-03T07:00:00,0.1419
HH020,2026-09-03T07:00:00,0.2125
HH001,2026-09-03T07:15:00,0.2141
HH002,2026-09-03T07:15:00,0.0645
HH003,2026-09-03T07:15:00,0.1136
HH004,2026-09-03T07:15:00,0.1522
HH005,2026-09-03T07:15:00,0.1446
HH006,2026-09-03T07:15:00,0.1533
HH007,2026-09-03T07:15:00,0.2006
HH008,2026-09-03T07:15:00,0.0734
HH009,2026-09-03T07:15:00,0.3329
HH010,2026-09-03T07:15:00,0.0677
HH011,2026-09-03T07:15:00,0.2045
HH012,2026-09-03T07:15:00,0.2171
HH013,2026-09-03T07:15:00,0.2303
HH014,2026-09-03T07:15:00,0.0666
HH015,2026-09-03T07:15:00,0.151
HH016,2026-09-03T07:15:00,0.0709
HH017,2026-09-03T07:15:00,0.22
HH018,2026-09-03T07:15:00,0.1272
HH019,2026-09-03T07:15:00,0.1609
HH020,2026-09-03T07:15:00,0.1867
HH001,2026-09-03T07:30:00,0.2278
HH002,2026-09-03T07:30:00,0.0646
HH003,2026-09-03T07:30:00,0.0692
HH004,2026-09-03T07:30:00,0.1551
HH005,2026-09-03T07:30:00,0.2295
HH006,2026-09-03T07:30:00,0.1347
HH007,2026-09-03T07:30:00,0.3714
HH008,2026-09-03T07:30:00,0.0664
HH009,2026-09-03T07:30:00,0.3504
HH010,2026-09-03T07:30:00,0.1116
HH011,2026-09-03T07:30:00,0.1583
HH012,2026-09-03T07:30:00,0.1936
HH013,2026-09-03T07:30:00,0.2189
HH014,2026-09-03T07:30:00,0.1144
HH015,2026-09-03T07:30:00,0.1429
HH016,2026-09-03T07:30:00,0.1182
HH017,2026-09-03T07:30:00,0.2322
HH018,2026-09-03T07:30:00,0.1412
HH019,2026-09-03T07:30:00,0.2406
HH020,2026-09-03T07:30:00,0.35
HH001,2026-09-03T07:45:00,0.1436
HH002,2026-09-03T07:45:00,0.1129
HH003,2026-09-03T07:45:00,0.0706
HH004,2026-09-03T07:45:00,0.2045
HH005,2026-09-03T07:45:00,0.1549
HH006,2026-09-03T07:45:00,0.1568
HH007,2026-09-03T07:45:00,0.2021
HH008,2026-09-03T07:45:00,0.1219
HH009,2026-09-03T07:45:00,0.346
HH010,2026-09-03T07:45:00,0.0662
HH011,2026-09-03T07:45:00,0.2128
HH012,2026-09-03T07:45:00,0.1603
HH013,2026-09-03T07:45:00,0.1529
HH014,2026-09-03T07:45:00,0.0744
HH015,2026-09-03T07:45:00,0.225
HH016,2026-09-03T07:45:00,0.1104
HH017,2026-09-03T07:45:00,0.1365
HH018,2026-09-03T07:45:00,0.2255
HH019,2026-09-03T07:45:00,0.128
HH020,2026-09-03T07:45:00,0.1946
HH001,2026-09-03T08:00:00,0.2075
HH002,2026-09-03T08:00:00,0.0626
HH003,2026-09-03T08:00:00,0.1151
HH004,2026-09-03T08:00:00,0.2041
HH005,2026-09-03T08:00:00,0.2179
HH006,2026-09-03T08:00:00,0.1253
HH007,2026-09-03T08:00:00,0.1943
HH008,2026-09-03T08:00:00,0.0725
HH009,2026-09-03T08:00:00,0.2087
HH010,2026-09-03T08:00:00,0.0715
HH011,2026-09-03T08:00:00,0.155
HH012,2026-09-03T08:00:00,0.2203
HH013,2026-09-03T08:00:00,0.1511
HH014,2026-09-03T08:00:00,0.1231
HH015,2026-09-03T08:00:00,0.2161
HH016,2026-09-03T08:00:00,0.0707
HH017,2026-09-03T08:00:00,0.2312
HH018,2026-09-03T08:00:00,0.2182
HH019,2026-09-03T08:00:00,0.2277
HH020,2026-09-03T08:00:00,0.2228
HH001,2026-09-03T08:15:00,0.0967
HH002,2026-09-03T08:15:00,0.0452
HH003,2026-09-03T08:15:00,0.0961
HH004,2026-09-03T08:15:00,0.0914
HH005,2026-09-03T08:15:00,0.0881
HH006,2026-09-03T08:15:00,0.177
HH007,2026-09-03T08:15:00,0.1136
HH008,2026-09-03T08:15:00,0.0515
HH009,2026-09-03T08:15:00,0.1177
HH010,2026-09-03T08:15:00,0.0923
HH011,2026-09-03T08:15:00,0.0886
HH012,2026-09-03T08:15:00,0.1713
HH013,2026-09-03T08:15:00,0.0857
HH014,2026-09-03T08:15:00,0.0477
HH015,2026-09-03T08:15:00,0.0794
HH016,2026-09-03T08:15:00,0.0443
HH017,2026-09-03T08:15:00,0.1072
HH018,2026-09-03T08:15:00,0.1628
HH019,2026-09-03T08:15:00,0.168
HH020,2026-09-03T08:15:00,0.2308
HH001,2026-09-03T08:30:00,0.0935
HH002,2026-09-03T08:30:00,0.0411
HH003,2026-09-03T08:30:00,0.0946
HH004,2026-09-03T08:30:00,0.1728
HH005,2026-09-03T08:30:00,0.154
HH006,2026-09-03T08:30:00,0.1492
HH007,2026-09-03T08:30:00,0.1063
HH008,2026-09-03T08:30:00,0.0432
HH009,2026-09-03T08:30:00,0.1015
HH010,2026-09-03T08:30:00,0.0847
HH011,2026-09-03T08:30:00,0.0999
HH012,2026-09-03T08:30:00,0.1545
HH013,2026-09-03T08:30:00,0.0939
HH014,2026-09-03T08:30:00,0.0526
HH015,2026-09-03T08:30:00,0.1702
HH016,2026-09-03T08:30:00,0.0446
HH017,2026-09-03T08:30:00,0.1051
HH018,2026-09-03T08:30:00,0.1599
HH019,2026-09-03T08:30:00,0.1651
HH020,2026-09-03T08:30:00,0.2545
HH001,2026-09-03T08:45:00,0.183
HH002,2026-09-03T08:45:00,0.049
HH003,2026-09-03T08:45:00,0.0419
HH004,2026-09-03T08:45:00,0.1067
HH005,2026-09-03T08:45:00,0.1017
HH006,2026-09-03T08:45:00,0.0931
HH007,2026-09-03T08:45:00,0.0996
HH008,2026-09-03T08:45:00,0.0477
HH009,2026-09-03T08:45:00,0.0921
HH010,2026-09-03T08:45:00,0.0927
HH011,2026-09-03T08:45:00,0.1062
HH012,2026-09-03T08:45:00,0.1049
HH013,2026-09-03T08:45:00,0.0811
HH014,2026-09-03T08:45:00,0.0509
HH015,2026-09-03T08:45:00,0.1001
HH016,2026-09-03T08:45:00,0.0944
HH017,2026-09-03T08:45:00,0.1103
HH018,2026-09-03T08:45:00,0.081
HH019,2026-09-03T08:45:00,0.1831
HH020,2026-09-03T08:45:00,0.239
HH001,2026-09-03T09:00:00,0.0839
HH002,2026-09-03T09:00:00,0.0431
HH003,2026-09-03T09:00:00,0.0386
HH004,2026-09-03T09:00:00,0.1017
HH005,2026-09-03T09:00:00,0.0991
HH006,2026-09-03T09:00:00,0.1849
HH007,2026-09-03T09:00:00,0.2564
HH008,2026-09-03T09:00:00,0.0411
HH009,2026-09-03T09:00:00,0.267
HH010,2026-09-03T09:00:00,0.0513
HH011,2026-09-03T09:00:00,0.1741
HH012,2026-09-03T09:00:00,0.0899
HH013,2026-09-03T09:00:00,0.1013
HH014,2026-09-03T09:00:00,0.0505
HH015,2026-09-03T09:00:00,0.158
HH016,2026-09-03T09:00:00,0.0853
HH017,2026-09-03T09:00:00,0.1723
HH018,2026-09-03T09:00:00,0.1037
HH019,2026-09-03T09:00:00,0.1817
HH020,2026-09-03T09:00:00,0.1051
HH001,2026-09-03T09:15:00,0.166
HH002,2026-09-03T09:15:00,0.0896
HH003,2026-09-03T09:15:00,0.0502
HH004,2026-09-03T09:15:00,0.0908
HH005,2026-09-03T09:15:00,0.1642
HH006,2026-09-03T09:15:00,0.1717
HH007,2026-09-03T09:15:00,0.0994
HH008,2026-09-03T09:15:00,0.0429
HH009,2026-09-03T09:15:00,0.2665
HH010,2026-09-03T09:15:00,0.0997
HH011,2026-09-03T09:15:00,0.1678
HH012,2026-09-03T09:15:00,0.1009
HH013,2026-09-03T09:15:00,0.1012
HH014,2026-09-03T09:15:00,0.0455
HH015,2026-09-03T09:15:00,0.0849
HH016,2026-09-03T09:15:00,0.092
HH017,2026-09-03T09:15:00,0.162
HH018,2026-09-03T09:15:00,0.1647
HH019,2026-09-03T09:15:00,0.0968
HH020,2026-09-03T09:15:00,0.0997
HH001,2026-09-03T09:30:00,0.1782
HH002,2026-09-03T09:30:00,0.0495
HH003,2026-09-03T09:30:00,0.0929
HH004,2026-09-03T09:30:00,0.0835
HH005,2026-09-03T09:30:00,0.1767
HH006,2026-09-03T09:30:00,0.0911
HH007,2026-09-03T09:30:00,0.2504
HH008,2026-09-03T09:30:00,0.087
HH009,2026-09-03T09:30:00,0.2506
HH010,2026-09-03T09:30:00,0.0362
HH011,2026-09-03T09:30:00,0.0941
HH012,2026-09-03T09:30:00,0.1128
HH013,2026-09-03T09:30:00,0.1032
HH014,2026-09-03T09:30:00,0.1021
HH015,2026-09-03T09:30:00,0.1488
HH016,2026-09-03T09:30:00,0.0874
HH017,2026-09-03T09:30:00,0.1532
HH018,2026-09-03T09:30:00,0.08
HH019,2026-09-03T09:30:00,0.0918
HH020,2026-09-03T09:30:00,0.2515
HH001,2026-09-03T09:45:00,0.0971
HH002,2026-09-03T09:45:00,0.0989
HH003,2026-09-03T09:45:00,0.0924
HH004,2026-09-03T09:45:00,0.102
HH005,2026-09-03T09:45:00,0.1669
HH006,2026-09-03T09:45:00,0.0887
HH007,2026-09-03T09:45:00,0.1064
HH008,2026-09-03T09:45:00,0.092
HH009,2026-09-03T09:45:00,0.1041
HH010,2026-09-03T09:45:00,0.0497
HH011,2026-09-03T09:45:00,0.1043
HH012,2026-09-03T09:45:00,0.1763
HH013,2026-09-03T09:45:00,0.1527
HH014,2026-09-03T09:45:00,0.0462
HH015,2026-09-03T09:45:00,0.1602
HH016,2026-09-03T09:45:00,0.0457
HH017,2026-09-03T09:45:00,0.0962
HH018,2026-09-03T09:45:00,0.1682
HH019,2026-09-03T09:45:00,0.0914
HH020,2026-09-03T09:45:00,0.0993
HH001,2026-09-03T10:00:00,0.1646
HH002,2026-09-03T10:00:00,0.0978
HH003,2026-09-03T10:00:00,0.0468
HH004,2026-09-03T10:00:00,0.1686
HH005,2026-09-03T10:00:00,0.1518
HH006,2026-09-03T10:00:00,0.1665
HH007,2026-09-03T10:00:00,0.1976
HH008,2026-09-03T10:00:00,0.0395
HH009,2026-09-03T10:00:00,0.1705
HH010,2026-09-03T10:00:00,0.0948
HH011,2026-09-03T10:00:00,0.099
HH012,2026-09-03T10:00:00,0.1706
HH013,2026-09-03T10:00:00,0.1612
HH014,2026-09-03T10:00:00,0.0495
HH015,2026-09-03T10:00:00,0.0917
HH016,2026-09-03T10:00:00,0.0936
HH017,2026-09-03T10:00:00,0.1678
HH018,2026-09-03T10:00:00,0.1688
HH019,2026-09-03T10:00:00,0.1018
HH020,2026-09-03T10:00:00,0.3122
HH001,2026-09-03T10:15:00,0.1634
HH002,2026-09-03T10:15:00,0.0895
HH003,2026-09-03T10:15:00,0.0998
HH004,2026-09-03T10:15:00,0.1706
HH005,2026-09-03T10:15:00,0.0967
HH006,2026-09-03T10:15:00,0.0959
HH007,2026-09-03T10:15:00,0.3193
HH008,2026-09-03T10:15:00,0.0897
HH009,2026-09-03T10:15:00,0.2939
HH010,2026-09-03T10:15:00,0.0408
HH011,2026-09-03T10:15:00,0.1524
HH012,2026-09-03T10:15:00,0.0941
HH013,2026-09-03T10:15:00,0.1765
HH014,2026-09-03T10:15:00,0.0375
HH015,2026-09-03T10:15:00,0.1699
HH016,2026-09-03T10:15:00,0.0458
HH017,2026-09-03T10:15:00,0.1696
HH018,2026-09-03T10:15:00,0.1699
HH019,2026-09-03T10:15:00,0.1034
HH020,2026-09-03T10:15:00,0.3322
HH001,2026-09-03T10:30:00,0.1037
HH002,2026-09-03T10:30:00,0.0376
HH003,2026-09-03T10:30:00,0.0444
HH004,2026-09-03T10:30:00,0.0925
HH005,2026-09-03T10:30:00,0.1049
HH006,2026-09-03T10:30:00,0.1078
HH007,2026-09-03T10:30:00,0.1748
HH008,2026-09-03T10:30:00,0.0518
HH009,2026-09-03T10:30:00,0.3592
HH010,2026-09-03T10:30:00,0.0494
HH011,2026-09-03T10:30:00,0.0887
HH012,2026-09-03T10:30:00,0.0884
HH013,2026-09-03T10:30:00,0.1715
HH014,2026-09-03T10:30:00,0.0517
HH015,2026-09-03T10:30:00,0.0917
HH016,2026-09-03T10:30:00,0.05
HH017,2026-09-03T10:30:00,0.0945
HH018,2026-09-03T10:30:00,0.0872
HH019,2026-09-03T10:30:00,0.1668
HH020,2026-09-03T10:30:00,0.3066
HH001,2026-09-03T10:45:00,0.0874
HH002,2026-09-03T10:45:00,0.0406
HH003,2026-09-03T10:45:00,0.0504
HH004,2026-09-03T10:45:00,0.1044
HH005,2026-09-03T10:45:00,0.1503
HH006,2026-09-03T10:45:00,0.1895
HH007,2026-09-03T10:45:00,0.3269
HH008,2026-09-03T10:45:00,0.0928
HH009,2026-09-03T10:45:00,0.3563
HH010,2026-09-03T10:45:00,0.0399
HH011,2026-09-03T10:45:00,0.1739
HH012,2026-09-03T10:45:00,0.1008
HH013,2026-09-03T10:45:00,0.1042
HH014,2026-09-03T10:45:00,0.0414
HH015,2026-09-03T10:45:00,0.1612
HH016,2026-09-03T10:45:00,0.0497
HH017,2026-09-03T10:45:00,0.1679
HH018,2026-09-03T10:45:00,0.1665
HH019,2026-09-03T10:45:00,0.1016
HH020,2026-09-03T10:45:00,0.1755
HH001,2026-09-03T11:00:00,0.0831
HH002,2026-09-03T11:00:00,0.0419
HH003,2026-09-03T11:00:00,0.0415
HH004,2026-09-03T11:00:00,0.0785
HH005,2026-09-03T11:00:00,0.1103
HH006,2026-09-03T11:00:00,0.1758
HH007,2026-09-03T11:00:00,0.1699
HH008,2026-09-03T11:00:00,0.045
HH009,2026-09-03T11:00:00,0.3447
HH010,2026-09-03T11:00:00,0.0418
HH011,2026-09-03T11:00:00,0.1833
HH012,2026-09-03T11:00:00,0.0971
HH013,2026-09-03T11:00:00,0.0888
HH014,2026-09-03T11:00:00,0.0868
HH015,2026-09-03T11:00:00,0.1014
HH016,2026-09-03T11:00:00,0.0896
HH017,2026-09-03T11:00:00,0.1623
HH018,2026-09-03T11:00:00,0.0929
HH019,2026-09-03T11:00:00,0.1027
HH020,2026-09-03T11:00:00,0.1657
HH001,2026-09-03T11:15:00,0.0832
HH002,2026-09-03T11:15:00,0.0411
HH003,2026-09-03T11:15:00,0.0413
HH004,2026-09-03T11:15:00,0.1561
HH005,2026-09-03T11:15:00,0.178
HH006,2026-09-03T11:15:00,0.0939
HH007,2026-09-03T11:15:00,0.3244
HH008,2026-09-03T11:15:00,0.0966
HH009,2026-09-03T11:15:00,0.2038
HH010,2026-09-03T11:15:00,0.0878
HH011,2026-09-03T11:15:00,0.0932
HH012,2026-09-03T11:15:00,0.1603
HH013,2026-09-03T11:15:00,0.1721
HH014,2026-09-03T11:15:00,0.0968
HH015,2026-09-03T11:15:00,0.0836
HH016,2026-09-03T11:15:00,0.1014
HH017,2026-09-03T11:15:00,0.176
HH018,2026-09-03T11:15:00,0.1018
HH019,2026-09-03T11:15:00,0.1514
HH020,2026-09-03T11:15:00,0.3258
HH001,2026-09-03T11:30:00,0.0911
HH002,2026-09-03T11:30:00,0.0464
HH003,2026-09-03T11:30:00,0.0987
HH004,2026-09-03T11:30:00,0.164
HH005,2026-09-03T11:30:00,0.1566
HH006,2026-09-03T11:30:00,0.1881
HH007,2026-09-03T11:30:00,0.1854
HH008,2026-09-03T11:30:00,0.0867
HH009,2026-09-03T11:30:00,0.322
HH010,2026-09-03T11:30:00,0.0384
HH011,2026-09-03T11:30:00,0.167
HH012,2026-09-03T11:30:00,0.0836
HH013,2026-09-03T11:30:00,0.1731
HH014,2026-09-03T11:30:00,0.0447
HH015,2026-09-03T11:30:00,0.0973
HH016,2026-09-03T11:30:00,0.0993
HH017,2026-09-03T11:30:00,0.1588
HH018,2026-09-03T11:30:00,0.1705
HH019,2026-09-03T11:30:00,0.0957
HH020,2026-09-03T11:30:00,0.345
HH001,2026-09-03T11:45:00,0.1732
HH002,2026-09-03T11:45:00,0.0501
HH003,2026-09-03T11:45:00,0.0377
HH004,2026-09-03T11:45:00,0.0939
HH005,2026-09-03T11:45:00,0.0916
HH006,2026-09-03T11:45:00,0.099
HH007,2026-09-03T11:45:00,0.3233
HH008,2026-09-03T11:45:00,0.041
HH009,2026-09-03T11:45:00,0.194
HH010,2026-09-03T11:45:00,0.0428
HH011,2026-09-03T11:45:00,0.1839
HH012,2026-09-03T11:45:00,0.094
HH013,2026-09-03T11:45:00,0.0991
HH014,2026-09-03T11:45:00,0.1047
HH015,2026-09-03T11:45:00,0.107
HH016,2026-09-03T11:45:00,0.0889
HH017,2026-09-03T11:45:00,0.0963
HH018,2026-09-03T11:45:00,0.1028
HH019,2026-09-03T11:45:00,0.1082
HH020,2026-09-03T11:45:00,0.3127
HH001,2026-09-03T12:00:00,0.0825
HH002,2026-09-03T12:00:00,0.0454
HH003,2026-09-03T12:00:00,0.0819
HH004,2026-09-03T12:00:00,0.1768
HH005,2026-09-03T12:00:00,0.1776
HH006,2026-09-03T12:00:00,0.0959
HH007,2026-09-03T12:00:00,0.3397
HH008,2026-09-03T12:00:00,0.0857
HH009,2026-09-03T12:00:00,0.3023
HH010,2026-09-03T12:00:00,0.0432
HH011,2026-09-03T12:00:00,0.1816
HH012,2026-09-03T12:00:00,0.1831
HH013,2026-09-03T12:00:00,0.1529
HH014,2026-09-03T12:00:00,0.0439
HH015,2026-09-03T12:00:00,0.0864
HH016,2026-09-03T12:00:00,0.0456
HH017,2026-09-03T12:00:00,0.1726
HH018,2026-09-03T12:00:00,0.1551
HH019,2026-09-03T12:00:00,0.0906
HH020,2026-09-03T12:00:00,0.1853
HH001,2026-09-03T12:15:00,0.0907
HH002,2026-09-03T12:15:00,0.0453
HH003,2026-09-03T12:15:00,0.0404
HH004,2026-09-03T12:15:00,0.17
HH005,2026-09-03T12:15:00,0.1624
HH006,2026-09-03T12:15:00,0.0812
HH007,2026-09-03T12:15:00,0.1811
HH008,2026-09-03T12:15:00,0.0503
HH009,2026-09-03T12:15:00,0.3301
HH010,2026-09-03T12:15:00,0.0826
HH011,2026-09-03T12:15:00,0.0839
HH012,2026-09-03T12:15:00,0.1803
HH013,2026-09-03T12:15:00,0.1574
HH014,2026-09-03T12:15:00,0.038
HH015,2026-09-03T12:15:00,0.1665
HH016,2026-09-03T12:15:00,0.1024
HH017,2026-09-03T12:15:00,0.0973
HH018,2026-09-03T12:15:00,0.1793
HH019,2026-09-03T12:15:00,0.102
HH020,2026-09-03T12:15:00,0.1861
HH001,2026-09-03T12:30:00,0.0883
HH002,2026-09-03T12:30:00,0.1011
HH003,2026-09-03T12:30:00,0.0903
HH004,2026-09-03T12:30:00,0.1679
HH005,2026-09-03T12:30:00,0.0995
HH006,2026-09-03T12:30:00,0.1596
HH007,2026-09-03T12:30:00,0.1891
HH008,2026-09-03T12:30:00,0.0422
HH009,2026-09-03T12:30:00,0.1839
HH010,2026-09-03T12:30:00,0.0484
HH011,2026-09-03T12:30:00,0.1736
HH012,2026-09-03T12:30:00,0.0971
HH013,2026-09-03T12:30:00,0.0973
HH014,2026-09-03T12:30:00,0.0981
HH015,2026-09-03T12:30:00,0.0905
HH016,2026-09-03T12:30:00,0.0917
HH017,2026-09-03T12:30:00,0.0906
HH018,2026-09-03T12:30:00,0.1525
HH019,2026-09-03T12:30:00,0.1093
HH020,2026-09-03T12:30:00,0.1961
HH001,2026-09-03T12:45:00,0.1719
HH002,2026-09-03T12:45:00,0.0389
HH003,2026-09-03T12:45:00,0.0471
HH004,2026-09-03T12:45:00,0.1089
HH005,2026-09-03T12:45:00,0.1074
HH006,2026-09-03T12:45:00,0.1623
HH007,2026-09-03T12:45:00,0.1955
HH008,2026-09-03T12:45:00,0.0408
HH009,2026-09-03T12:45:00,0.1801
HH010,2026-09-03T12:45:00,0.0428
HH011,2026-09-03T12:45:00,0.178
HH012,2026-09-03T12:45:00,0.1675
HH013,2026-09-03T12:45:00,0.1799
HH014,2026-09-03T12:45:00,0.0864
HH015,2026-09-03T12:45:00,0.087
HH016,2026-09-03T12:45:00,0.0416
HH017,2026-09-03T12:45:00,0.0965
HH018,2026-09-03T12:45:00,0.1706
HH019,2026-09-03T12:45:00,0.1838
HH020,2026-09-03T12:45:00,0.3214
HH001,2026-09-03T13:00:00,0.0928
HH002,2026-09-03T13:00:00,0.0873
HH003,2026-09-03T13:00:00,0.0481
HH004,2026-09-03T13:00:00,0.0944
HH005,2026-09-03T13:00:00,0.0962
HH006,2026-09-03T13:00:00,0.0957
HH007,2026-09-03T13:00:00,0.1712
HH008,2026-09-03T13:00:00,0.1039
HH009,2026-09-03T13:00:00,0.1818
HH010,2026-09-03T13:00:00,0.0466
HH011,2026-09-03T13:00:00,0.1026
HH012,2026-09-03T13:00:00,0.0928
HH013,2026-09-03T13:00:00,0.1503
HH014,2026-09-03T13:00:00,0.0877
HH015,2026-09-03T13:00:00,0.0808
HH016,2026-09-03T13:00:00,0.038
HH017,2026-09-03T13:00:00,0.1526
HH018,2026-09-03T13:00:00,0.19
HH019,2026-09-03T13:00:00,0.0947
HH020,2026-09-03T13:00:00,0.1846
HH001,2026-09-03T13:15:00,0.0942
HH002,2026-09-03T13:15:00,0.0956
HH003,2026-09-03T13:15:00,0.0943
HH004,2026-09-03T13:15:00,0.0909
HH005,2026-09-03T13:15:00,0.1037
HH006,2026-09-03T13:15:00,0.0996
HH007,2026-09-03T13:15:00,0.3301
HH008,2026-09-03T13:15:00,0.0979
HH009,2026-09-03T13:15:00,0.3247
HH010,2026-09-03T13:15:00,0.0412
HH011,2026-09-03T13:15:00,0.1091
HH012,2026-09-03T13:15:00,0.185
HH013,2026-09-03T13:15:00,0.1611
HH014,2026-09-03T13:15:00,0.0509
HH015,2026-09-03T13:15:00,0.0927
HH016,2026-09-03T13:15:00,0.0383
HH017,2026-09-03T13:15:00,0.0875
HH018,2026-09-03T13:15:00,0.1118
HH019,2026-09-03T13:15:00,0.1819
HH020,2026-09-03T13:15:00,0.1636
HH001,2026-09-03T13:30:00,0.1009
HH002,2026-09-03T13:30:00,0.0977
HH003,2026-09-03T13:30:00,0.0429
HH004,2026-09-03T13:30:00,0.0885
HH005,2026-09-03T13:30:00,0.1024
HH006,2026-09-03T13:30:00,0.1663
HH007,2026-09-03T13:30:00,0.3383
HH008,2026-09-03T13:30:00,0.051
HH009,2026-09-03T13:30:00,0.1934
HH010,2026-09-03T13:30:00,0.0399
HH011,2026-09-03T13:30:00,0.1806
HH012,2026-09-03T13:30:00,0.1782
HH013,2026-09-03T13:30:00,0.1767
HH014,2026-09-03T13:30:00,0.0909
HH015,2026-09-03T13:30:00,0.1723
HH016,2026-09-03T13:30:00,0.104
HH017,2026-09-03T13:30:00,0.0897
HH018,2026-09-03T13:30:00,0.0913
HH019,2026-09-03T13:30:00,0.0912
HH020,2026-09-03T13:30:00,0.3195
HH001,2026-09-03T13:45:00,0.1005
HH002,2026-09-03T13:45:00,0.1022
HH003,2026-09-03T13:45:00,0.0424
HH004,2026-09-03T13:45:00,0.1598
HH005,2026-09-03T13:45:00,0.0843
HH006,2026-09-03T13:45:00,0.1042
HH007,2026-09-03T13:45:00,0.1619
HH008,2026-09-03T13:45:00,0.0502
HH009,2026-09-03T13:45:00,0.193
HH010,2026-09-03T13:45:00,0.049
HH011,2026-09-03T13:45:00,0.1099
HH012,2026-09-03T13:45:00,0.1727
HH013,2026-09-03T13:45:00,0.0923
HH014,2026-09-03T13:45:00,0.0481
HH015,2026-09-03T13:45:00,0.0875
HH016,2026-09-03T13:45:00,0.0928
HH017,2026-09-03T13:45:00,0.1036
HH018,2026-09-03T13:45:00,0.1135
HH019,2026-09-03T13:45:00,0.1636
HH020,2026-09-03T13:45:00,0.3406
HH001,2026-09-03T14:00:00,0.4951
HH002,2026-09-03T14:00:00,0.0398
HH003,2026-09-03T14:00:00,0.0989
HH004,2026-09-03T14:00:00,0.4012
HH005,2026-09-03T14:00:00,0.3852
HH006,2026-09-03T14:00:00,0.5155
HH007,2026-09-03T14:00:00,0.317
HH008,2026-09-03T14:00:00,0.0478
HH009,2026-09-03T14:00:00,0.3265
HH010,2026-09-03T14:00:00,0.0467
HH011,2026-09-03T14:00:00,0.4303
HH012,2026-09-03T14:00:00,0.4554
HH013,2026-09-03T14:00:00,0.5486
HH014,2026-09-03T14:00:00,0.0395
HH015,2026-09-03T14:00:00,0.5817
HH016,2026-09-03T14:00:00,0.0399
HH017,2026-09-03T14:00:00,0.4984
HH018,2026-09-03T14:00:00,0.5058
HH019,2026-09-03T14:00:00,0.4284
HH020,2026-09-03T14:00:00,0.1752
HH001,2026-09-03T14:15:00,0.3989
HH002,2026-09-03T14:15:00,0.0959
HH003,2026-09-03T14:15:00,0.039
HH004,2026-09-03T14:15:00,0.4737
HH005,2026-09-03T14:15:00,0.3654
HH006,2026-09-03T14:15:00,0.3777
HH007,2026-09-03T14:15:00,0.1849
HH008,2026-09-03T14:15:00,0.0437
HH009,2026-09-03T14:15:00,0.2029
HH010,2026-09-03T14:15:00,0.0427
HH011,2026-09-03T14:15:00,0.4347
HH012,2026-09-03T14:15:00,0.4901
HH013,2026-09-03T14:15:00,0.4511
HH014,2026-09-03T14:15:00,0.04
HH015,2026-09-03T14:15:00,0.5441
HH016,2026-09-03T14:15:00,0.0966
HH017,2026-09-03T14:15:00,0.3933
HH018,2026-09-03T14:15:00,0.4241
HH019,2026-09-03T14:15:00,0.4147
HH020,2026-09-03T14:15:00,0.1767
HH001,2026-09-03T14:30:00,0.4994
HH002,2026-09-03T14:30:00,0.0481
HH003,2026-09-03T14:30:00,0.0439
HH004,2026-09-03T14:30:00,0.372
HH005,2026-09-03T14:30:00,0.5185
HH006,2026-09-03T14:30:00,0.4765
HH007,2026-09-03T14:30:00,0.1889
HH008,2026-09-03T14:30:00,0.0983
HH009,2026-09-03T14:30:00,0.1931
HH010,2026-09-03T14:30:00,0.1003
HH011,2026-09-03T14:30:00,0.4056
HH012,2026-09-03T14:30:00,0.4053
HH013,2026-09-03T14:30:00,0.5367
HH014,2026-09-03T14:30:00,0.0496
HH015,2026-09-03T14:30:00,0.4249
HH016,2026-09-03T14:30:00,0.0448
HH017,2026-09-03T14:30:00,0.4408
HH018,2026-09-03T14:30:00,0.4591
HH019,2026-09-03T14:30:00,0.4957
HH020,2026-09-03T14:30:00,0.1798
HH001,2026-09-03T14:45:00,0.4947
HH002,2026-09-03T14:45:00,0.0443
HH003,2026-09-03T14:45:00,0.0407
HH004,2026-09-03T14:45:00,0.5256
HH005,2026-09-03T14:45:00,0.3818
HH006,2026-09-03T14:45:00,0.5056
HH007,2026-09-03T14:45:00,0.3418
HH008,2026-09-03T14:45:00,0.0982
HH009,2026-09-03T14:45:00,0.1967
HH010,2026-09-03T14:45:00,0.0985
HH011,2026-09-03T14:45:00,0.3973
HH012,2026-09-03T14:45:00,0.4687
HH013,2026-09-03T14:45:00,0.3945
HH014,2026-09-03T14:45:00,0.0961
HH015,2026-09-03T14:45:00,0.3954
HH016,2026-09-03T14:45:00,0.0946
HH017,2026-09-03T14:45:00,0.4901
HH018,2026-09-03T14:45:00,0.5378
HH019,2026-09-03T14:45:00,0.4639
HH020,2026-09-03T14:45:00,0.1757
HH001,2026-09-03T15:00:00,0.4812
HH002,2026-09-03T15:00:00,0.0914
HH003,2026-09-03T15:00:00,0.0992
HH004,2026-09-03T15:00:00,0.4692
HH005,2026-09-03T15:00:00,0.406
HH006,2026-09-03T15:00:00,0.4538
HH007,2026-09-03T15:00:00,0.1808
HH008,2026-09-03T15:00:00,0.0423
HH009,2026-09-03T15:00:00,0.3551
HH010,2026-09-03T15:00:00,0.0382
HH011,2026-09-03T15:00:00,0.377
HH012,2026-09-03T15:00:00,0.4735
HH013,2026-09-03T15:00:00,0.459
HH014,2026-09-03T15:00:00,0.0897
HH015,2026-09-03T15:00:00,0.444
HH016,2026-09-03T15:00:00,0.0378
HH017,2026-09-03T15:00:00,0.4231
HH018,2026-09-03T15:00:00,0.4719
HH019,2026-09-03T15:00:00,0.4398
HH020,2026-09-03T15:00:00,0.1797
HH001,2026-09-03T15:15:00,0.5262
HH002,2026-09-03T15:15:00,0.0866
HH003,2026-09-03T15:15:00,0.0851
HH004,2026-09-03T15:15:00,0.4205
HH005,2026-09-03T15:15:00,0.3859
HH006,2026-09-03T15:15:00,0.5587
HH007,2026-09-03T15:15:00,0.3324
HH008,2026-09-03T15:15:00,0.0948
HH009,2026-09-03T15:15:00,0.164
HH010,2026-09-03T15:15:00,0.0861
HH011,2026-09-03T15:15:00,0.5132
HH012,2026-09-03T15:15:00,0.5419
HH013,2026-09-03T15:15:00,0.3763
HH014,2026-09-03T15:15:00,0.0454
HH015,2026-09-03T15:15:00,0.4015
HH016,2026-09-03T15:15:00,0.0396
HH017,2026-09-03T15:15:00,0.4751
HH018,2026-09-03T15:15:00,0.5144
HH019,2026-09-03T15:15:00,0.389
HH020,2026-09-03T15:15:00,0.1894
HH001,2026-09-03T15:30:00,0.4223
HH002,2026-09-03T15:30:00,0.0438
HH003,2026-09-03T15:30:00,0.1042
HH004,2026-09-03T15:30:00,0.4694
HH005,2026-09-03T15:30:00,0.4783
HH006,2026-09-03T15:30:00,0.4801
HH007,2026-09-03T15:30:00,0.1812
HH008,2026-09-03T15:30:00,0.0529
HH009,2026-09-03T15:30:00,0.1837
HH010,2026-09-03T15:30:00,0.1024
HH011,2026-09-03T15:30:00,0.4796
HH012,2026-09-03T15:30:00,0.5174
HH013,2026-09-03T15:30:00,0.5641
HH014,2026-09-03T15:30:00,0.0865
HH015,2026-09-03T15:30:00,0.477
HH016,2026-09-03T15:30:00,0.0943
HH017,2026-09-03T15:30:00,0.4608
HH018,2026-09-03T15:30:00,0.4765
HH019,2026-09-03T15:30:00,0.4684
HH020,2026-09-03T15:30:00,0.3234
HH001,2026-09-03T15:45:00,0.396
HH002,2026-09-03T15:45:00,0.0919
HH003,2026-09-03T15:45:00,0.0898
HH004,2026-09-03T15:45:00,0.4336
HH005,2026-09-03T15:45:00,0.5276
HH006,2026-09-03T15:45:00,0.5066
HH007,2026-09-03T15:45:00,0.1967
HH008,2026-09-03T15:45:00,0.0464
HH009,2026-09-03T15:45:00,0.189
HH010,2026-09-03T15:45:00,0.0937
HH011,2026-09-03T15:45:00,0.406
HH012,2026-09-03T15:45:00,0.5197
HH013,2026-09-03T15:45:00,0.4786
HH014,2026-09-03T15:45:00,0.1002
HH015,2026-09-03T15:45:00,0.5565
HH016,2026-09-03T15:45:00,0.0889
HH017,2026-09-03T15:45:00,0.4993
HH018,2026-09-03T15:45:00,0.539
HH019,2026-09-03T15:45:00,0.569
HH020,2026-09-03T15:45:00,0.3486
HH001,2026-09-03T16:00:00,0.3963
HH002,2026-09-03T16:00:00,0.0378
HH003,2026-09-03T16:00:00,0.0461
HH004,2026-09-03T16:00:00,0.4559
HH005,2026-09-03T16:00:00,0.4817
HH006,2026-09-03T16:00:00,0.3982
HH007,2026-09-03T16:00:00,0.3297
HH008,2026-09-03T16:00:00,0.0446
HH009,2026-09-03T16:00:00,0.3301
HH010,2026-09-03T16:00:00,0.0502
HH011,2026-09-03T16:00:00,0.5403
HH012,2026-09-03T16:00:00,0.5966
HH013,2026-09-03T16:00:00,0.4777
HH014,2026-09-03T16:00:00,0.0449
HH015,2026-09-03T16:00:00,0.4151
HH016,2026-09-03T16:00:00,0.0415
HH017,2026-09-03T16:00:00,0.4522
HH018,2026-09-03T16:00:00,0.4401
HH019,2026-09-03T16:00:00,0.4384
HH020,2026-09-03T16:00:00,0.1741
HH001,2026-09-03T16:15:00,0.3709
HH002,2026-09-03T16:15:00,0.0457
HH003,2026-09-03T16:15:00,0.0981
HH004,2026-09-03T16:15:00,0.4697
HH005,2026-09-03T16:15:00,0.4474
HH006,2026-09-03T16:15:00,0.403
HH007,2026-09-03T16:15:00,0.1803
HH008,2026-09-03T16:15:00,0.0489
HH009,2026-09-03T16:15:00,0.3218
HH010,2026-09-03T16:15:00,0.0881
HH011,2026-09-03T16:15:00,0.4258
HH012,2026-09-03T16:15:00,0.4747
HH013,2026-09-03T16:15:00,0.4146
HH014,2026-09-03T16:15:00,0.051
HH015,2026-09-03T16:15:00,0.3696
HH016,2026-09-03T16:15:00,0.0911
HH017,2026-09-03T16:15:00,0.4342
HH018,2026-09-03T16:15:00,0.5873
HH019,2026-09-03T16:15:00,0.4967
HH020,2026-09-03T16:15:00,0.3225
HH001,2026-09-03T16:30:00,0.5525
HH002,2026-09-03T16:30:00,0.0972
HH003,2026-09-03T16:30:00,0.0402
HH004,2026-09-03T16:30:00,0.4833
HH005,2026-09-03T16:30:00,0.4627
HH006,2026-09-03T16:30:00,0.4567
HH007,2026-09-03T16:30:00,0.1849
HH008,2026-09-03T16:30:00,0.0912
HH009,2026-09-03T16:30:00,0.172
HH010,2026-09-03T16:30:00,0.0904
HH011,2026-09-03T16:30:00,0.4995
HH012,2026-09-03T16:30:00,0.4698
HH013,2026-09-03T16:30:00,0.4996
HH014,2026-09-03T16:30:00,0.0955
HH015,2026-09-03T16:30:00,0.4634
HH016,2026-09-03T16:30:00,0.0405
HH017,2026-09-03T16:30:00,0.4324
HH018,2026-09-03T16:30:00,0.529
HH019,2026-09-03T16:30:00,0.488
HH020,2026-09-03T16:30:00,0.1736
HH001,2026-09-03T16:45:00,0.4524
HH002,2026-09-03T16:45:00,0.0942
HH003,2026-09-03T16:45:00,0.0395
HH004,2026-09-03T16:45:00,0.5771
HH005,2026-09-03T16:45:00,0.4196
HH006,2026-09-03T16:45:00,0.5078
HH007,2026-09-03T16:45:00,0.1775
HH008,2026-09-03T16:45:00,0.0455
HH009,2026-09-03T16:45:00,0.1899
HH010,2026-09-03T16:45:00,0.0397
HH011,2026-09-03T16:45:00,0.4589
HH012,2026-09-03T16:45:00,0.3853
HH013,2026-09-03T16:45:00,0.5171
HH014,2026-09-03T16:45:00,0.045
HH015,2026-09-03T16:45:00,0.4306
HH016,2026-09-03T16:45:00,0.0437
HH017,2026-09-03T16:45:00,0.5605
HH018,2026-09-03T16:45:00,0.5833
HH019,2026-09-03T16:45:00,0.4935
HH020,2026-09-03T16:45:00,0.3278
HH001,2026-09-03T17:00:00,0.4731
HH002,2026-09-03T17:00:00,0.0873
HH003,2026-09-03T17:00:00,0.0439
HH004,2026-09-03T17:00:00,0.5406
HH005,2026-09-03T17:00:00,0.5112
HH006,2026-09-03T17:00:00,0.3804
HH007,2026-09-03T17:00:00,0.3036
HH008,2026-09-03T17:00:00,0.0987
HH009,2026-09-03T17:00:00,0.3342
HH010,2026-09-03T17:00:00,0.047
HH011,2026-09-03T17:00:00,0.4838
HH012,2026-09-03T17:00:00,0.4671
HH013,2026-09-03T17:00:00,0.4025
HH014,2026-09-03T17:00:00,0.0428
HH015,2026-09-03T17:00:00,0.5459
HH016,2026-09-03T17:00:00,0.0897
HH017,2026-09-03T17:00:00,0.4232
HH018,2026-09-03T17:00:00,0.4402
HH019,2026-09-03T17:00:00,0.4354
HH020,2026-09-03T17:00:00,0.1889
HH001,2026-09-03T17:15:00,0.4131
HH002,2026-09-03T17:15:00,0.0499
HH003,2026-09-03T17:15:00,0.1016
HH004,2026-09-03T17:15:00,0.4449
HH005,2026-09-03T17:15:00,0.4674
HH006,2026-09-03T17:15:00,0.4647
HH007,2026-09-03T17:15:00,0.3123
HH008,2026-09-03T17:15:00,0.0465
HH009,2026-09-03T17:15:00,0.3232
HH010,2026-09-03T17:15:00,0.0404
HH011,2026-09-03T17:15:00,0.4836
HH012,2026-09-03T17:15:00,0.5021
HH013,2026-09-03T17:15:00,0.4538
HH014,2026-09-03T17:15:00,0.0385
HH015,2026-09-03T17:15:00,0.5145
HH016,2026-09-03T17:15:00,0.0421
HH017,2026-09-03T17:15:00,0.4456
HH018,2026-09-03T17:15:00,0.5504
HH019,2026-09-03T17:15:00,0.4411
HH020,2026-09-03T17:15:00,0.1779
HH001,2026-09-03T17:30:00,0.4732
HH002,2026-09-03T17:30:00,0.0826
HH003,2026-09-03T17:30:00,0.091
HH004,2026-09-03T17:30:00,0.4863
HH005,2026-09-03T17:30:00,0.3806
HH006,2026-09-03T17:30:00,0.3593
HH007,2026-09-03T17:30:00,0.1734
HH008,2026-09-03T17:30:00,0.0912
HH009,2026-09-03T17:30:00,0.1747
HH010,2026-09-03T17:30:00,0.0386
HH011,2026-09-03T17:30:00,0.493
HH012,2026-09-03T17:30:00,0.3909
HH013,2026-09-03T17:30:00,0.5393
HH014,2026-09-03T17:30:00,0.095
HH015,2026-09-03T17:30:00,0.502
HH016,2026-09-03T17:30:00,0.0446
HH017,2026-09-03T17:30:00,0.5223
HH018,2026-09-03T17:30:00,0.495
HH019,2026-09-03T17:30:00,0.5166
HH020,2026-09-03T17:30:00,0.3491
HH001,2026-09-03T17:45:00,0.4186
HH002,2026-09-03T17:45:00,0.0401
HH003,2026-09-03T17:45:00,0.0917
HH004,2026-09-03T17:45:00,0.5094
HH005,2026-09-03T17:45:00,0.4633
HH006,2026-09-03T17:45:00,0.4901
HH007,2026-09-03T17:45:00,0.1901
HH008,2026-09-03T17:45:00,0.0965
HH009,2026-09-03T17:45:00,0.3235
HH010,2026-09-03T17:45:00,0.0524
HH011,2026-09-03T17:45:00,0.5492
HH012,2026-09-03T17:45:00,0.5232
HH013,2026-09-03T17:45:00,0.4046
HH014,2026-09-03T17:45:00,0.0499
HH015,2026-09-03T17:45:00,0.4647
HH016,2026-09-03T17:45:00,0.051
HH017,2026-09-03T17:45:00,0.4634
HH018,2026-09-03T17:45:00,0.4822
HH019,2026-09-03T17:45:00,0.4328
HH020,2026-09-03T17:45:00,0.3024
HH001,2026-09-03T18:00:00,0.5506
HH002,2026-09-03T18:00:00,0.4298
HH003,2026-09-03T18:00:00,0.3606
HH004,2026-09-03T18:00:00,0.5281
HH005,2026-09-03T18:00:00,0.8411
HH006,2026-09-03T18:00:00,0.5285
HH007,2026-09-03T18:00:00,0.2775
HH008,2026-09-03T18:00:00,0.2948
HH009,2026-09-03T18:00:00,0.5539
HH010,2026-09-03T18:00:00,0.4293
HH011,2026-09-03T18:00:00,0.4312
HH012,2026-09-03T18:00:00,0.4286
HH013,2026-09-03T18:00:00,0.4996
HH014,2026-09-03T18:00:00,0.2771
HH015,2026-09-03T18:00:00,0.4362
HH016,2026-09-03T18:00:00,0.0697
HH017,2026-09-03T18:00:00,0.5137
HH018,2026-09-03T18:00:00,0.5049
HH019,2026-09-03T18:00:00,0.5242
HH020,2026-09-03T18:00:00,0.3012
HH001,2026-09-03T18:15:00,0.6117
HH002,2026-09-03T18:15:00,0.3868
HH003,2026-09-03T18:15:00,0.401
HH004,2026-09-03T18:15:00,0.5476
HH005,2026-09-03T18:15:00,1.0485
HH006,2026-09-03T18:15:00,0.6148
HH007,2026-09-03T18:15:00,0.2566
HH008,2026-09-03T18:15:00,0.1224
HH009,2026-09-03T18:15:00,0.2897
HH010,2026-09-03T18:15:00,0.3456
HH011,2026-09-03T18:15:00,0.4528
HH012,2026-09-03T18:15:00,0.4869
HH013,2026-09-03T18:15:00,0.4697
HH014,2026-09-03T18:15:00,0.3703
HH015,2026-09-03T18:15:00,0.5516
HH016,2026-09-03T18:15:00,0.119
HH017,2026-09-03T18:15:00,0.498
HH018,2026-09-03T18:15:00,0.4946
HH019,2026-09-03T18:15:00,0.5011
HH020,2026-09-03T18:15:00,0.4116
HH001,2026-09-03T18:30:00,1.4735
HH002,2026-09-03T18:30:00,0.818
HH003,2026-09-03T18:30:00,0.4808
HH004,2026-09-03T18:30:00,0.6446
HH005,2026-09-03T18:30:00,1.4145
HH006,2026-09-03T18:30:00,0.7088
HH007,2026-09-03T18:30:00,0.5603
HH008,2026-09-03T18:30:00,0.4747
HH009,2026-09-03T18:30:00,0.9298
HH010,2026-09-03T18:30:00,0.7597
HH011,2026-09-03T18:30:00,1.0584
HH012,2026-09-03T18:30:00,1.2797
HH013,2026-09-03T18:30:00,1.1708
HH014,2026-09-03T18:30:00,1.1195
HH015,2026-09-03T18:30:00,0.6782
HH016,2026-09-03T18:30:00,0.544
HH017,2026-09-03T18:30:00,0.6902
HH018,2026-09-03T18:30:00,0.7368
HH019,2026-09-03T18:30:00,0.9603
HH020,2026-09-03T18:30:00,0.4011
HH001,2026-09-03T18:45:00,1.5811
HH002,2026-09-03T18:45:00,0.4963
HH003,2026-09-03T18:45:00,0.3356
HH004,2026-09-03T18:45:00,0.6487
HH005,2026-09-03T18:45:00,1.0215
HH006,2026-09-03T18:45:00,0.6691
HH007,2026-09-03T18:45:00,0.3777
HH008,2026-09-03T18:45:00,0.4566
HH009,2026-09-03T18:45:00,0.8501
HH010,2026-09-03T18:45:00,0.1548
HH011,2026-09-03T18:45:00,1.1214
HH012,2026-09-03T18:45:00,1.0275
HH013,2026-09-03T18:45:00,1.2185
HH014,2026-09-03T18:45:00,0.4564
HH015,2026-09-03T18:45:00,0.7762
HH016,2026-09-03T18:45:00,0.4635
HH017,2026-09-03T18:45:00,1.3011
HH018,2026-09-03T18:45:00,0.7246
HH019,2026-09-03T18:45:00,0.7048
HH020,2026-09-03T18:45:00,0.3838
HH001,2026-09-03T19:00:00,1.1823
HH002,2026-09-03T19:00:00,0.0919
HH003,2026-09-03T19:00:00,0.3746
HH004,2026-09-03T19:00:00,1.6649
HH005,2026-09-03T19:00:00,0.7921
HH006,2026-09-03T19:00:00,0.9165
HH007,2026-09-03T19:00:00,0.6204
HH008,2026-09-03T19:00:00,0.3916
HH009,2026-09-03T19:00:00,1.1177
HH010,2026-09-03T19:00:00,0.7334
HH011,2026-09-03T19:00:00,0.7773
HH012,2026-09-03T19:00:00,1.3812
HH013,2026-09-03T19:00:00,1.8821
HH014,2026-09-03T19:00:00,0.7876
HH015,2026-09-03T19:00:00,1.3267
HH016,2026-09-03T19:00:00,0.0907
HH017,2026-09-03T19:00:00,1.4761
HH018,2026-09-03T19:00:00,1.3937
HH019,2026-09-03T19:00:00,1.0559
HH020,2026-09-03T19:00:00,0.3703
HH001,2026-09-03T19:15:00,1.2446
HH002,2026-09-03T19:15:00,0.165
HH003,2026-09-03T19:15:00,0.3611
HH004,2026-09-03T19:15:00,1.7153
HH005,2026-09-03T19:15:00,0.8089
HH006,2026-09-03T19:15:00,0.6565
HH007,2026-09-03T19:15:00,0.6237
HH008,2026-09-03T19:15:00,0.1653
HH009,2026-09-03T19:15:00,1.1243
HH010,2026-09-03T19:15:00,0.4041
HH011,2026-09-03T19:15:00,1.0923
HH012,2026-09-03T19:15:00,1.097
HH013,2026-09-03T19:15:00,2.0049
HH014,2026-09-03T19:15:00,0.7325
HH015,2026-09-03T19:15:00,1.3956
HH016,2026-09-03T19:15:00,0.4416
HH017,2026-09-03T19:15:00,1.3483
HH018,2026-09-03T19:15:00,1.4294
HH019,2026-09-03T19:15:00,0.9379
HH020,2026-09-03T19:15:00,0.5532
HH001,2026-09-03T19:30:00,0.6731
HH002,2026-09-03T19:30:00,0.1855
HH003,2026-09-03T19:30:00,0.4112
HH004,2026-09-03T19:30:00,0.9887
HH005,2026-09-03T19:30:00,0.7632
HH006,2026-09-03T19:30:00,1.2988
HH007,2026-09-03T19:30:00,0.6064
HH008,2026-09-03T19:30:00,0.7362
HH009,2026-09-03T19:30:00,0.847
HH010,2026-09-03T19:30:00,0.4733
HH011,2026-09-03T19:30:00,0.8909
HH012,2026-09-03T19:30:00,1.1024
HH013,2026-09-03T19:30:00,0.685
HH014,2026-09-03T19:30:00,0.1976
HH015,2026-09-03T19:30:00,0.7759
HH016,2026-09-03T19:30:00,0.1261
HH017,2026-09-03T19:30:00,0.8713
HH018,2026-09-03T19:30:00,0.8004
HH019,2026-09-03T19:30:00,1.0185
HH020,2026-09-03T19:30:00,1.1656
HH001,2026-09-03T19:45:00,0.7636
HH002,2026-09-03T19:45:00,0.1886
HH003,2026-09-03T19:45:00,0.4455
HH004,2026-09-03T19:45:00,0.8931
HH005,2026-09-03T19:45:00,0.724
HH006,2026-09-03T19:45:00,1.3369
HH007,2026-09-03T19:45:00,0.7856
HH008,2026-09-03T19:45:00,0.7112
HH009,2026-09-03T19:45:00,0.6731
HH010,2026-09-03T19:45:00,0.3845
HH011,2026-09-03T19:45:00,0.8504
HH012,2026-09-03T19:45:00,1.0045
HH013,2026-09-03T19:45:00,0.77
HH014,2026-09-03T19:45:00,0.1346
HH015,2026-09-03T19:45:00,0.6754
HH016,2026-09-03T19:45:00,0.2115
HH017,2026-09-03T19:45:00,0.7705
HH018,2026-09-03T19:45:00,0.7419
HH019,2026-09-03T19:45:00,1.0387
HH020,2026-09-03T19:45:00,0.9667
HH001,2026-09-03T20:00:00,0.8881
HH002,2026-09-03T20:00:00,0.1326
HH003,2026-09-03T20:00:00,0.3561
HH004,2026-09-03T20:00:00,0.9576
HH005,2026-09-03T20:00:00,0.8542
HH006,2026-09-03T20:00:00,1.352
HH007,2026-09-03T20:00:00,0.6703
HH008,2026-09-03T20:00:00,0.691
HH009,2026-09-03T20:00:00,0.8903
HH010,2026-09-03T20:00:00,0.4196
HH011,2026-09-03T20:00:00,0.7339
HH012,2026-09-03T20:00:00,1.057
HH013,2026-09-03T20:00:00,0.8302
HH014,2026-09-03T20:00:00,0.2069
HH015,2026-09-03T20:00:00,0.681
HH016,2026-09-03T20:00:00,0.1357
HH017,2026-09-03T20:00:00,0.6328
HH018,2026-09-03T20:00:00,0.6292
HH019,2026-09-03T20:00:00,0.9522
HH020,2026-09-03T20:00:00,0.9131
HH001,2026-09-03T20:15:00,0.6947
HH002,2026-09-03T20:15:00,0.1809
HH003,2026-09-03T20:15:00,0.3835
HH004,2026-09-03T20:15:00,1.1016
HH005,2026-09-03T20:15:00,0.8135
HH006,2026-09-03T20:15:00,1.4683
HH007,2026-09-03T20:15:00,0.6078
HH008,2026-09-03T20:15:00,0.6891
HH009,2026-09-03T20:15:00,0.6195
HH010,2026-09-03T20:15:00,0.4607
HH011,2026-09-03T20:15:00,0.7675
HH012,2026-09-03T20:15:00,0.8912
HH013,2026-09-03T20:15:00,0.6539
HH014,2026-09-03T20:15:00,0.1226
HH015,2026-09-03T20:15:00,0.7948
HH016,2026-09-03T20:15:00,0.1274
HH017,2026-09-03T20:15:00,0.8413
HH018,2026-09-03T20:15:00,0.8058
HH019,2026-09-03T20:15:00,0.9524
HH020,2026-09-03T20:15:00,0.9294
HH001,2026-09-03T20:30:00,0.7453
HH002,2026-09-03T20:30:00,0.1434
HH003,2026-09-03T20:30:00,0.4468
HH004,2026-09-03T20:30:00,0.8581
HH005,2026-09-03T20:30:00,0.7274
HH006,2026-09-03T20:30:00,1.5183
HH007,2026-09-03T20:30:00,0.7643
HH008,2026-09-03T20:30:00,0.806
HH009,2026-09-03T20:30:00,0.6789
HH010,2026-09-03T20:30:00,0.3568
HH011,2026-09-03T20:30:00,0.9235
HH012,2026-09-03T20:30:00,0.961
HH013,2026-09-03T20:30:00,0.7275
HH014,2026-09-03T20:30:00,0.1259
HH015,2026-09-03T20:30:00,0.7256
HH016,2026-09-03T20:30:00,0.14
HH017,2026-09-03T20:30:00,0.717
HH018,2026-09-03T20:30:00,0.6667
HH019,2026-09-03T20:30:00,0.9265
HH020,2026-09-03T20:30:00,1.2055
HH001,2026-09-03T20:45:00,0.7874
HH002,2026-09-03T20:45:00,0.1473
HH003,2026-09-03T20:45:00,0.4132
HH004,2026-09-03T20:45:00,0.919
HH005,2026-09-03T20:45:00,0.8605
HH006,2026-09-03T20:45:00,1.268
HH007,2026-09-03T20:45:00,0.8845
HH008,2026-09-03T20:45:00,0.7265
HH009,2026-09-03T20:45:00,0.6302
HH010,2026-09-03T20:45:00,0.4706
HH011,2026-09-03T20:45:00,0.8849
HH012,2026-09-03T20:45:00,1.0032
HH013,2026-09-03T20:45:00,0.8316
HH014,2026-09-03T20:45:00,0.1312
HH015,2026-09-03T20:45:00,0.7404
HH016,2026-09-03T20:45:00,0.1952
HH017,2026-09-03T20:45:00,0.7402
HH018,2026-09-03T20:45:00,0.8704
HH019,2026-09-03T20:45:00,1.153
HH020,2026-09-03T20:45:00,1.1271
HH001,2026-09-03T21:00:00,0.7833
HH002,2026-09-03T21:00:00,0.1358
HH003,2026-09-03T21:00:00,0.1209
HH004,2026-09-03T21:00:00,0.995
HH005,2026-09-03T21:00:00,0.8518
HH006,2026-09-03T21:00:00,1.2317
HH007,2026-09-03T21:00:00,0.3591
HH008,2026-09-03T21:00:00,0.7023
HH009,2026-09-03T21:00:00,0.5492
HH010,2026-09-03T21:00:00,0.1348
HH011,2026-09-03T21:00:00,0.668
HH012,2026-09-03T21:00:00,0.6206
HH013,2026-09-03T21:00:00,0.676
HH014,2026-09-03T21:00:00,0.2049
HH015,2026-09-03T21:00:00,0.7529
HH016,2026-09-03T21:00:00,0.1245
HH017,2026-09-03T21:00:00,0.7181
HH018,2026-09-03T21:00:00,0.7706
HH019,2026-09-03T21:00:00,0.7798
HH020,2026-09-03T21:00:00,1.2219
HH001,2026-09-03T21:15:00,0.8498
HH002,2026-09-03T21:15:00,0.1361
HH003,2026-09-03T21:15:00,0.4581
HH004,2026-09-03T21:15:00,0.6437
HH005,2026-09-03T21:15:00,0.8272
HH006,2026-09-03T21:15:00,1.4137
HH007,2026-09-03T21:15:00,0.6342
HH008,2026-09-03T21:15:00,0.7215
HH009,2026-09-03T21:15:00,0.3829
HH010,2026-09-03T21:15:00,0.2205
HH011,2026-09-03T21:15:00,0.7028
HH012,2026-09-03T21:15:00,1.0827
HH013,2026-09-03T21:15:00,0.8877
HH014,2026-09-03T21:15:00,0.13
HH015,2026-09-03T21:15:00,0.747
HH016,2026-09-03T21:15:00,0.2059
HH017,2026-09-03T21:15:00,0.7469
HH018,2026-09-03T21:15:00,0.8085
HH019,2026-09-03T21:15:00,0.779
HH020,2026-09-03T21:15:00,0.942
HH001,2026-09-03T21:30:00,0.6459
HH002,2026-09-03T21:30:00,0.1244
HH003,2026-09-03T21:30:00,0.1399
HH004,2026-09-03T21:30:00,0.8329
HH005,2026-09-03T21:30:00,0.7934
HH006,2026-09-03T21:30:00,1.3329
HH007,2026-09-03T21:30:00,0.3691
HH008,2026-09-03T21:30:00,0.6657
HH009,2026-09-03T21:30:00,0.559
HH010,2026-09-03T21:30:00,0.1977
HH011,2026-09-03T21:30:00,0.8541
HH012,2026-09-03T21:30:00,0.7129
HH013,2026-09-03T21:30:00,0.7305
HH014,2026-09-03T21:30:00,0.1369
HH015,2026-09-03T21:30:00,0.7363
HH016,2026-09-03T21:30:00,0.1396
HH017,2026-09-03T21:30:00,0.7898
HH018,2026-09-03T21:30:00,0.7032
HH019,2026-09-03T21:30:00,0.8254
HH020,2026-09-03T21:30:00,1.1329
HH001,2026-09-03T21:45:00,0.6553
HH002,2026-09-03T21:45:00,0.1194
HH003,2026-09-03T21:45:00,0.1962
HH004,2026-09-03T21:45:00,0.7681
HH005,2026-09-03T21:45:00,0.6917
HH006,2026-09-03T21:45:00,1.2108
HH007,2026-09-03T21:45:00,0.3646
HH008,2026-09-03T21:45:00,0.756
HH009,2026-09-03T21:45:00,0.5513
HH010,2026-09-03T21:45:00,0.1304
HH011,2026-09-03T21:45:00,0.6281
HH012,2026-09-03T21:45:00,0.7835
HH013,2026-09-03T21:45:00,0.7446
HH014,2026-09-03T21:45:00,0.1357
HH015,2026-09-03T21:45:00,0.6674
HH016,2026-09-03T21:45:00,0.1973
HH017,2026-09-03T21:45:00,0.6545
HH018,2026-09-03T21:45:00,0.701
HH019,2026-09-03T21:45:00,0.8259
HH020,2026-09-03T21:45:00,0.9399
HH001,2026-09-03T22:00:00,0.8318
HH002,2026-09-03T22:00:00,0.1308
HH003,2026-09-03T22:00:00,0.2002
HH004,2026-09-03T22:00:00,0.7572
HH005,2026-09-03T22:00:00,0.8674
HH006,2026-09-03T22:00:00,1.4263
HH007,2026-09-03T22:00:00,0.4558
HH008,2026-09-03T22:00:00,0.7005
HH009,2026-09-03T22:00:00,0.456
HH010,2026-09-03T22:00:00,0.2133
HH011,2026-09-03T22:00:00,0.7841
HH012,2026-09-03T22:00:00,0.7166
HH013,2026-09-03T22:00:00,0.7833
HH014,2026-09-03T22:00:00,0.1975
HH015,2026-09-03T22:00:00,0.8691
HH016,2026-09-03T22:00:00,0.1432
HH017,2026-09-03T22:00:00,0.7797
HH018,2026-09-03T22:00:00,0.8634
HH019,2026-09-03T22:00:00,0.8813
HH020,2026-09-03T22:00:00,0.8157
HH001,2026-09-03T22:15:00,0.5811
HH002,2026-09-03T22:15:00,0.1418
HH003,2026-09-03T22:15:00,0.1417
HH004,2026-09-03T22:15:00,0.5949
HH005,2026-09-03T22:15:00,0.5969
HH006,2026-09-03T22:15:00,0.9094
HH007,2026-09-03T22:15:00,0.3291
HH008,2026-09-03T22:15:00,0.5955
HH009,2026-09-03T22:15:00,0.3758
HH010,2026-09-03T22:15:00,0.1051
HH011,2026-09-03T22:15:00,0.5618
HH012,2026-09-03T22:15:00,0.577
HH013,2026-09-03T22:15:00,0.6058
HH014,2026-09-03T22:15:00,0.1122
HH015,2026-09-03T22:15:00,0.683
HH016,2026-09-03T22:15:00,0.1019
HH017,2026-09-03T22:15:00,0.4798
HH018,2026-09-03T22:15:00,0.5351
HH019,2026-09-03T22:15:00,0.5617
HH020,2026-09-03T22:15:00,0.7301
HH001,2026-09-03T22:30:00,0.5651
HH002,2026-09-03T22:30:00,0.0697
HH003,2026-09-03T22:30:00,0.1176
HH004,2026-09-03T22:30:00,0.561
HH005,2026-09-03T22:30:00,0.5989
HH006,2026-09-03T22:30:00,0.5467
HH007,2026-09-03T22:30:00,0.2158
HH008,2026-09-03T22:30:00,0.0685
HH009,2026-09-03T22:30:00,0.2125
HH010,2026-09-03T22:30:00,0.0659
HH011,2026-09-03T22:30:00,0.5269
HH012,2026-09-03T22:30:00,0.6312
HH013,2026-09-03T22:30:00,0.556
HH014,2026-09-03T22:30:00,0.1202
HH015,2026-09-03T22:30:00,0.6192
HH016,2026-09-03T22:30:00,0.1249
HH017,2026-09-03T22:30:00,0.6316
HH018,2026-09-03T22:30:00,0.5849
HH019,2026-09-03T22:30:00,0.4663
HH020,2026-09-03T22:30:00,0.2236
HH001,2026-09-03T22:45:00,0.5756
HH002,2026-09-03T22:45:00,0.1161
HH003,2026-09-03T22:45:00,0.1235
HH004,2026-09-03T22:45:00,0.5794
HH005,2026-09-03T22:45:00,0.6042
HH006,2026-09-03T22:45:00,0.555
HH007,2026-09-03T22:45:00,0.1986
HH008,2026-09-03T22:45:00,0.1297
HH009,2026-09-03T22:45:00,0.2153
HH010,2026-09-03T22:45:00,0.128
HH011,2026-09-03T22:45:00,0.6053
HH012,2026-09-03T22:45:00,0.5889
HH013,2026-09-03T22:45:00,0.5804
HH014,2026-09-03T22:45:00,0.0599
HH015,2026-09-03T22:45:00,0.614
HH016,2026-09-03T22:45:00,0.0684
HH017,2026-09-03T22:45:00,0.5838
HH018,2026-09-03T22:45:00,0.5827
HH019,2026-09-03T22:45:00,0.5618
HH020,2026-09-03T22:45:00,0.2118
HH001,2026-09-03T23:00:00,0.4713
HH002,2026-09-03T23:00:00,0.0638
HH003,2026-09-03T23:00:00,0.0647
HH004,2026-09-03T23:00:00,0.4516
HH005,2026-09-03T23:00:00,0.4277
HH006,2026-09-03T23:00:00,0.5527
HH007,2026-09-03T23:00:00,0.1987
HH008,2026-09-03T23:00:00,0.1173
HH009,2026-09-03T23:00:00,0.1837
HH010,2026-09-03T23:00:00,0.1185
HH011,2026-09-03T23:00:00,0.6153
HH012,2026-09-03T23:00:00,0.5227
HH013,2026-09-03T23:00:00,0.4781
HH014,2026-09-03T23:00:00,0.0651
HH015,2026-09-03T23:00:00,0.5586
HH016,2026-09-03T23:00:00,0.0771
HH017,2026-09-03T23:00:00,0.5099
HH018,2026-09-03T23:00:00,0.4418
HH019,2026-09-03T23:00:00,0.5369
HH020,2026-09-03T23:00:00,0.348
HH001,2026-09-03T23:15:00,0.2259
HH002,2026-09-03T23:15:00,0.1241
HH003,2026-09-03T23:15:00,0.1157
HH004,2026-09-03T23:15:00,0.22
HH005,2026-09-03T23:15:00,0.146
HH006,2026-09-03T23:15:00,0.1385
HH007,2026-09-03T23:15:00,0.1998
HH008,2026-09-03T23:15:00,0.0667
HH009,2026-09-03T23:15:00,0.202
HH010,2026-09-03T23:15:00,0.0669
HH011,2026-09-03T23:15:00,0.1417
HH012,2026-09-03T23:15:00,0.2093
HH013,2026-09-03T23:15:00,0.1381
HH014,2026-09-03T23:15:00,0.0731
HH015,2026-09-03T23:15:00,0.2363
HH016,2026-09-03T23:15:00,0.0728
HH017,2026-09-03T23:15:00,0.2126
HH018,2026-09-03T23:15:00,0.149
HH019,2026-09-03T23:15:00,0.1327
HH020,2026-09-03T23:15:00,0.3456
HH001,2026-09-03T23:30:00,0.2186
HH002,2026-09-03T23:30:00,0.1171
HH003,2026-09-03T23:30:00,0.0668
HH004,2026-09-03T23:30:00,0.1987
HH005,2026-09-03T23:30:00,0.144
HH006,2026-09-03T23:30:00,0.2107
HH007,2026-09-03T23:30:00,0.2068
HH008,2026-09-03T23:30:00,0.0742
HH009,2026-09-03T23:30:00,0.3354
HH010,2026-09-03T23:30:00,0.0644
HH011,2026-09-03T23:30:00,0.1335
HH012,2026-09-03T23:30:00,0.1427
HH013,2026-09-03T23:30:00,0.2117
HH014,2026-09-03T23:30:00,0.0719
HH015,2026-09-03T23:30:00,0.1485
HH016,2026-09-03T23:30:00,0.066
HH017,2026-09-03T23:30:00,0.1496
HH018,2026-09-03T23:30:00,0.2296
HH019,2026-09-03T23:30:00,0.1608
HH020,2026-09-03T23:30:00,0.3701
HH001,2026-09-03T23:45:00,0.1511
HH002,2026-09-03T23:45:00,0.0417
HH003,2026-09-03T23:45:00,0.0489
HH004,2026-09-03T23:45:00,0.1774
HH005,2026-09-03T23:45:00,0.0865
HH006,2026-09-03T23:45:00,0.1717
HH007,2026-09-03T23:45:00,0.2524
HH008,2026-09-03T23:45:00,0.0947
HH009,2026-09-03T23:45:00,0.1033
HH010,2026-09-03T23:45:00,0.0492
HH011,2026-09-03T23:45:00,0.1746
HH012,2026-09-03T23:45:00,0.0813
HH013,2026-09-03T23:45:00,0.0826
HH014,2026-09-03T23:45:00,0.0893
HH015,2026-09-03T23:45:00,0.087
HH016,2026-09-03T23:45:00,0.0377
HH017,2026-09-03T23:45:00,0.092
HH018,2026-09-03T23:45:00,0.0896
HH019,2026-09-03T23:45:00,0.1569
HH020,2026-09-03T23:45:00,0.2556
