tree
version=v4
num_class=1
num_tree_per_iteration=1
label_index=0
max_feature_idx=12
objective=regression
feature_names=slot hour minute day_of_week is_weekend temp_c cloud_cover lag_1 lag_4 lag_96 lag_192 rolling_mean_4 rolling_mean_96
feature_infos=[0:95] [0:23] [0:45] [0:6] [0:1] [21.079999999999998:36.969999999999999] [0.089999999999999997:29.879999999999999] [33.270000000000003:350.04000000000002] [33.270000000000003:350.04000000000002] [33.270000000000003:350.04000000000002] [33.270000000000003:350.04000000000002] [35.185000000000002:324.6225] [41.043999999999997:102.1359375]
tree_sizes=2593 2626 2619 2623 2624 2613 2624 2618 2615 2612 2610 2653 2635 2623 2635 2616 2629 2657 2624 2647 2664 2656 2649 2636 2654 2661 2654 2651 2650 2643 2648 2644 2656 2664 2615 2642 2647 2657 2639 2679 2657 2641 2641 2644 2641 2671 2662 2675 2675 2676 2680 2699 2684 2691 2677 2689 2674 2679 2667 2702 2678 2697 2689 2682 2704 2685 2694 2691 2681 2674 2710 2686 2687 2728 2719 2676 2706 2698 2688 2682 2709 2710 2712 2702 2718 2728 2683 2695 2709 2716 2749 2730 2721 2714 2763 2767 2758 2729 2747 2736 2740 2763 2716 2749 2737 2758 2738 2774 2727 2751 2755 2733 2737 2713 2731 2734 2749 2740 2748 2737 2724 2751 2733 2744 2746 2757 2773 2762 2750 2761 2791 2756 2755 2784 2780 2786 2777 2781 2789 2768 2789 2770 2762 2793 2776 2769 2793 2799 2765 2758

Tree=0
num_leaves=31
num_cat=0
split_feature=7 9 9 10 7 9 7 0 12 2 12 0 12 7 0 10 8 9 7 8 8 9 7 7 12 7 12 8 11 11
split_gain=1.34142e+07 1.66988e+06 653460 204755 127841 87849.8 67543.3 47393.9 35100.6 28888.3 22065.9 18213.4 12546.2 11716.9 9918.52 8154.66 7849.1 6787.67 3906.78 3676.72 3499.44 3407.04 2067.53 2040.21 1772.22 1714.04 1814.12 1569.99 1182.08 999.475
threshold=142.53500000000003 62.520000000000003 186.71500000000003 279.55000000000001 243.11500000000004 127.55500000000002 51.240000000000002 83.500000000000014 69.912635850991123 22.500000000000004 93.576718750000012 89.500000000000014 94.40770833333336 104.22000000000001 90.500000000000014 41.795000000000009 157.36000000000004 51.740000000000009 41.07500000000001 112.43500000000002 218.39000000000001 279.84500000000008 243.11500000000004 56.440000000000005 92.234166666666695 287.49500000000006 95.804114583333345 267.78500000000003 136.39000000000001 38.866249999999987
decision_type=2 2 2 2 2 2 2 2 2 2 2 2 2 2 2 2 2 2 2 2 2 2 2 2 2 2 2 2 2 2
left_child=1 6 4 7 11 13 17 10 -8 16 22 19 24 -3 -7 -10 -5 18 29 -2 -15 25 -4 -17 -9 26 -12 -14 -25 -1
right_child=2 5 3 9 -6 14 8 12 15 -11 21 -13 27 20 -16 23 -18 -19 -20 -21 -22 -23 -24 28 -26 -27 -28 -29 -30 -31
leaf_value=91.949290367770942 97.849026943010003 95.091513796675287 101.9845032551932 105.47748824490442 102.07457461546339 98.139679709728483 94.735890626801393 101.14651026374943 92.068936342133426 104.2866184238199 102.9539051188363 96.759628714455502 102.15319714591433 95.55471729040147 96.711500581635377 92.717238120994878 106.73141620933501 92.828830014178962 92.207095133949821 98.764094262307395 96.228502981624914 104.15910102261438 102.59458733696925 92.944152802813861 101.68516620346624 103.77845488919152 103.50640975369348 102.64421750086326 93.355650609864142 92.076585218660469
leaf_weight=244 21 190 21 24 21 31 25 37 35 37 24 32 41 234 20 112 26 34 584 23 21 20 41 137 26 26 39 27 20 419
leaf_count=244 21 190 21 24 21 31 25 37 35 37 24 32 41 234 20 112 26 34 584 23 21 20 41 137 26 26 39 27 20 419
internal_value=94.8053 93.0774 102.293 103.209 98.6214 95.614 92.2959 102.593 92.935 105.346 103.141 97.6673 101.877 95.3887 97.5796 92.7869 106.13 92.1318 92.1128 98.3274 95.6102 103.569 102.388 92.8803 101.369 103.437 103.296 102.348 92.9966 92.0297
internal_weight=2592 2106 486 389 97 496 1610 302 329 87 171 76 131 445 51 304 50 1281 1247 44 255 109 62 269 63 89 63 68 157 663
internal_count=2592 2106 486 389 97 496 1610 302 329 87 171 76 131 445 51 304 50 1281 1247 44 255 109 62 269 63 89 63 68 157 663
is_linear=0
shrinkage=1


Tree=1
num_leaves=31
num_cat=0
split_feature=7 9 9 10 7 9 7 0 12 2 12 0 12 7 0 9 8 9 7 8 9 8 7 7 12 10 7 8 7 12
split_gain=1.21063e+07 1.50706e+06 589748 184791 115376 79284.5 60957.9 42772.9 31678.3 26071.7 20024.8 16437.6 11324.9 10574.5 8951.46 7441.96 7083.81 6125.87 3564.45 3318.24 3259.96 3158.24 2825.67 2196.79 1749.86 1578.05 1377.67 1306.2 1300.24 874.893
threshold=142.53500000000003 62.520000000000003 186.71500000000003 279.55000000000001 243.11500000000004 127.55500000000002 51.240000000000002 83.500000000000014 69.912635850991123 22.500000000000004 94.078333333333333 89.500000000000014 95.804114583333345 104.22000000000001 90.500000000000014 41.815000000000005 157.36000000000004 51.740000000000009 39.885000000000012 112.43500000000002 277.44000000000005 218.39000000000001 252.02500000000003 58.415000000000006 92.234166666666695 48.375000000000007 287.49500000000006 267.78500000000003 42.985000000000007 95.909166666666692
decision_type=2 2 2 2 2 2 2 2 2 2 2 2 2 2 2 2 2 2 2 2 2 2 2 2 2 2 2 2 2 2
left_child=1 6 4 7 11 13 17 10 -8 16 22 19 24 -3 -7 -10 -5 18 -1 -2 26 -15 -4 25 -9 -17 29 -14 -20 -12
right_child=2 5 3 9 -6 14 8 12 15 -11 20 -13 27 21 -16 23 -18 -19 28 -21 -22 -23 -24 -25 -26 -27 -28 -29 -30 -31
leaf_value=-2.6633172617583978 2.8915249143327988 0.27188747742115277 6.9820251040988497 10.138562774658205 6.9057951972598124 3.1676450667842744 -0.06595451545715332 6.0241340740306963 -2.5925171693166096 9.0072365631928317 7.8491424942016614 1.8565966844558717 6.9945451980982076 0.71193080722776236 1.8108749055862425 -2.3406326120549981 11.32979466364934 -1.8776621369754567 -2.5414258084398638 3.7608388403187627 8.9602799606323256 1.3520272323063443 7.6001884661222761 -1.6579174535615104 6.5480345044817243 -1.8837237678357024 8.5891726175944019 7.4469561541522005 -2.4066523868732386 8.2615962134467225
leaf_weight=488 21 190 36 24 21 31 25 37 36 37 20 32 39 234 20 22 26 34 470 23 20 21 38 112 28 134 21 27 289 36
leaf_count=488 21 190 36 24 21 31 25 37 36 37 20 32 39 234 20 22 26 34 470 23 20 21 38 112 28 134 21 27 289 36
internal_value=-3.24896e-09 -1.64153 7.11328 7.98303 3.6253 0.768261 -2.38392 7.39812 -1.77684 10.0134 7.91894 2.71885 6.71827 0.554254 2.63558 -1.91753 10.758 -2.53984 -2.55789 3.34594 8.39153 0.764645 7.29946 -1.82686 6.24981 -1.94816 8.2438 7.17962 -2.49011 8.11429
internal_weight=2592 2106 486 389 97 496 1610 302 329 87 171 76 131 445 51 304 50 1281 1247 44 97 255 74 268 65 156 77 66 759 56
internal_count=2592 2106 486 389 97 496 1610 302 329 87 171 76 131 445 51 304 50 1281 1247 44 97 255 74 268 65 156 77 66 759 56
is_linear=0
shrinkage=0.05


Tree=2
num_leaves=31
num_cat=0
split_feature=7 9 9 10 10 9 7 0 12 12 0 12 7 8 0 9 10 9 7 0 8 7 8 12 10 0 8 7 12 12
split_gain=1.0926e+07 1.36012e+06 532247 167180 105488 71554.2 55014.5 48733.4 28589.7 21145.6 13177.2 10230.2 9543.48 9104.2 8078.7 6716.37 5714.55 5528.6 3218.44 3057.92 2850.32 1982.6 1695.6 1439.87 1424.19 1328.59 1288.68 1127.87 1075.69 1027.13
threshold=142.53500000000003 62.520000000000003 186.71500000000003 294.43000000000006 118.18000000000002 127.55500000000002 51.240000000000002 83.500000000000014 69.912635850991123 93.678177083333352 89.500000000000014 94.40770833333336 104.22000000000001 151.17000000000004 90.500000000000014 41.815000000000005 274.76000000000005 51.740000000000009 40.010000000000012 79.500000000000014 218.39000000000001 58.415000000000006 224.59000000000003 92.234166666666695 48.375000000000007 79.500000000000014 265.20000000000005 42.985000000000007 92.04453125000002 97.150364583333356
decision_type=2 2 2 2 2 2 2 2 2 2 2 2 2 2 2 2 2 2 2 2 2 2 2 2 2 2 2 2 2 2
left_child=1 6 4 7 -2 12 17 9 -8 19 22 23 -3 -5 -7 -10 25 18 -1 -4 -14 24 -6 -9 -17 -11 -13 -20 -21 -27
right_child=2 5 3 13 10 14 8 11 15 16 -12 26 20 -15 -16 21 -18 -19 27 28 -22 -23 -24 -25 -26 29 -28 -29 -30 -31
leaf_value=-2.5268810193369706 6.5808116549537292 0.25829309831716513 7.3616927846272793 9.2697760990687783 2.8307598953247073 3.0092628171367029 -0.062656812667846687 5.722927124435838 -2.4628912766774498 8.0998432252465218 1.7620386632283531 6.5899852303897637 0.67633427126794798 10.479393659319197 1.7203311586380003 -2.2236009424382988 8.7900676182338184 -1.7837790040408863 -2.4128998938666451 6.4600405606356537 1.2844258444649834 -1.5750215990202767 3.4401995704287573 6.2084553938645586 -1.7895375579150756 7.517573889370623 7.0253150715547452 -2.286319669637713 6.9490809233292303 7.9383964012409081
leaf_weight=508 21 190 30 28 25 31 25 37 36 41 30 34 234 35 20 22 21 34 450 22 21 112 21 26 134 29 34 289 23 29
leaf_count=508 21 190 30 28 25 31 25 37 36 41 30 34 234 35 20 22 21 34 450 22 21 112 21 26 134 29 34 289 23 29
internal_value=-5.58017e-09 -1.55945 6.75762 7.58388 3.44403 0.729848 -2.26472 7.12821 -1.68799 7.62928 2.57729 6.38235 0.526541 9.94179 2.5038 -1.82166 8.0409 -2.41285 -2.43 6.97067 0.726412 -1.73552 3.10898 5.9233 -1.85075 7.88199 6.80765 -2.3634 6.70999 7.72799
internal_weight=2592 2106 486 389 97 496 1610 326 329 195 76 131 445 63 51 304 120 1281 1247 75 255 268 46 63 156 99 68 739 45 58
internal_count=2592 2106 486 389 97 496 1610 326 329 195 76 131 445 63 51 304 120 1281 1247 75 255 268 46 63 156 99 68 739 45 58
is_linear=0
shrinkage=0.05


Tree=3
num_leaves=31
num_cat=0
split_feature=7 9 9 10 7 9 7 0 12 2 12 0 12 7 0 10 8 9 11 8 9 8 7 11 9 12 0 7 8 7
split_gain=9.86068e+06 1.22751e+06 480353 151083 96779 64577.7 49650.6 34725.6 25802.2 21605.2 16520.5 13487 9238.34 8648.36 7291.02 6131.57 5953.63 4989.56 2989.21 2863.32 2797.29 2438.02 2300.48 1628.18 1848.32 1426.72 1331.1 1181.97 1082.91 779.326
threshold=142.53500000000003 62.520000000000003 186.71500000000003 279.55000000000001 243.11500000000004 127.55500000000002 51.240000000000002 83.500000000000014 69.912635850991123 22.500000000000004 94.078333333333333 89.500000000000014 95.804114583333345 105.39000000000001 90.500000000000014 41.795000000000009 157.36000000000004 51.740000000000009 40.157499999999992 112.43500000000002 277.44000000000005 218.39000000000001 248.10000000000002 136.39000000000001 51.030000000000008 91.947916666666671 39.500000000000007 287.49500000000006 267.78500000000003 101.47500000000001
decision_type=2 2 2 2 2 2 2 2 2 2 2 2 2 2 2 2 2 2 2 2 2 2 2 2 2 2 2 2 2 2
left_child=1 6 4 7 11 13 17 10 -8 16 22 19 25 29 -7 -10 -5 18 -1 -2 27 -15 -4 24 -17 -9 -20 -12 -14 -3
right_child=2 5 3 9 -6 14 8 12 15 -11 20 -13 28 21 -16 23 -18 -19 26 -21 -22 -23 -24 -25 -26 -27 -28 -29 -30 -31
leaf_value=-2.4127872462735489 2.5875532422746934 0.19451382352161584 6.1921172637939463 9.1505056063334163 6.2763304392496746 2.8587995498411121 -0.059523967742919931 5.409457836729108 -2.3531057466779437 8.1246246544090486 7.3175282750810897 1.660606211423874 6.3114119407458187 0.65599834929962864 1.6343146514892579 -2.1015427509943647 10.242583935077375 -1.6945900468265309 -2.3037546019048554 3.3950811966605805 8.1011788940429685 1.2202045713152205 6.7815397612902588 -1.2155355644226074 -1.639947218153212 5.8780159711837774 -2.1725257764290733 7.7573888506208153 6.7233424151385286 0.39958535875592915
leaf_weight=443 21 137 25 24 21 31 25 33 35 37 56 32 39 217 20 24 26 34 481 23 20 21 49 20 225 32 323 21 27 70
leaf_count=443 21 137 25 24 21 31 25 33 35 37 56 32 39 217 20 24 26 34 481 23 20 21 49 20 225 32 323 21 27 70
internal_value=5.1697e-09 -1.48148 6.41973 7.20469 3.27183 0.693356 -2.15149 6.6758 -1.60359 9.04058 7.14508 2.44164 6.06324 0.500214 2.37861 -1.73057 9.71839 -2.2922 -2.3085 3.00967 7.57433 0.705781 6.58241 -1.64958 -1.68444 5.64013 -2.25103 7.43749 6.47993 0.263862
internal_weight=2592 2106 486 389 97 496 1610 302 329 87 171 76 131 445 51 304 50 1281 1247 44 97 238 74 269 249 65 804 77 66 207
internal_count=2592 2106 486 389 97 496 1610 302 329 87 171 76 131 445 51 304 50 1281 1247 44 97 238 74 269 249 65 804 77 66 207
is_linear=0
shrinkage=0.05


Tree=4
num_leaves=31
num_cat=0
split_feature=7 9 9 10 10 9 7 0 12 12 0 8 7 9 8 0 9 10 11 0 8 12 9 5 8 11 7 12 7 12
split_gain=8.89927e+06 1.10783e+06 433519 136738 89108.7 58281.4 45019.4 39592.5 21834 17631 10298.5 8409.86 7818.64 7714.48 7452.15 6580.15 5315.9 4892.57 2616.71 2252.86 2047.05 1827.51 1389.2 1262.55 1174.04 1162.28 1116.6 1178.5 1014.32 855.315
threshold=142.53500000000003 62.520000000000003 186.71500000000003 294.43000000000006 118.18000000000002 127.55500000000002 53.515000000000008 83.500000000000014 87.166562500000012 93.576718750000012 89.500000000000014 256.26500000000004 106.52000000000002 51.740000000000009 151.17000000000004 90.500000000000014 41.815000000000005 274.76000000000005 40.157499999999992 79.500000000000014 218.39000000000001 92.234166666666695 277.44000000000005 32.935000000000009 224.59000000000003 136.39000000000001 287.49500000000006 95.804114583333345 101.47500000000001 92.04453125000002
decision_type=2 2 2 2 2 2 2 2 2 2 2 2 2 2 2 2 2 2 2 2 2 2 2 2 2 2 2 2 2 2
left_child=1 6 4 7 -2 12 13 9 -8 19 24 21 28 18 -5 -7 -10 22 -1 -4 -14 -9 26 -20 -6 -18 27 -11 -3 -21
right_child=2 5 3 14 10 15 8 11 16 17 -12 -13 20 -15 -16 -17 25 -19 23 29 -22 -23 -24 -25 -26 -27 -28 -29 -30 -31
leaf_value=-2.2921479278977785 5.9912203652518139 0.18478813502278152 6.6115027065934813 8.3689133507864817 2.5501538085937501 2.7158596223400489 -0.056547780990600587 5.1637751089560027 -2.2076718330383303 6.6100151235407054 1.5909064292907715 6.2236975329262876 0.63976524946640945 -1.6723602422078452 9.4632928248814174 1.5525988769531249 -1.554346215370858 7.9461531866164439 -2.1931367911973925 5.8234139529141515 1.1591943195887975 5.6574470018085687 7.4805528640747072 -2.0664885809321603 3.0572748093377977 -1.1547587823867798 7.3100287727687672 7.0745165718926337 0.40013734809644935 6.2643104206431994
leaf_weight=443 21 137 29 28 25 31 25 37 32 22 30 56 196 75 35 20 202 21 479 22 21 38 20 334 21 20 23 36 91 22
leaf_count=443 21 137 29 28 25 31 25 37 32 22 30 56 196 75 35 20 202 21 479 22 21 38 20 334 21 20 23 36 91 22
internal_value=-1.1024e-08 -1.4074 6.09875 6.84445 3.10824 0.658688 -2.04391 6.43235 -1.46642 6.88399 2.31163 5.76007 0.475203 -2.16496 8.9769 2.25968 -1.60519 7.25175 -2.19438 6.26936 0.690033 5.4139 7.10737 -2.14111 2.78167 -1.51835 7.01523 6.89833 0.270739 6.04386
internal_weight=2592 2106 486 389 97 496 1610 326 279 195 76 131 445 1331 63 51 254 122 1256 73 217 75 101 813 46 222 81 58 228 44
internal_count=2592 2106 486 389 97 496 1610 326 279 195 76 131 445 1331 63 51 254 122 1256 73 217 75 101 813 46 222 81 58 228 44
is_linear=0
shrinkage=0.05


Tree=5
num_leaves=31
num_cat=0
split_feature=7 9 9 10 7 9 7 0 12 2 12 0 12 7 9 0 12 9 8 7 9 8 7 12 12 11 7 7 12 7
split_gain=8.03159e+06 999817 391251 123540 81198.1 52598.9 40630 28188.9 19705.1 17906.4 13623.4 11086.2 7606.62 7070.62 6962.32 5938.58 5339.09 4797.6 2483.34 2430.71 2330.15 2089.35 1864.71 1104.75 1058.81 1031.5 976.78 859.611 683.359 673.271
threshold=142.53500000000003 62.520000000000003 186.71500000000003 279.55000000000001 243.11500000000004 127.55500000000002 53.515000000000008 83.500000000000014 87.166562500000012 22.500000000000004 94.078333333333333 89.500000000000014 94.40770833333336 104.22000000000001 51.740000000000009 90.500000000000014 94.944843750000004 41.815000000000005 112.43500000000002 39.615000000000002 277.44000000000005 218.39000000000001 252.02500000000003 98.873788377192994 91.947916666666671 257.58000000000004 287.49500000000006 42.985000000000007 95.909166666666692 60.515000000000008
decision_type=2 2 2 2 2 2 2 2 2 2 2 2 2 2 2 2 2 2 2 2 2 2 2 2 2 2 2 2 2 2
left_child=1 6 4 7 11 13 14 10 -8 16 22 18 24 -3 19 -7 -5 -10 -2 -1 26 -15 -4 -19 -9 -14 28 -21 -12 -25
right_child=2 5 3 9 -6 15 8 12 17 -11 20 -13 25 21 -16 -17 -18 23 -20 27 -22 -23 -24 29 -26 -27 -28 -29 -30 -31
leaf_value=-2.1785623366109443 2.3142818768819171 0.22054958452078466 5.6779611905415859 8.3214394978114541 5.704866509210496 2.5800666624499904 -0.053720359802246098 4.8807961088238345 -2.0972882270812989 7.3284903448981211 6.3683069992065429 1.4842796489596368 5.6440629454220046 0.58060649281893029 -1.5887422370910647 1.4749689769744874 9.3623139468106356 -1.4947201325343205 3.0663217876268472 -2.0723705169053104 7.3174364662170408 1.1012346426645914 6.1801288203189246 -1.409642539024353 5.2912182617187504 6.0335376851698932 7.0025036039806556 -1.9655967341173417 6.7328277164035377 -0.9993769502639771
leaf_weight=445 21 190 36 28 21 31 25 33 32 37 20 32 34 234 75 20 22 182 23 513 20 21 38 20 30 34 21 298 36 20
leaf_count=445 21 190 36 28 21 31 25 33 32 37 20 32 34 234 75 20 22 182 23 513 20 21 38 20 30 34 21 298 36 20
internal_value=8.28902e-09 -1.33703 5.79381 6.50223 2.95283 0.625753 -1.94172 6.02398 -1.3931 8.16236 6.44679 2.1924 5.47207 0.451443 -2.05672 2.1467 8.77942 -1.52493 2.70739 -2.08466 6.83659 0.623482 5.93583 -1.44243 5.07624 5.8388 6.71169 -2.03314 6.60264 -1.20451
internal_weight=2592 2106 486 389 97 496 1610 302 279 87 171 76 131 445 1331 51 50 254 44 1256 97 255 74 222 63 68 77 811 56 40
internal_count=2592 2106 486 389 97 496 1610 302 279 87 171 76 131 445 1331 51 50 254 44 1256 97 255 74 222 63 68 77 811 56 40
is_linear=0
shrinkage=0.05


Tree=6
num_leaves=31
num_cat=0
split_feature=7 9 9 10 9 9 7 0 9 9 12 0 8 7 8 0 0 0 11 8 2 12 5 11 7 7 12 12 11 12
split_gain=7.24851e+06 902334 353104 111839 75947.4 47470.5 36888.1 32165.9 28412.6 24600.6 14725.2 8211.75 6923.06 6449.19 6220.69 5359.57 4067.76 3040.53 2145.92 1657.68 1651.86 1479.49 1115.86 1018.83 891.713 849.38 808.923 731.238 593.707 557.259
threshold=142.53500000000003 62.520000000000003 186.71500000000003 294.43000000000006 122.59000000000002 127.55500000000002 106.52000000000002 83.500000000000014 49.410000000000004 51.030000000000008 94.495364583333341 89.500000000000014 256.26500000000004 106.52000000000002 151.17000000000004 90.500000000000014 79.500000000000014 79.500000000000014 39.942500000000003 218.39000000000001 37.500000000000007 92.234166666666695 32.935000000000009 222.11375000000001 56.065000000000005 101.47500000000001 92.04453125000002 98.404322916666686 43.984999999999992 97.348906250000013
decision_type=2 2 2 2 2 2 2 2 2 2 2 2 2 2 2 2 2 2 2 2 2 2 2 2 2 2 2 2 2 2
left_child=1 6 4 7 -2 13 8 10 18 -8 17 23 21 25 -5 -7 20 -4 -1 -15 -12 -9 -20 -6 -10 -3 -19 -14 -24 -18
right_child=2 5 3 14 11 15 9 12 24 -11 16 -13 27 19 -16 -17 29 26 22 -21 -22 -23 28 -25 -26 -27 -28 -29 -30 -31
leaf_value=-2.0747035230247719 5.4667568615504676 0.16452124898804585 6.0528774352300738 7.5501826422555114 2.2720210450036187 2.4510633407100553 0.87382011890411393 4.6593280998436182 -1.4991033070015185 -1.478868648529053 7.242755381266277 1.3892630934715271 5.4844467269049755 0.57874667200506946 8.5500594656808033 1.401220498085022 6.1704635620117188 5.2472036708485001 -1.9807917544716283 1.0461729185921806 6.6620182647705084 5.1035138933282154 -1.9180444145202635 2.7392696857452394 -1.3138877958059312 0.36158532415117539 5.6591553027813255 5.8615210914611815 -1.7827211835167625 6.4861178504096131
leaf_weight=412 21 137 42 28 28 31 20 37 132 25 24 28 36 196 35 20 29 22 551 21 25 38 210 20 128 91 26 20 132 27
leaf_count=412 21 137 42 28 28 31 20 37 132 25 24 28 36 196 35 20 29 22 551 21 25 38 210 20 128 91 26 20 132 27
internal_value=3.80074e-10 -1.27018 5.50412 6.17712 2.80519 0.594466 -1.84463 5.80442 -1.88522 -0.433229 6.2115 2.06975 5.19847 0.428871 8.10567 2.03936 6.61376 5.74219 -1.98031 0.623981 6.94646 4.88438 -1.93676 2.46671 -1.40792 0.243174 5.47034 5.61912 -1.86581 6.32265
internal_weight=2592 2106 486 389 97 496 1610 326 1565 45 195 76 131 445 63 51 105 90 1305 217 49 75 893 48 260 228 48 56 342 56
internal_count=2592 2106 486 389 97 496 1610 326 1565 45 195 76 131 445 63 51 105 90 1305 217 49 75 893 48 260 228 48 56 342 56
is_linear=0
shrinkage=0.05


Tree=7
num_leaves=31
num_cat=0
split_feature=7 9 9 10 10 9 7 9 0 9 2 12 0 12 7 0 12 7 9 8 7 11 11 12 8 7 7 5 8 11
split_gain=6.54178e+06 814357 318676 101100 69209.7 42842.2 33291.5 25642.4 22866.1 22202.1 14810.2 11135.3 7512.83 6251.81 5820.4 4837.01 4632.59 1989.18 1909.73 1496.06 1091.49 946.798 925.763 1063.34 869.14 804.771 766.565 740 709.969 659.444
threshold=142.53500000000003 62.520000000000003 186.71500000000003 279.55000000000001 118.18000000000002 127.55500000000002 106.52000000000002 49.410000000000004 83.500000000000014 51.030000000000008 22.500000000000004 93.576718750000012 89.500000000000014 94.40770833333336 106.52000000000002 90.500000000000014 94.944843750000004 39.560000000000009 279.84500000000008 218.39000000000001 243.11500000000004 232.00000000000003 299.11500000000007 95.383645833333347 261.17000000000002 56.065000000000005 101.47500000000001 33.115000000000002 224.59000000000003 43.984999999999992
decision_type=2 2 2 2 2 2 2 2 2 2 2 2 2 2 2 2 2 2 2 2 2 2 2 2 2 2 2 2 2 2
left_child=1 6 4 8 -2 14 7 17 11 -8 16 20 28 21 26 -7 -5 -1 22 -16 -4 -10 23 -13 -15 -9 -3 -19 -6 -29
right_child=2 5 3 10 12 15 9 25 13 -11 -12 18 -14 24 19 -17 -18 27 -20 -21 -22 -23 -24 -25 -26 -27 -28 29 -30 -31
leaf_value=-1.9685936123201218 5.2056951068696522 0.15629518366211442 4.988309369768416 7.5046466554914204 2.1843065414428713 2.3285101090708085 0.83012909889221198 -1.424148146311442 4.2954713630676267 -1.4049252014160158 6.6117080172976932 5.620181102752686 1.3472965606053671 5.0125334652987394 0.54980933708803992 1.3311595106124878 8.4742109125310723 -1.8760197416817634 6.5622204208374031 0.9938642615363712 5.431584474517078 4.7118799520093342 6.2869012991587319 6.0583493381076394 5.3946353331856116 -1.2481934204697609 0.34350606242378995 -1.8344727865287238 2.5786630085536415 -1.6935850735866662
leaf_weight=435 21 137 21 28 25 31 20 132 20 25 37 20 30 22 196 20 22 514 20 21 41 43 24 45 46 128 91 224 21 132
leaf_count=435 21 137 21 28 25 31 20 132 20 25 37 20 30 22 196 20 22 514 20 21 41 43 24 45 46 128 91 224 21 132
internal_value=1.55175e-09 -1.20667 5.22891 5.86826 2.66493 0.564742 -1.7524 -1.79095 5.43562 -0.411568 7.37007 5.81643 1.96287 4.93854 0.407428 1.93739 7.93125 -1.88129 6.12073 0.592782 5.28144 4.57969 6.02152 5.92353 5.27101 -1.33752 0.231015 -1.83764 2.36434 -1.78223
internal_weight=2592 2106 486 389 97 496 1610 1565 302 45 87 171 76 131 445 51 50 1305 109 217 62 63 89 65 68 260 228 870 46 356
internal_count=2592 2106 486 389 97 496 1610 1565 302 45 87 171 76 131 445 51 50 1305 109 217 62 63 89 65 68 260 228 870 46 356
is_linear=0
shrinkage=0.05


Tree=8
num_leaves=31
num_cat=0
split_feature=7 9 9 10 7 9 7 0 9 9 12 0 7 8 8 10 11 8 7 0 12 7 9 7 12 11 5 7 0 12
split_gain=5.90396e+06 734957 287605 91465.8 63349 38750.5 30045.6 26133.7 23142.2 20037.4 12305 8617.44 6572.66 5672.34 5228.85 3629.85 2940.12 2086.09 1824.77 1332.58 1237.84 1013.95 929.716 841.033 855.107 751.434 771.076 726.306 689.992 642.897
threshold=142.53500000000003 62.520000000000003 186.71500000000003 294.43000000000006 243.11500000000004 138.46500000000003 106.52000000000002 83.500000000000014 49.410000000000004 51.030000000000008 93.576718750000012 89.500000000000014 107.575 256.26500000000004 147.02000000000004 274.76000000000005 170.56625000000003 112.43500000000002 38.785000000000004 79.500000000000014 92.234166666666695 102.69500000000001 277.44000000000005 287.49500000000006 95.804114583333345 41.468749999999993 33.265000000000008 56.065000000000005 76.500000000000014 98.404322916666686
decision_type=2 2 2 2 2 2 2 2 2 2 2 2 2 2 2 2 2 2 2 2 2 2 2 2 2 2 2 2 2 2
left_child=1 6 4 7 11 12 8 10 18 -8 19 17 21 20 -5 22 -14 -2 -1 -4 -9 -3 23 24 -12 -20 -27 -10 -16 -15
right_child=2 5 3 14 -6 -7 9 13 27 -11 15 -13 16 29 28 -17 -18 -19 25 -21 -22 -23 -24 -25 -26 26 -28 -29 -30 -31
leaf_value=-1.8905325913281175 1.9537572860717773 0.16578922393314677 5.3544027788885709 6.6970690813931562 4.9624938510713124 2.0707995703345854 0.78862266302108763 4.2014593382139465 -1.3529407161654849 -1.3346789627075195 5.3651851827448063 1.2356957986950876 0.54751050567626958 4.9461040390862365 7.862771873474121 6.5100866953531913 1.1080776885703758 2.6430276787799336 -1.8099027667356573 4.917833744395864 4.6077537737394634 0.37269034347226548 6.0928998756408692 5.9680793264637826 5.7608539157443577 -1.7674860470731493 -1.6541533004320585 -1.1857837378978731 7.4524172828311013 5.2996685028076174
leaf_weight=322 21 163 29 22 21 38 20 37 132 25 22 32 175 36 20 21 27 23 368 44 38 93 20 23 36 355 260 128 21 20
leaf_count=322 21 163 29 22 21 38 20 37 132 25 22 32 175 36 20 21 27 23 368 44 38 93 20 23 36 355 260 128 21 20
internal_value=2.93252e-09 -1.14634 4.96747 5.57485 2.53168 0.536505 -1.66478 5.23781 -1.70141 -0.390989 5.60473 1.86001 0.409206 4.69162 7.31892 5.91197 0.622438 2.31406 -1.78723 5.09127 4.40732 0.240953 5.78761 5.71223 5.61077 -1.75339 -1.71957 -1.27065 7.65259 5.07238
internal_weight=2592 2106 486 389 97 496 1610 326 1565 45 195 76 458 131 63 122 202 44 1305 73 75 256 101 81 58 983 615 260 41 56
internal_count=2592 2106 486 389 97 496 1610 326 1565 45 195 76 458 131 63 122 202 44 1305 73 75 256 101 81 58 983 615 260 41 56
is_linear=0
shrinkage=0.05


Tree=9
num_leaves=31
num_cat=0
split_feature=7 9 9 9 9 9 7 0 9 9 12 11 0 8 11 10 0 11 11 7 8 12 12 5 7 12 7 11 0 11
split_gain=5.32832e+06 663299 259564 82850.5 59492.1 34972.3 27116.1 23532.4 20885.9 18083.7 8613.42 6003.98 5770.34 5689.71 5156.17 4719.25 2324.15 2307.12 1659.59 1337.26 1158.31 1032.69 852.727 832.134 752.351 690.513 655.491 524.084 508.54 463.825
threshold=142.53500000000003 62.520000000000003 186.71500000000003 295.61500000000007 122.59000000000002 138.46500000000003 106.52000000000002 83.500000000000014 49.410000000000004 51.030000000000008 93.576718750000012 108.17875000000001 89.500000000000014 147.02000000000004 242.155 277.44000000000005 78.500000000000014 170.56625000000003 39.898749999999978 102.69500000000001 257.64000000000004 95.15057291666669 95.104843750000001 32.935000000000009 243.11500000000004 95.383645833333347 56.065000000000005 232.00000000000003 79.500000000000014 44.318749999999987
decision_type=2 2 2 2 2 2 2 2 2 2 2 2 2 2 2 2 2 2 2 2 2 2 2 2 2 2 2 2 2 2
left_child=1 6 4 7 -2 11 8 10 18 -8 16 19 25 -5 27 22 -4 -13 -1 -3 -16 -15 -12 -20 -18 -6 -10 -9 -24 -25
right_child=2 5 3 13 12 -7 9 14 26 -11 15 17 -14 21 20 -17 24 -19 23 -21 -22 -23 28 29 -26 -27 -28 -29 -30 -31
leaf_value=-1.7825267366043054 4.7607491901942662 0.15749976054216774 5.3274230127749238 6.2840183803013403 1.9266708169664657 1.967259562642951 0.74919149875640878 3.8696089744567872 -1.2852937329899181 -1.2679450340270997 5.1843420346577966 0.54728540233943768 1.18376031262534 7.0319644927978517 4.4601406557806609 6.2692825499035072 4.4930022103445877 1.0526737954881458 -1.6978234160180188 0.37250330714079055 4.8573433456420902 7.5283894278786407 5.7355509076799667 -1.6375824948318867 4.8781554102897644 2.3113358020782471 -1.1264945641160011 4.1958828687667848 5.4448136671534124 -1.5114255441938127
leaf_weight=401 21 163 23 21 28 38 20 20 132 25 24 138 28 20 29 21 21 27 561 130 50 22 21 238 32 20 128 32 53 105
leaf_count=401 21 163 23 21 28 38 20 20 132 25 24 138 28 20 29 21 21 27 561 130 50 22 21 238 32 20 128 32 53 105
internal_value=4.59724e-09 -1.08902 4.71909 5.29611 2.4051 0.50968 -1.58154 4.97533 -1.61634 -0.37144 5.32352 0.388746 1.75419 6.956 4.45704 5.58908 4.90769 0.629985 -1.69787 0.252894 4.71153 7.292 5.44333 -1.66031 4.72555 2.08695 -1.20712 4.07039 5.52732 -1.59896
internal_weight=2592 2106 486 389 97 496 1610 326 1565 45 195 458 76 63 131 119 76 165 1305 293 79 42 98 904 53 48 260 52 74 343
internal_count=2592 2106 486 389 97 496 1610 326 1565 45 195 458 76 63 131 119 76 165 1305 293 79 42 98 904 53 48 260 52 74 343
is_linear=0
shrinkage=0.05


Tree=10
num_leaves=31
num_cat=0
split_feature=7 9 9 10 10 9 7 9 0 10 2 12 0 12 7 10 8 9 7 12 7 0 11 11 7 11 5 7 8 12
split_gain=4.80881e+06 598627 234256 75241.7 53771.7 31627.9 24472.3 18849.5 16627.8 16440.6 11122.8 8372.63 5463.52 4659.87 4323.46 3955.72 3869.91 1638 1540.91 1527.09 1288.28 833.081 722.269 695.938 640.534 627.841 620.716 591.581 542.054 518.507
threshold=142.53500000000003 62.520000000000003 186.71500000000003 279.55000000000001 118.18000000000002 127.55500000000002 106.52000000000002 49.410000000000004 83.500000000000014 48.375000000000007 22.500000000000004 94.495364583333341 89.500000000000014 94.40770833333336 103.85000000000001 150.97000000000006 157.36000000000004 274.44000000000005 38.785000000000004 91.580364583333349 111.355 79.500000000000014 232.00000000000003 257.58000000000004 278.71000000000009 41.080000000000005 33.115000000000002 56.065000000000005 218.39000000000001 97.457031250000014
decision_type=2 2 2 2 2 2 2 2 2 2 2 2 2 2 2 2 2 2 2 2 2 2 2 2 2 2 2 2 2 2
left_child=1 6 4 8 -2 14 7 18 11 -8 16 19 -6 22 -3 -7 -5 24 -1 -4 -16 -21 -10 -15 29 -20 -27 -9 -22 -13
right_child=2 5 3 10 12 15 9 27 13 -11 -12 17 -14 23 20 -17 -18 -19 25 21 28 -23 -24 -25 -26 26 -28 -29 -30 -31
leaf_value=-1.7079034488393654 4.5243795996620539 0.16080835217697476 4.3283577457551035 6.3553824742635099 2.008382670775704 1.2951681693394981 0.71564074039459236 -1.2210290540348401 3.6761286735534671 -1.207674789428711 5.6696888691670191 4.9218349609374998 1.1410739262898764 4.3612643073586863 0.39662032061152991 2.189909939538865 7.2358492337740392 5.6801770123568449 -1.6410330899350054 5.0250285720825199 0.56265463133653004 4.5992677476671009 4.0398264419200807 4.6811763987821697 5.3901167144775393 -1.5946410663127901 -1.4970585861206054 -1.0701698124408723 0.85136136441003707 5.2588478633335667
leaf_weight=322 21 181 31 24 46 30 20 132 20 25 37 25 30 34 171 21 26 22 308 20 72 27 43 34 25 400 275 128 21 21
leaf_count=322 21 181 31 24 46 30 20 132 20 25 37 25 30 34 171 21 26 22 308 20 72 27 43 34 25 400 275 128 21 21
internal_value=4.96689e-09 -1.03457 4.48314 5.0313 2.28484 0.484196 -1.50246 -1.53552 4.65807 -0.352868 6.32689 4.9828 1.66602 4.23418 0.349029 1.66359 6.81323 5.30321 -1.61297 4.60077 0.478075 4.78044 3.92437 4.52122 5.1864 -1.58188 -1.55489 -1.14676 0.627846 5.07569
internal_weight=2592 2106 486 389 97 496 1610 1565 302 45 87 171 76 131 445 51 50 93 1305 78 264 47 63 68 71 983 675 260 93 46
internal_count=2592 2106 486 389 97 496 1610 1565 302 45 87 171 76 131 445 51 50 93 1305 78 264 47 63 68 71 983 675 260 93 46
is_linear=0
shrinkage=0.05


Tree=11
num_leaves=31
num_cat=0
split_feature=7 9 0 0 0 2 9 7 9 9 7 0 11 9 11 8 7 11 11 11 7 7 2 5 11 7 7 11 7 12
split_gain=4.33995e+06 540261 212454 88332.2 66756.5 28732.8 28657.1 22086.2 17011.7 14864 12320.6 5334.98 5526.43 5321.13 4933.94 4505.24 2327.48 2077.49 1849.04 1425.01 1285.91 1093.77 1024.31 584.002 574.599 538.849 459.867 385.895 291.025 209.726
threshold=142.53500000000003 62.520000000000003 88.500000000000014 73.500000000000014 79.500000000000014 22.500000000000004 138.46500000000003 106.52000000000002 49.410000000000004 51.030000000000008 246.51500000000001 74.500000000000014 291.97750000000002 152.71500000000003 108.17875000000001 157.36000000000004 261.17000000000002 240.66375000000002 170.56625000000003 38.866249999999987 292.82500000000005 101.47500000000001 1.0000000180025095e-35 32.935000000000009 43.984999999999992 55.110000000000007 53.515000000000008 232.00000000000003 109.55000000000001 90.710104166666682
decision_type=2 2 2 2 2 2 2 2 2 2 2 2 2 2 2 2 2 2 2 2 2 2 2 2 2 2 2 2 2 2
left_child=1 7 3 -2 5 15 14 8 19 -9 17 -7 20 -4 21 -5 -12 27 -16 -1 -13 26 -18 -21 -25 -10 -3 -6 -23 -26
right_child=2 6 13 4 10 11 -8 9 25 -11 16 12 -14 -15 18 -17 22 -19 -20 23 -22 28 -24 24 29 -27 -28 -29 -30 -31
leaf_value=-1.6407312966943757 1.7006972432136536 0.30917703487254955 1.0251365597500948 6.0809568698589622 3.4923221015930177 5.7763920288085941 1.7794150590896607 0.68075818061828619 -1.1689996784568852 -1.1480106658935547 4.3974352129044076 4.3661691225492039 5.4518947958946233 1.9815688756796028 0.49516653150751977 6.9949862343924387 4.6103454821037522 4.099777334244525 0.94760966477570718 -1.536596113425035 4.8794124603271491 0.28388316190242768 4.9888428712502506 -1.5012451202860808 -1.2253407478332521 -1.0243127942918899 0.078890652690421448 3.7798839296613425 0.45502706035490964 -1.4011163839272092
leaf_weight=246 24 27 33 26 20 25 38 20 117 25 62 26 32 26 138 28 33 61 27 650 23 125 39 277 20 143 110 28 31 112
leaf_count=246 24 27 33 26 20 25 38 20 117 25 62 26 32 26 138 28 33 61 27 650 23 125 39 277 20 143 110 28 31 112
internal_value=-3.02479e-09 -0.982842 4.25898 4.64758 4.82307 5.61614 0.459986 -1.42734 -1.45874 -0.335225 4.30089 5.1379 4.94083 1.44662 0.350514 6.5549 4.62199 3.90614 0.569203 -1.53232 4.60708 0.227362 4.81536 -1.50714 -1.46033 -1.08942 0.124276 3.66007 0.317893 -1.37448
internal_weight=2592 2106 486 427 403 160 496 1610 1565 45 243 106 81 59 458 54 134 109 165 1305 49 293 72 1059 409 260 137 48 156 132
internal_count=2592 2106 486 427 403 160 496 1610 1565 45 243 106 81 59 458 54 134 109 165 1305 49 293 72 1059 409 260 137 48 156 132
is_linear=0
shrinkage=0.05


Tree=12
num_leaves=31
num_cat=0
split_feature=7 9 9 10 9 9 7 0 12 12 0 8 7 9 9 8 0 12 11 0 10 8 8 7 12 8 12 11 7 7
split_gain=3.91694e+06 459539 240335 63647 59023.8 19135.4 18014.4 17273.3 10601.3 8667.3 4829.41 3866.25 3632.28 3354.37 3262.71 3143.1 2433.73 1542.88 1313.43 1119.71 1056.65 998.204 879.894 823.992 744.089 615.205 602.819 527.414 480.949 415.03
threshold=137.73500000000004 62.520000000000003 186.71500000000003 294.43000000000006 109.44000000000001 138.46500000000003 53.515000000000008 83.500000000000014 87.166562500000012 94.495364583333341 89.500000000000014 253.70000000000002 106.52000000000002 51.740000000000009 49.410000000000004 151.17000000000004 79.500000000000014 90.798593750000023 40.263750000000002 79.500000000000014 270.99500000000006 108.71500000000002 243.11500000000004 113.35000000000001 91.947916666666671 50.170000000000009 98.404322916666686 43.984999999999992 101.47500000000001 53.515000000000008
decision_type=2 2 2 2 2 2 2 2 2 2 2 2 2 2 2 2 2 2 2 2 2 2 2 2 2 2 2 2 2 2
left_child=1 6 4 7 -2 12 13 9 -8 17 21 24 28 18 -10 -5 20 -4 -1 -19 -11 -6 -12 -14 -9 27 -13 -20 29 -3
right_child=2 5 3 15 10 -7 8 11 14 16 22 26 23 -15 -16 -17 -18 19 25 -21 -22 -23 -24 -25 -26 -27 -28 -29 -30 -31
leaf_value=-1.5241445815668699 4.403176362514496 0.29371817509333292 3.8855047296594694 5.6031547677928009 1.4744798278808595 1.5646014524228646 -0.011295097351074219 3.3932479396010891 -1.4819573380730369 4.9266672406877792 0.78492070198059083 4.0006313975264387 0.40619914382696154 -1.1117293739318848 -1.0080409150857192 6.3070468030657096 4.6452346324920653 4.5447341084480284 -1.4196580512528489 4.1230977950557586 5.3958538055419929 1.9305051612854005 1.2339666922887167 0.62983949834650221 3.7198158908534698 -1.5027140413011824 4.3354592895507817 -1.3105937050772714 0.26634981180285361 0.074946119087875226
leaf_weight=452 20 27 27 29 20 33 25 33 44 28 20 41 164 75 208 35 56 32 493 31 21 30 24 55 37 168 20 143 91 110
leaf_count=452 20 27 27 29 20 33 25 33 44 28 20 41 164 75 208 35 56 32 493 31 21 30 24 55 37 168 20 143 91 110
internal_value=-1.30779e-10 -0.95494 3.95618 4.54649 1.93668 0.402712 -1.36021 4.26348 -0.993361 4.56179 1.4119 3.81943 0.316935 -1.43656 -1.09079 5.9881 4.87041 4.20174 -1.45595 4.33726 5.12775 1.7481 1.02985 0.462365 3.56586 -1.41761 4.11041 -1.39514 0.177247 0.118062
internal_weight=2592 2088 504 390 114 480 1608 326 277 195 94 131 447 1331 252 64 105 90 1256 63 49 50 44 219 70 804 61 636 228 137
internal_count=2592 2088 504 390 114 480 1608 326 277 195 94 131 447 1331 252 64 105 90 1256 63 49 50 44 219 70 804 61 636 228 137
is_linear=0
shrinkage=0.05


Tree=13
num_leaves=31
num_cat=0
split_feature=7 9 0 0 0 2 9 7 9 10 7 0 11 9 8 0 7 7 11 7 7 7 2 11 5 7 8 11 7 7
split_gain=3.5356e+06 440179 174395 72246.6 54727.4 23937.5 23505.6 18206.6 13911.5 12503 10184.6 4562.58 4653.91 4400.23 3881.8 3198.21 3195.42 1927.05 1681.03 1197.24 1101.85 973.12 860.082 490.249 498.465 463.736 386.02 334.772 256.398 339.55
threshold=142.53500000000003 62.520000000000003 88.500000000000014 73.500000000000014 79.500000000000014 22.500000000000004 127.55500000000002 106.52000000000002 49.410000000000004 48.375000000000007 246.51500000000001 74.500000000000014 291.97750000000002 152.71500000000003 157.36000000000004 90.500000000000014 103.85000000000001 261.17000000000002 240.66375000000002 38.695000000000007 292.82500000000005 111.355 1.0000000180025095e-35 41.535000000000004 32.935000000000009 56.065000000000005 218.39000000000001 232.00000000000003 53.515000000000008 99.295000000000016
decision_type=2 2 2 2 2 2 2 2 2 2 2 2 2 2 2 2 2 2 2 2 2 2 2 2 2 2 2 2 2 2
left_child=1 7 3 -2 5 14 16 8 19 -9 18 -7 20 -4 -5 -8 28 -12 27 -1 -13 -18 -19 -21 -25 -10 -23 -6 -3 -30
right_child=2 6 13 4 10 11 15 9 25 -11 17 12 -14 -15 -16 -17 21 22 -20 23 -22 26 -24 24 -26 -27 -28 -29 29 -31
leaf_value=-1.4697206966263465 1.5310866733392081 0.2790322791647028 0.91278332024812703 5.4898778768686149 3.145594463348389 5.2269108886718749 1.7500198856476814 0.63505366683006292 -1.048610955657381 -1.0421982078552245 3.9697038835094824 3.9249234126164363 4.9231881380081184 1.782524193250216 6.3383112498692107 0.93903532862663275 0.33887000548495361 4.1621208190917969 3.6973682841316595 -1.4004742756524049 4.4000162705131194 0.48481833603647023 4.5089510404146642 -1.3684357487425514 -1.2770386403257197 -0.91504365056753167 0.72845386096409392 3.4134320122855053 0.031717579785577009 0.18065847053854581
leaf_weight=307 24 27 33 26 20 25 31 20 132 25 62 26 32 26 28 20 171 33 61 391 23 72 39 343 264 128 21 28 71 83
leaf_count=307 24 27 33 26 20 25 31 20 132 25 62 26 32 26 28 20 171 33 61 391 23 72 39 343 264 128 21 28 71 83
internal_value=-4.7583e-09 -0.887101 3.8441 4.19618 4.35489 5.07295 0.415248 -1.28832 -1.31683 -0.296753 3.88209 4.63645 4.4542 1.29606 5.92981 1.43199 0.298723 4.17404 3.52319 -1.38337 4.14793 0.409664 4.34999 -1.35681 -1.32868 -0.982855 0.539833 3.30183 0.136909 0.111991
internal_weight=2592 2106 486 427 403 160 496 1610 1565 45 243 106 81 59 54 51 445 134 109 1305 49 264 72 998 607 260 93 48 181 154
internal_count=2592 2106 486 427 403 160 496 1610 1565 45 243 106 81 59 54 51 445 134 109 1305 49 264 72 998 607 260 93 48 181 154
is_linear=0
shrinkage=0.05


Tree=14
num_leaves=31
num_cat=0
split_feature=7 9 9 10 9 10 7 0 5 12 10 12 7 9 9 8 0 12 11 0 10 12 0 10 7 12 8 5 0 0
split_gain=3.19192e+06 374022 194622 51885.2 48918.9 15546.3 14644.4 14139.3 8934.81 7223.33 3917.32 3205.31 2904.36 2776.04 2725.28 2512.96 1976.57 1311.62 1122.56 902.764 902.323 685.387 605.788 543.659 531.827 498.709 400.64 398.796 432.809 424.635
threshold=137.73500000000004 62.520000000000003 186.71500000000003 294.43000000000006 109.44000000000001 136.94000000000003 53.515000000000008 83.500000000000014 30.705000000000002 94.495364583333341 150.97000000000006 95.804114583333345 106.52000000000002 49.410000000000004 51.740000000000009 151.17000000000004 79.500000000000014 90.798593750000023 38.866249999999987 79.500000000000014 270.99500000000006 96.089531250000007 69.500000000000014 226.93000000000004 42.985000000000007 91.81359375000001 101.96000000000002 34.155000000000008 56.500000000000007 66.500000000000014
decision_type=2 2 2 2 2 2 2 2 2 2 2 2 2 2 2 2 2 2 2 2 2 2 2 2 2 2 2 2 2 2
left_child=1 6 4 7 -2 12 14 9 13 17 21 25 26 -8 18 -5 20 -4 -1 -19 -11 -6 -14 -13 -20 -9 27 29 -29 -3
right_child=2 5 3 15 10 -7 8 11 -10 16 -12 23 22 -15 -16 -17 -18 19 24 -21 -22 -23 -24 -25 -26 -27 -28 28 -30 -31
leaf_value=-1.4097614641112042 3.9994608341902493 -0.16684611191352208 3.4966328161734119 5.0599384570943897 0.77039717776434768 1.3933889220742619 -1.3329314079690489 3.0553889572620392 0.0046739597320556636 4.4447359766278955 1.6432288007038396 3.5008610169092815 0.36511438040999894 -0.9068847039850747 -1.0037124010721843 5.6893281664167139 4.1957125323159357 4.0994513094425207 -1.314126256677542 3.7208591584236395 4.8783072517031716 1.1380105145275594 0.55478855434216956 3.7991760344732377 -1.23457117048686 3.3324134190877284 0.27036446705460548 0.35308065781226528 0.12027630166497168 0.11755300800715174
leaf_weight=246 20 21 27 29 21 34 47 32 25 28 41 24 161 205 75 35 56 32 712 31 21 32 57 42 298 33 60 26 86 35
leaf_count=246 20 21 27 29 21 34 47 32 25 28 41 24 161 205 75 35 56 32 712 31 21 32 57 42 298 33 60 26 86 35
internal_value=4.94657e-10 -0.862042 3.57132 4.10253 1.754 0.362787 -1.22766 3.847 -0.896904 4.1169 1.27625 3.44525 0.284221 -0.986346 -1.2965 5.40414 4.39864 3.7882 -1.31398 3.91316 4.63055 0.992352 0.414708 3.6907 -1.29065 3.19603 0.159458 0.119848 0.17432 0.0109033
internal_weight=2592 2088 504 390 114 480 1608 326 277 195 94 131 446 252 1331 64 105 90 1256 63 49 53 218 66 1010 65 228 168 112 56
internal_count=2592 2088 504 390 114 480 1608 326 277 195 94 131 446 252 1331 64 105 90 1256 63 49 53 218 66 1010 65 228 168 112 56
is_linear=0
shrinkage=0.05


Tree=15
num_leaves=31
num_cat=0
split_feature=7 9 0 0 0 2 9 7 7 12 0 11 9 8 7 9 9 11 7 7 2 7 7 8 7 11 11 5 10 3
split_gain=2.88071e+06 337555 176394 66924 46134.2 19244.2 14125.7 13216.6 8413.52 8258.92 4907.78 3920.88 3772.87 3349.62 2666.29 2537.79 2459.57 1531.73 1517.71 1020.88 993.145 944.576 852.561 767.447 706.39 485.25 374.903 355.468 253.691 219.671
threshold=137.73500000000004 62.520000000000003 88.500000000000014 73.500000000000014 79.500000000000014 22.500000000000004 138.46500000000003 53.515000000000008 248.10000000000002 87.166562500000012 74.500000000000014 291.97750000000002 149.89500000000001 157.36000000000004 103.85000000000001 49.410000000000004 51.740000000000009 242.155 269.03500000000003 38.695000000000007 1.0000000180025095e-35 292.82500000000005 111.355 244.08000000000004 261.17000000000002 41.535000000000004 232.00000000000003 32.935000000000009 118.18000000000002 1.5000000000000002
decision_type=2 2 2 2 2 2 2 2 2 2 2 2 2 2 2 2 2 2 2 2 2 2 2 2 2 2 2 2 2 2
left_child=1 7 3 -2 5 13 14 16 17 -9 -7 21 23 -5 29 -11 19 26 20 -1 -10 -12 -16 -4 -22 -21 -6 -27 -24 -3
right_child=2 6 12 4 8 10 -8 9 18 15 11 -13 -14 -15 22 -17 -18 -19 -20 25 24 -23 28 -25 -26 27 -28 -29 -30 -31
leaf_value=-1.327537801599658 1.3219506878119249 0.25446343090799123 0.66953207900126777 4.9562805615938634 2.8334675407409673 4.8048053888174209 1.3429265325719661 0.014747751235961915 3.4206463677542551 -1.2830385544083336 3.5276657031132626 4.4457328557968143 1.608958438590721 5.7444125856672024 0.30496184354517286 -0.86507295622275437 -0.95352673212687178 3.3744348325227436 4.0412300794552536 -1.2651707195446997 3.6586364839135146 3.9675473586372711 0.44825104007849825 1.0737108551937602 4.0152408054896762 -1.2305988106009078 3.1021573917285821 -1.1505390380368088 0.64515714418320425 0.099847814878947783
leaf_weight=307 26 27 24 26 20 26 33 25 28 44 26 32 27 28 171 208 75 57 39 393 41 23 74 23 21 292 37 264 21 154
leaf_count=307 26 27 24 26 20 26 33 25 28 44 26 32 27 28 171 208 75 57 39 393 41 23 74 23 21 292 37 264 21 154
internal_value=5.53916e-11 -0.81894 3.39275 3.78079 3.93904 4.59545 0.344648 -1.16628 3.50412 -0.852058 4.20711 4.01526 1.13792 5.36494 0.27095 -0.938051 -1.23167 3.19116 3.7807 -1.24828 3.6678 3.73414 0.371682 0.867322 3.77942 -1.22264 3.00788 -1.19258 0.491778 0.122912
internal_weight=2592 2088 504 430 404 161 480 1608 243 277 107 81 74 54 447 252 1331 114 129 1256 90 49 266 47 62 949 57 556 95 181
internal_count=2592 2088 504 430 404 161 480 1608 243 277 107 81 74 54 447 252 1331 114 129 1256 90 49 266 47 62 949 57 556 95 181
is_linear=0
shrinkage=0.05


Tree=16
num_leaves=31
num_cat=0
split_feature=7 9 0 0 0 2 10 7 7 5 0 11 9 8 9 7 9 7 11 11 2 7 8 7 0 7 11 11 7 5
split_gain=2.59984e+06 304643 159195 60398.9 41636.1 17367.8 12804.4 11928 7601.87 7598.28 4429.27 3538.59 3405.02 3023.03 2384.88 2370.31 2219.76 1464.98 1244.33 941.421 915.352 852.48 692.621 668.552 522.09 431.725 338.35 304.358 253.937 361.502
threshold=137.73500000000004 62.520000000000003 88.500000000000014 73.500000000000014 79.500000000000014 22.500000000000004 136.94000000000003 53.515000000000008 246.51500000000001 30.705000000000002 74.500000000000014 291.97750000000002 149.89500000000001 157.36000000000004 49.410000000000004 105.39000000000001 51.740000000000009 269.03500000000003 242.155 38.866249999999987 1.0000000180025095e-35 292.82500000000005 244.08000000000004 261.17000000000002 69.500000000000014 42.985000000000007 232.00000000000003 50.854999999999997 100.69000000000001 33.865000000000002
decision_type=2 2 2 2 2 2 2 2 2 2 2 2 2 2 2 2 2 2 2 2 2 2 2 2 2 2 2 2 2 2
left_child=1 7 3 -2 5 13 15 16 18 14 -7 21 22 -5 -9 28 19 20 26 -1 -10 -12 -4 -22 -17 -21 -6 -27 29 -3
right_child=2 6 12 4 8 10 -8 9 17 -11 11 -13 -14 -15 -16 24 -18 -19 -20 25 23 -23 -24 -25 -26 27 -28 -29 -30 -31
leaf_value=-1.2735810260462568 1.2558531165122986 -0.048463889285922053 0.63605548540751145 4.7084664564866285 2.6917940902709963 4.5645650423490087 1.26272992737153 -1.2131779315623832 3.2522132319788781 0.021959669113159181 3.3512824572049653 4.223446249961853 1.528510535204852 5.4571920531136655 -0.8182868208536288 0.32060170818390793 -0.90585044097900402 3.8391685485839844 3.1957155007582445 -1.1856537855743023 3.4703002796616667 3.7691700064617657 1.0200253020162167 3.8144787561325799 0.49102918366591136 -1.1000626150881772 2.9470494760049357 -1.2974962234497072 0.20203262913972139 0.14033484019986961
leaf_weight=246 26 35 24 26 20 26 34 47 31 25 26 32 27 28 205 179 75 39 52 712 43 23 23 21 60 277 37 21 80 92
leaf_count=246 26 35 24 26 20 26 34 47 31 25 26 32 27 28 205 179 75 39 52 712 43 23 23 21 60 277 37 21 80 92
internal_value=-5.35381e-09 -0.777993 3.22311 3.59175 3.74208 4.36568 0.327416 -1.10797 3.32892 -0.809455 3.99676 3.8145 1.08102 5.09669 -0.891937 0.256114 -1.17009 3.58114 3.01884 -1.18587 3.47522 3.54743 0.823956 3.58323 0.363387 -1.16451 2.85749 -1.11398 0.132257 0.0883037
internal_weight=2592 2088 504 430 404 161 480 1608 243 277 107 81 74 54 252 446 1331 134 109 1256 95 49 47 64 239 1010 57 298 207 127
internal_count=2592 2088 504 430 404 161 480 1608 243 277 107 81 74 54 252 446 1331 134 109 1256 95 49 47 64 239 1010 57 298 207 127
is_linear=0
shrinkage=0.05


Tree=17
num_leaves=31
num_cat=0
split_feature=7 9 0 0 0 2 9 7 12 7 9 0 11 9 8 11 7 11 11 7 9 2 8 7 8 11 0 7 2 12
split_gain=2.34636e+06 274940 143674 54510 37576.6 15674.5 11672.1 10772 8958.6 6874.66 5184.31 3997.41 3193.58 3073.03 2728.29 2213.51 1468.69 980.903 807.504 769.363 707.128 633.714 625.09 573.83 457.164 527.373 373.516 287.867 265.959 189.44
threshold=137.73500000000004 62.520000000000003 88.500000000000014 73.500000000000014 79.500000000000014 22.500000000000004 138.46500000000003 58.415000000000006 87.166562500000012 245.01500000000001 49.410000000000004 74.500000000000014 291.97750000000002 149.89500000000001 157.36000000000004 108.17875000000001 261.17000000000002 238.90375000000003 38.866249999999987 292.82500000000005 51.030000000000008 1.0000000180025095e-35 244.08000000000004 101.47500000000001 50.170000000000009 42.361250000000005 69.500000000000014 53.515000000000008 1.0000000180025095e-35 87.920520833333356
decision_type=2 2 2 2 2 2 2 2 2 2 2 2 2 2 2 2 2 2 2 2 2 2 2 2 2 2 2 2 2 2
left_child=1 7 3 -2 5 14 15 10 -9 17 18 -7 19 22 -5 23 28 -6 -1 -13 -10 -18 -4 27 25 -20 -17 -3 -11 -27
right_child=2 6 13 4 9 11 -8 8 20 16 -12 12 -14 -15 -16 26 21 -19 24 -21 -22 -23 -24 -25 -26 29 -28 -29 -30 -31
leaf_value=-1.2099019984888839 1.1930604778803313 0.23501198649820357 0.60425270100434625 4.4730431776780355 2.6606627115389196 4.3363367814284102 1.2184899214542275 0.3410312032699585 -1.0633537133534749 3.0803459861061793 -0.84122267888244984 3.1837183145376353 4.0122739374637604 1.4520850093276412 5.1843324525015699 0.34192583689502642 3.3853806813557945 2.9769095311399365 -1.1231060315252022 3.5807114974312166 -0.74526548477319576 3.6830908163999903 0.96902404246122953 0.22896051242565499 -1.1774950557284887 -0.89588971819196428 0.50658395290374758 0.052812256899408321 3.2909862193655464 -1.051480096870369
leaf_weight=246 26 27 24 26 41 26 33 20 21 22 179 26 32 27 28 102 33 61 533 23 104 39 23 156 198 21 52 110 47 286
leaf_count=246 26 27 24 26 41 26 33 20 21 22 179 26 32 27 28 102 33 61 533 23 104 39 23 156 198 21 52 110 47 286
internal_value=-4.76282e-09 -0.739093 3.06196 3.41217 3.55498 4.1474 0.311045 -1.05257 -0.641499 3.16247 -1.09331 3.79692 3.62378 1.02697 4.84186 0.244052 3.38867 2.84979 -1.12845 3.37006 -0.798704 3.54664 0.782758 0.163387 -1.10915 -1.09304 0.397525 0.0887202 3.22383 -1.04084
internal_weight=2592 2088 504 430 404 161 480 1608 145 243 1463 107 81 74 54 447 141 102 1284 49 125 72 47 293 1038 840 154 137 69 307
internal_count=2592 2088 504 430 404 161 480 1608 145 243 1463 107 81 74 54 447 141 102 1284 49 125 72 47 293 1038 840 154 137 69 307
is_linear=0
shrinkage=0.05


Tree=18
num_leaves=31
num_cat=0
split_feature=7 9 0 0 0 2 10 7 12 7 9 0 11 9 8 7 11 8 7 7 8 8 0 5 11 0 11 5 0 12
split_gain=2.11759e+06 248134 129665 49195.3 33912.9 14146.2 10561.6 9746.38 7770.76 6207.98 5321.4 3607.67 2897.88 2773.41 2462.28 1958.43 1766.71 858.76 737.341 652.427 564.144 444.047 414.21 362.867 360.714 345.98 288.383 288.068 393.573 247.569
threshold=137.73500000000004 62.520000000000003 88.500000000000014 73.500000000000014 79.500000000000014 22.500000000000004 136.94000000000003 59.115000000000002 87.920520833333356 252.02500000000003 49.410000000000004 74.500000000000014 299.11500000000007 149.89500000000001 157.36000000000004 107.575 242.155 272.63500000000005 38.695000000000007 292.82500000000005 244.08000000000004 104.22000000000001 32.500000000000007 32.935000000000009 44.583750000000002 69.500000000000014 232.00000000000003 32.560000000000009 56.500000000000007 96.583750000000023
decision_type=2 2 2 2 2 2 2 2 2 2 2 2 2 2 2 2 2 2 2 2 2 2 2 2 2 2 2 2 2 2
left_child=1 7 3 -2 5 14 15 10 -9 16 18 -7 19 20 -5 21 26 -11 -1 -13 -4 27 -10 -20 -25 -17 -6 -3 -29 -19
right_child=2 6 13 4 9 11 -8 8 22 17 -12 12 -14 -15 -16 25 -18 29 23 -21 -22 -23 -24 24 -26 -27 -28 28 -30 -31
leaf_value=-1.1397808919900405 1.1334074350503776 -0.061896809055046603 0.57404005924860646 4.2493911303006682 2.4241713142395023 4.1195199526273285 1.1449504726073323 0.32850325107574463 -0.66221655925114953 3.0527739486694339 -0.79064390906398163 3.0530637599803785 3.8540456090654645 1.3794807487063938 4.9251158850533621 0.31093700960062554 2.9360901610795844 3.2858500778675079 -1.0763120777635691 3.403981399536133 0.92057282199030332 0.2793355113014262 -0.86419024900956587 -1.0406578440496452 -0.9288014432217212 0.46226913712632201 2.6598261291916305 0.30988285960629586 0.10022854330972625 3.4695205244907115
leaf_weight=307 26 22 24 26 20 26 34 20 60 25 193 27 28 27 28 138 86 32 581 26 23 47 44 309 94 52 37 26 161 43
leaf_count=307 26 22 24 26 20 26 34 20 60 25 193 27 28 27 28 138 86 32 581 26 23 47 44 309 94 52 37 26 161 43
internal_value=4.46602e-09 -0.702139 2.90886 3.24156 3.37723 3.94003 0.295493 -0.999939 -0.574091 3.00435 -1.03552 3.60708 3.44259 0.975623 4.59977 0.230736 2.79301 3.30656 -1.07213 3.22521 0.74362 0.140472 -0.747667 -1.05102 -1.01457 0.352354 2.57714 0.109244 0.129378 3.39115
internal_weight=2592 2088 504 430 404 161 480 1608 124 243 1484 107 81 74 54 446 143 100 1291 53 47 256 104 984 403 190 57 209 187 75
internal_count=2592 2088 504 430 404 161 480 1608 124 243 1484 107 81 74 54 446 143 100 1291 53 47 256 104 984 403 190 57 209 187 75
is_linear=0
shrinkage=0.05


Tree=19
num_leaves=31
num_cat=0
split_feature=7 9 0 0 0 2 9 7 5 7 0 11 9 8 9 11 9 8 11 7 11 7 8 7 8 11 5 0 0 2
split_gain=1.91112e+06 223941 117023 44398.7 30606.4 12767 9642.18 8814.72 6334.55 5655.83 3255.92 2619.65 2503 2222.21 2198.37 1804.47 1562.48 1484.31 720.35 631.246 603.818 586.341 509.14 496.289 383.899 360.275 301.643 440.222 290.369 239.796
threshold=137.73500000000004 62.520000000000003 88.500000000000014 73.500000000000014 79.500000000000014 22.500000000000004 138.46500000000003 54.835000000000008 30.705000000000002 243.11500000000004 74.500000000000014 291.97750000000002 149.89500000000001 157.36000000000004 51.740000000000009 108.17875000000001 49.410000000000004 272.63500000000005 39.898749999999978 292.82500000000005 233.81750000000002 264.17000000000007 244.08000000000004 100.69000000000001 50.170000000000009 44.583750000000002 33.865000000000002 56.500000000000007 69.500000000000014 1.0000000180025095e-35
decision_type=2 2 2 2 2 2 2 2 2 2 2 2 2 2 2 2 2 2 2 2 2 2 2 2 2 2 2 2 2 2
left_child=1 7 3 -2 5 13 15 14 16 20 -7 19 22 -5 18 23 -9 -11 -1 -12 -6 -19 -4 26 25 -20 -3 -28 -17 -23
right_child=2 6 12 4 9 10 -8 8 -10 17 11 -13 -14 -15 -16 28 -18 21 24 -21 -22 29 -24 -25 -26 -27 27 -29 -30 -31
leaf_value=-1.0722489764021881 1.0767370744393421 -0.052331770254032954 0.54533807237943011 4.0369214278001051 2.3371280952736182 3.913543943258432 1.1054897284981879 -1.035377053618431 0.11959532032842222 2.863148429428322 2.8718792108389049 3.6223191380500794 1.3105067200130887 4.6788600240434919 -0.7800192599026663 0.30937565272929624 -0.68900093323843825 2.9914459360056913 -0.98893203337987279 3.2314769081447441 2.6211274725491887 3.1473487059275311 0.87454419084217239 0.20391576833327313 -1.0568858801308325 -0.88446223189433426 0.29438872749988854 0.051481217174141697 0.45455454739813628 3.3550626928156073
leaf_weight=403 26 35 24 26 27 26 33 40 23 69 26 32 27 28 106 102 175 29 588 23 61 24 23 166 177 96 26 66 52 33
leaf_count=403 26 35 24 26 27 26 33 40 23 69 26 32 27 28 106 102 175 29 588 23 61 24 23 166 177 96 26 66 52 33
internal_value=-5.13198e-09 -0.667032 2.76342 3.07948 3.20837 3.74303 0.280718 -0.949942 -0.669074 2.85413 3.42672 3.27046 0.926842 4.36978 -0.998735 0.219829 -0.753443 3.03589 -1.01708 3.04067 2.53399 3.17448 0.706439 0.146998 -0.991253 -0.97427 0.0726004 0.120129 0.358397 3.2676
internal_weight=2592 2088 504 430 404 161 480 1608 238 243 107 81 74 54 1370 447 215 155 1264 49 88 86 47 293 861 684 127 92 154 57
internal_count=2592 2088 504 430 404 161 480 1608 238 243 107 81 74 54 1370 447 215 155 1264 49 88 86 47 293 861 684 127 92 154 57
is_linear=0
shrinkage=0.05


Tree=20
num_leaves=31
num_cat=0
split_feature=7 9 0 0 0 2 10 7 12 7 9 0 11 9 8 7 7 2 8 11 9 7 7 8 11 8 11 3 12 12
split_gain=1.72479e+06 202106 105613 40069.9 27622.3 11522.2 8711.76 8057.64 6930.4 5122.91 3781.23 2938.47 2385.21 2258.96 2005.54 1612.36 1158.36 766.129 727.741 629.656 556.69 524.127 495.619 461.729 460.012 369.445 409.521 183.937 231.88 174.079
threshold=137.73500000000004 62.520000000000003 88.500000000000014 73.500000000000014 79.500000000000014 22.500000000000004 136.94000000000003 58.415000000000006 87.166562500000012 245.01500000000001 49.410000000000004 74.500000000000014 299.11500000000007 149.89500000000001 157.36000000000004 103.85000000000001 269.03500000000003 1.0000000180025095e-35 243.11500000000004 38.866249999999987 51.030000000000008 292.82500000000005 253.70000000000002 245.01500000000001 110.81750000000001 50.170000000000009 42.361250000000005 4.5000000000000009 96.198697916666674 87.920520833333356
decision_type=2 2 2 2 2 2 2 2 2 2 2 2 2 2 2 2 2 2 2 2 2 2 2 2 2 2 2 2 2 2
left_child=1 7 3 -2 5 14 15 10 -9 18 19 -7 21 23 -5 27 17 -11 -6 -1 -10 -13 -19 -4 -17 26 -21 -3 -29 -28
right_child=2 6 13 4 9 11 -8 8 20 16 -12 12 -14 -15 -16 24 -18 22 -20 25 -22 -23 -24 -25 -26 -27 29 28 -30 -31
leaf_value=-1.0396179457020953 1.0229002335323738 0.13239933237533219 0.53623687911916662 3.8350754224337069 2.278600967221144 3.7178667435279262 1.0381719950367423 0.31726107120513919 -0.92000679288591669 2.6242769634022434 -0.72239335222617207 2.7554269296151621 3.4802273886544364 1.2449813789791531 4.4449171202523372 0.24038220255562429 3.1384519528119994 2.7799788475036622 2.5509975026865477 -0.96266240373561363 -0.6377753097277421 3.0699536837064305 3.0499512560227338 0.85320513665676112 0.38066616368362277 -1.0120893943189371 -0.75121990839640307 0.091330683033200022 -0.10535208123990081 -0.9003686107955613
leaf_weight=246 26 112 27 26 41 26 34 20 21 34 179 27 28 27 28 178 39 34 61 533 104 26 34 20 87 198 21 47 22 286
leaf_count=246 26 112 27 26 41 26 34 20 21 34 179 27 28 27 28 178 39 34 61 533 104 26 34 20 87 198 21 47 22 286
internal_value=-5.87322e-10 -0.63368 2.62525 2.92551 3.04795 3.55587 0.266682 -0.902445 -0.546921 2.71142 -0.937682 3.25539 3.10693 0.8805 4.15129 0.207869 2.90669 2.81807 2.4415 -0.967695 -0.68519 2.90972 2.91497 0.671117 0.286438 -0.950649 -0.936167 0.0928371 0.0286202 -0.890166
internal_weight=2592 2088 504 430 404 161 480 1608 145 243 1463 107 81 74 54 446 141 102 102 1284 125 53 68 47 265 1038 840 181 69 307
internal_count=2592 2088 504 430 404 161 480 1608 145 243 1463 107 81 74 54 446 141 102 102 1284 125 53 68 47 265 1038 840 181 69 307
is_linear=0
shrinkage=0.05


Tree=21
num_leaves=31
num_cat=0
split_feature=7 9 0 0 0 2 9 7 12 7 9 0 11 9 8 7 7 7 11 8 11 2 8 0 8 11 5 0 8 6
split_gain=1.55662e+06 182401 95316 36163.1 24929.1 10398.8 7976.4 7304.87 5961.89 4633.53 3911.11 2651.97 2154.73 2038.71 1810 1480.41 1215.53 704.033 566.278 511.474 506.207 484.031 419.895 344.437 315.803 396.46 275.86 306.895 201.398 191.427
threshold=137.73500000000004 62.520000000000003 88.500000000000014 73.500000000000014 79.500000000000014 22.500000000000004 138.46500000000003 59.115000000000002 87.920520833333356 243.11500000000004 49.410000000000004 74.500000000000014 283.87000000000006 149.89500000000001 157.36000000000004 110.24000000000002 261.17000000000002 287.49500000000006 38.378749999999975 104.22000000000001 233.81750000000002 1.0000000180025095e-35 244.08000000000004 32.500000000000007 50.170000000000009 41.852500000000006 32.560000000000009 56.500000000000007 264.17000000000007 17.960000000000004
decision_type=2 2 2 2 2 2 2 2 2 2 2 2 2 2 2 2 2 2 2 2 2 2 2 2 2 2 2 2 2 2
left_child=1 7 3 -2 5 14 15 10 -9 20 18 -7 17 22 -5 19 28 -13 -1 26 -6 -18 -4 -10 25 -20 -3 -28 -11 -14
right_child=2 6 13 4 9 11 -8 8 23 16 -12 12 29 -15 -16 -17 21 -19 24 -21 -22 -23 -24 -25 -26 -27 27 -29 -30 -31
leaf_value=-0.99380173148395867 0.97175521770348916 -0.071863664367066871 0.49125931362311048 3.6433216681847207 2.1058371508563005 3.5319734500004696 1.0035003076787248 0.30194086551666266 -0.56276692549387619 2.5007952008928576 -0.67819192866587275 2.4845591259002688 3.3220557212829593 1.1827323242470071 4.2226710932595388 0.33853193860162389 2.7497662399754379 2.8990680967058458 -0.92110140044843003 0.23317437746157552 2.3658703413165987 3.0099519876333383 0.79022392034530642 -0.7469455851749941 -0.96093138074639983 -0.85312807496893339 0.27481585603493913 0.090218979776615194 2.6655267507379707 3.1032938575744633
leaf_weight=214 26 22 24 26 27 26 33 20 60 28 193 20 20 27 28 132 33 21 496 99 61 39 23 44 203 378 26 168 55 20
leaf_count=214 26 22 24 26 27 26 33 20 60 28 193 20 20 27 28 132 33 21 496 99 61 39 23 44 203 378 26 168 55 20
internal_value=-3.92077e-09 -0.601996 2.49398 2.77923 2.89555 3.37808 0.253348 -0.857323 -0.488652 2.57585 -0.888128 3.09262 2.95159 0.836475 3.94373 0.197968 2.74037 2.69687 -0.919513 0.139064 2.28609 2.8907 0.637561 -0.640689 -0.904752 -0.891703 0.0959306 0.114959 2.60995 3.21267
internal_weight=2592 2088 504 430 404 161 480 1608 124 243 1484 107 81 74 54 447 155 41 1291 315 88 72 47 104 1077 874 216 194 83 40
internal_count=2592 2088 504 430 404 161 480 1608 124 243 1484 107 81 74 54 447 155 41 1291 315 88 72 47 104 1077 874 216 194 83 40
is_linear=0
shrinkage=0.05


Tree=22
num_leaves=31
num_cat=0
split_feature=7 9 0 0 0 2 9 7 12 7 9 0 11 9 8 11 11 8 5 9 7 8 11 0 11 5 0 0 7 12
split_gain=1.40485e+06 164617 86022.7 32637.2 22498.5 9384.89 7198.7 6592.64 5380.6 4197.56 3529.78 2393.4 1992.52 1839.94 1633.53 1349.62 1217.67 592.928 523.206 422.522 395.9 380.746 325.407 310.854 296.515 261.401 362.799 236.408 221.846 214.236
threshold=137.73500000000004 62.520000000000003 88.500000000000014 73.500000000000014 79.500000000000014 22.500000000000004 138.46500000000003 59.115000000000002 87.920520833333356 252.02500000000003 49.410000000000004 74.500000000000014 299.11500000000007 149.89500000000001 157.36000000000004 108.17875000000001 242.155 272.63500000000005 32.935000000000009 269.54500000000002 100.69000000000001 245.01500000000001 38.378749999999975 32.500000000000007 44.583750000000002 33.865000000000002 56.500000000000007 69.500000000000014 48.035000000000004 92.82968750000002
decision_type=2 2 2 2 2 2 2 2 2 2 2 2 2 2 2 2 2 2 2 2 2 2 2 2 2 2 2 2 2 2
left_child=1 7 3 -2 5 14 15 10 -9 16 18 -7 19 21 -5 20 -6 -11 22 -13 25 -4 -1 -10 -20 -3 -27 -17 -24 -18
right_child=2 6 13 4 9 11 -8 8 23 17 -12 12 -14 -15 -16 27 29 -19 24 -21 -22 -23 28 -25 -26 26 -28 -29 -30 -31
leaf_value=-0.95443910669397425 0.92316745794736432 -0.05766593785291272 0.48320115904013322 3.4611555979802056 2.094065194380911 3.3553747543921837 0.95332530348589928 0.28684382438659667 -0.53462857405344655 2.4846863174438476 -0.6442823369268309 2.7731657333374025 3.1451916285923551 1.1235956889611705 4.0115375246320459 0.26367482950582222 2.272182061122014 2.7658572820027669 -0.85077058582903653 2.4903630256652836 0.17591913169451867 0.77103369414806366 -0.87174252431447563 -0.70959828441793271 -0.75078076200282329 0.26107506374470318 0.040559868751601745 0.39467118984231586 -0.9823358934752795 2.4440137322743736
leaf_weight=189 26 35 27 26 57 26 33 20 60 25 193 25 28 27 28 102 26 75 351 28 166 20 608 44 94 26 66 52 49 60
leaf_count=189 26 35 27 26 57 26 33 20 60 25 193 25 28 27 28 102 26 75 351 28 166 20 608 44 94 26 66 52 49 60
internal_value=-4.13005e-10 -0.571896 2.36929 2.64027 2.75078 3.20918 0.240681 -0.814457 -0.464219 2.44706 -0.843722 2.93799 2.80401 0.794651 3.74654 0.188069 2.27328 2.69556 -0.873537 2.62376 0.125082 0.605683 -0.896623 -0.608654 -0.829649 0.0586346 0.102879 0.307907 -0.879991 2.39206
internal_weight=2592 2088 504 430 404 161 480 1608 124 243 1484 107 81 74 54 447 143 100 1291 53 293 47 846 104 445 127 92 154 657 86
internal_count=2592 2088 504 430 404 161 480 1608 124 243 1484 107 81 74 54 447 143 100 1291 53 293 47 846 104 445 127 92 154 657 86
is_linear=0
shrinkage=0.05


Tree=23
num_leaves=31
num_cat=0
split_feature=7 9 0 0 0 2 10 7 12 7 9 0 11 9 8 7 7 11 7 2 7 9 5 7 7 7 11 11 7 12
split_gain=1.26788e+06 148567 77635.5 29455 20304.9 8469.87 6581.68 5965.37 5246.63 3813.18 2759.1 2160.04 1806.01 1660.54 1474.26 1203.46 800.427 708.53 627.592 591.656 484.749 434.985 358.735 346.779 317.385 285.556 333.205 199.345 198.498 177.758
threshold=137.73500000000004 62.520000000000003 88.500000000000014 73.500000000000014 79.500000000000014 22.500000000000004 136.94000000000003 58.415000000000006 87.166562500000012 248.10000000000002 49.410000000000004 74.500000000000014 283.87000000000006 149.89500000000001 157.36000000000004 103.85000000000001 269.03500000000003 242.155 287.49500000000006 1.0000000180025095e-35 38.635000000000012 51.030000000000008 23.585000000000004 111.355 253.70000000000002 50.170000000000009 41.080000000000005 232.00000000000003 45.815000000000005 91.466354166666676
decision_type=2 2 2 2 2 2 2 2 2 2 2 2 2 2 2 2 2 2 2 2 2 2 2 2 2 2 2 2 2 2
left_child=1 7 3 -2 5 14 15 10 -9 17 20 -7 18 22 -5 -3 19 27 -13 -11 -1 -10 -4 -17 -21 26 -22 -6 -28 -30
right_child=2 6 13 4 9 11 -8 8 21 16 -12 12 -14 -15 -16 23 -18 -19 -20 24 25 -23 -24 -25 -26 -27 28 -29 29 -31
leaf_value=-0.88594125214269615 0.87700908184051518 0.078146094034389907 0.71650630702143137 3.2880978217491741 1.8621811676025393 3.187606033912072 0.89921879969975527 0.28408004045486451 -0.79570415190288002 2.2381496633802143 -0.6201499825749317 2.2301569652557371 2.9028363943099977 1.0674159208933511 3.8109607015337263 0.20334718353277462 2.7001043906578652 2.2386643861469468 2.6215164729527065 2.3904073442731586 -0.84779534800895395 -0.54622398912906645 0.44017101448650164 0.32319044502832561 2.6177287718828985 -0.94210142972992694 -0.79474725152277559 2.058108257603001 -0.57691289663314815 -0.76107154394450949
leaf_weight=295 26 181 23 26 20 26 34 20 21 28 179 20 40 27 28 172 39 57 21 28 331 104 24 93 34 41 559 37 20 38
leaf_count=295 26 181 23 26 20 26 34 20 21 28 179 20 40 27 28 172 39 57 21 28 331 104 24 93 34 41 559 37 20 38
internal_value=1.36066e-09 -0.543302 2.25082 2.50826 2.61324 3.04872 0.228646 -0.773734 -0.467831 2.32471 -0.804052 2.79109 2.66381 0.754919 3.55921 0.177527 2.5109 2.11401 2.43061 2.42892 -0.82969 -0.588137 0.575399 0.245405 2.51507 -0.812911 -0.807324 1.98936 -0.785612 -0.697569
internal_weight=2592 2088 504 430 404 161 480 1608 145 243 1463 107 81 74 54 446 129 114 41 90 1284 125 47 265 62 989 948 57 617 58
internal_count=2592 2088 504 430 404 161 480 1608 145 243 1463 107 81 74 54 446 129 114 41 90 1284 125 47 265 62 989 948 57 617 58
is_linear=0
shrinkage=0.05


Tree=24
num_leaves=31
num_cat=0
split_feature=7 9 0 0 0 7 2 5 9 9 7 0 11 9 8 7 7 2 5 8 7 7 9 8 8 11 11 12 12 3
split_gain=1.14426e+06 134170 70066 26583.2 18325.2 7829.51 7644.05 6374.07 5773.7 4182.97 3445.51 1949.44 1668.08 1498.64 1330.52 914.518 906.177 491.117 450.804 449.188 415.834 408.539 377.302 349.047 288.372 270.936 245.738 205.65 199.819 186.713
threshold=137.73500000000004 95.795000000000016 88.500000000000014 73.500000000000014 79.500000000000014 62.590000000000011 22.500000000000004 30.705000000000002 138.46500000000003 49.410000000000004 244.08000000000004 74.500000000000014 299.11500000000007 149.89500000000001 157.36000000000004 110.24000000000002 269.03500000000003 1.0000000180025095e-35 32.935000000000009 250.14000000000001 253.70000000000002 54.835000000000008 269.54500000000002 245.01500000000001 109.02000000000002 38.866249999999987 44.583750000000002 97.308437500000011 91.013385416666679 4.5000000000000009
decision_type=2 2 2 2 2 2 2 2 2 2 2 2 2 2 2 2 2 2 2 2 2 2 2 2 2 2 2 2 2 2
left_child=1 5 3 -2 6 9 14 -7 15 18 19 -8 22 23 -5 24 17 -12 25 -6 -19 29 -13 -4 27 -1 -20 -3 -28 -11
right_child=2 8 13 4 10 7 11 -9 -10 21 16 12 -14 -15 -16 -17 -18 20 26 -21 -22 -23 -24 -25 -26 -27 28 -29 -30 -31
leaf_value=-0.85925710360209162 0.83315862944492936 0.099180078412178144 0.42935656270495165 3.1236928939819339 1.8752980808042132 -0.64107643876756937 3.0282257300156816 0.46936430856585504 0.86524352738351529 -0.58963975372599131 2.1331224865383573 2.5068801765441897 2.8427902426038472 1.014045109572234 3.6204127447945731 0.29051672784181742 2.565099119528746 2.2490069437026978 -0.76711831418876975 2.095701338605183 2.4868423069224637 -0.51565940618515016 2.2396388258252826 0.70494674984365702 0.26122730495898344 -0.79393111509199332 -0.54017393929617741 0.24234051438314574 -0.7151911631022414 -0.722212892499837
leaf_weight=210 26 241 27 26 53 28 26 24 33 67 36 25 28 27 28 130 39 40 351 41 34 150 28 20 38 650 21 28 73 44
leaf_count=210 26 241 27 26 53 28 26 24 33 67 36 25 28 27 28 130 39 40 351 41 34 150 28 20 38 650 21 28 73 44
internal_value=-2.68618e-10 -0.516137 2.13828 2.38284 2.48257 -0.732156 2.89628 -0.128565 0.227521 -0.752198 2.20847 2.65153 2.53062 0.717173 3.38125 0.179363 2.35801 2.28459 -0.788744 1.97143 2.35828 -0.569472 2.3657 0.546629 0.132295 -0.809883 -0.74789 0.114082 -0.676092 -0.642191
internal_weight=2592 2088 504 430 404 1618 161 52 470 1566 243 107 81 74 54 437 149 110 1305 94 74 261 53 47 307 860 445 269 94 111
internal_count=2592 2088 504 430 404 1618 161 52 470 1566 243 107 81 74 54 437 149 110 1305 94 74 261 53 47 307 860 445 269 94 111
is_linear=0
shrinkage=0.05


Tree=25
num_leaves=31
num_cat=0
split_feature=7 9 0 0 0 7 2 5 10 9 7 8 11 9 9 8 7 7 8 2 5 7 5 7 8 11 12 12 7 3
split_gain=1.03269e+06 121088 63234.6 23991.3 16538.5 7066.13 6898.76 5752.6 5276.43 3775.13 3116.19 1917.37 1570.9 1548.21 1352.52 1200.79 786.49 691.771 545.04 484.263 406.851 368.706 328.951 279.825 248.461 245.748 226.898 208.835 168.665 168.509
threshold=137.73500000000004 95.795000000000016 88.500000000000014 73.500000000000014 79.500000000000014 62.590000000000011 22.500000000000004 30.705000000000002 136.94000000000003 49.410000000000004 246.51500000000001 106.97500000000001 180.12750000000003 269.54500000000002 149.89500000000001 157.36000000000004 109.55000000000001 269.03500000000003 250.14000000000001 1.0000000180025095e-35 32.935000000000009 54.835000000000008 23.585000000000004 261.17000000000002 109.02000000000002 38.378749999999975 88.592239583333352 97.308437500000011 48.035000000000004 4.5000000000000009
decision_type=2 2 2 2 2 2 2 2 2 2 2 2 2 2 2 2 2 2 2 2 2 2 2 2 2 2 2 2 2 2
left_child=1 5 3 -2 6 9 15 -7 16 20 18 -8 -13 -14 22 -5 24 19 -6 -12 25 29 -4 -21 27 -1 -22 -3 -27 -11
right_child=2 8 14 4 10 7 11 -9 -10 21 17 12 13 -15 -16 -17 -18 -19 -20 23 26 -23 -24 -25 -26 28 -28 -29 -30 -31
leaf_value=-0.81974991213076975 0.79150070456358101 0.091779372182583946 0.65442029134086943 2.9675083380479084 1.7866844901332148 -0.60902261648859302 2.0775114250183107 0.44589608957370119 0.81606679848011798 -0.56015777054117688 2.0245440636911698 3.0093085098266603 2.7341755730765209 2.2529890149831773 0.96334286928176882 3.439392021724156 0.26498954434904992 2.436844204633664 2.0103088413585315 2.1922503626623819 -0.54591266393661497 -0.48987643893559779 0.38980488330125812 2.4149191901797344 0.25850346085925896 -0.74713409355302396 -0.71824076473011689 0.24108622583981534 -0.83307929102863598 -0.68610224723815927
leaf_weight=189 26 236 23 26 54 28 20 24 34 67 31 20 35 32 27 28 144 39 55 43 20 150 24 21 30 608 425 26 63 44
leaf_count=189 26 236 23 26 54 28 20 24 34 67 31 20 35 32 27 28 144 39 55 43 20 150 24 21 30 608 425 26 63 44
internal_value=-1.03406e-09 -0.49033 2.03137 2.2637 2.35845 -0.695548 2.75147 -0.122137 0.216145 -0.714588 2.09805 2.51896 2.62044 2.50436 0.681314 3.21219 0.169362 2.25954 1.89952 2.18675 -0.749306 -0.540998 0.519298 2.26531 0.122203 -0.769389 -0.710496 0.106596 -0.755203 -0.610082
internal_weight=2592 2088 504 430 404 1618 161 52 470 1566 243 107 87 67 74 54 436 134 109 95 1305 261 47 64 292 860 445 262 671 111
internal_count=2592 2088 504 430 404 1618 161 52 470 1566 243 107 87 67 74 54 436 134 109 95 1305 261 47 64 292 860 445 262 671 111
is_linear=0
shrinkage=0.05


Tree=26
num_leaves=31
num_cat=0
split_feature=7 9 0 0 0 7 2 5 9 9 7 8 11 9 9 12 7 7 7 2 11 11 7 8 8 7 11 10 8 11
split_gain=932006 109282 57069.2 21652.2 14926 6377.19 6226.13 5191.72 4814.49 3407.05 2830 1730.42 1417.74 1397.26 1220.65 1105.82 853.488 778.76 371.223 358.771 410.147 348.669 334.274 319.987 236.172 216.785 281.706 194.668 179.305 412.694
threshold=137.73500000000004 95.795000000000016 88.500000000000014 73.500000000000014 79.500000000000014 62.590000000000011 22.500000000000004 30.705000000000002 140.80000000000004 49.410000000000004 243.11500000000004 106.97500000000001 180.12750000000003 269.54500000000002 149.89500000000001 94.734531250000018 110.75000000000001 269.03500000000003 38.435000000000009 1.0000000180025095e-35 265.25000000000006 233.81750000000002 55.110000000000007 245.01500000000001 109.02000000000002 50.170000000000009 41.080000000000005 122.59000000000002 40.970000000000006 55.620000000000012
decision_type=2 2 2 2 2 2 2 2 2 2 2 2 2 2 2 2 2 2 2 2 2 2 2 2 2 2 2 2 2 2
left_child=1 5 3 -2 6 9 15 -7 16 18 21 -8 -13 -14 23 -5 24 19 -1 -12 -21 -6 -11 -4 28 26 -20 -18 -3 -30
right_child=2 8 14 4 10 7 11 -9 -10 22 17 12 13 -15 -16 -17 27 -19 25 20 -22 -23 -24 -25 -26 -27 -28 -29 29 -31
leaf_value=-0.76381051452720872 0.75192566376466019 -0.013004397048955849 0.38104806321638601 2.8566854723038215 1.6170941458808052 -0.57857148732457853 1.9736358404159546 0.42360128319511814 0.84114908437643732 -0.57576017610165253 1.9256485992007786 2.8588430976867678 2.5974668175833568 2.1403395682573318 0.91517569886313554 3.3142623155013378 0.25147291422682877 2.3150019816863234 -0.72832254120135387 2.0208532698610995 2.2508272575609616 1.8329040308467679 -0.46214821674454387 0.64491685390472409 0.23162128047551961 -0.78880289437309392 -0.67219579612710467 0.41985386375870021 0.33832815069705252 0.10173321434990207
leaf_weight=272 26 28 27 31 27 28 20 24 28 119 36 20 35 32 27 23 94 39 349 47 33 61 142 20 44 62 622 21 20 235
leaf_count=272 26 28 27 31 27 28 20 24 28 119 36 20 35 32 27 23 94 39 349 47 33 61 142 20 44 62 622 21 20 235
internal_value=4.72845e-10 -0.465813 1.9298 2.15052 2.24052 -0.660771 2.61389 -0.11603 0.205338 -0.678859 1.99315 2.39301 2.48941 2.37914 0.647248 3.05158 0.16506 2.12172 -0.711841 2.05673 2.11572 1.76669 -0.513948 0.493333 0.123857 -0.698157 -0.692369 0.282221 0.107102 0.12029
internal_weight=2592 2088 504 430 404 1618 161 52 470 1566 243 107 87 67 74 54 442 155 1305 116 80 88 261 47 327 1033 971 115 283 255
internal_count=2592 2088 504 430 404 1618 161 52 470 1566 243 107 87 67 74 54 442 155 1305 116 80 88 261 47 327 1033 971 115 283 255
is_linear=0
shrinkage=0.05


Tree=27
num_leaves=31
num_cat=0
split_feature=7 9 0 0 0 7 2 7 5 9 9 9 8 8 11 8 10 2 12 7 0 7 7 11 0 5 7 3 12 11
split_gain=841533 90815.7 65318.9 21581.4 15101.2 5881.66 5757.37 4565.91 4564.44 3074.87 2140.28 1398.94 1162.02 1029.7 973.1 849.222 792.874 634.735 467.044 466.31 353 302.155 291.468 236.432 227.118 201.919 166.797 152.079 220.388 140.52
threshold=128.95500000000001 95.795000000000016 88.500000000000014 73.500000000000014 77.500000000000014 62.590000000000011 37.500000000000007 257.64000000000004 30.705000000000002 49.410000000000004 136.57500000000002 143.49000000000004 151.17000000000004 244.08000000000004 299.11500000000007 235.06500000000003 301.52000000000004 1.0000000180025095e-35 97.090520833333343 103.85000000000001 39.500000000000007 54.835000000000008 241.18500000000003 38.274999999999984 56.500000000000007 27.985000000000003 48.035000000000004 4.5000000000000009 95.211562499999999 110.81750000000001
decision_type=2 2 2 2 2 2 2 2 2 2 2 2 2 2 2 2 2 2 2 2 2 2 2 2 2 2 2 2 2 2
left_child=1 5 3 -2 6 9 12 13 -7 20 19 15 16 -6 17 -4 -5 -9 -16 24 23 27 -15 -1 -3 -19 -25 -11 -29 -21
right_child=2 10 11 4 7 8 -8 14 -10 21 -12 -13 -14 22 18 -17 -18 25 -20 29 -22 -23 -24 26 -26 -27 -28 28 -30 -31
leaf_value=-0.74606881721243679 0.68063654943748764 0.219680117099331 0.18667981191114946 2.8846149047215781 1.5899203797181449 -0.54525795689335577 2.0145976914299859 1.8569185298422111 0.40242122691124682 -0.50336188576114715 0.58139056215683627 0.86200864208596095 3.0694127082824707 1.7489202549583034 2.5336860916831281 0.57343404009938248 2.4639241082327707 2.2407449775271946 2.2114455927973209 0.16452062563393377 -0.64094447155923362 -0.44197223393122353 1.916116815589997 -0.67571128548137738 0.059838521738347965 2.053514083226522 -0.78785399028233127 -0.51608303396598154 -0.74011870111737943 0.24738637566158217
leaf_weight=181 27 26 22 24 48 27 27 23 24 67 30 28 36 38 22 40 21 36 23 171 459 150 83 630 153 24 35 23 21 73
leaf_count=181 27 26 22 24 48 27 27 23 24 67 30 28 36 38 22 40 21 36 23 171 459 150 83 630 153 24 35 23 21 73
internal_value=-2.31316e-09 -0.452416 1.79406 2.04935 2.1406 -0.627707 2.64691 1.95649 -0.0992913 -0.644916 0.173291 0.568673 2.85768 1.78587 2.18175 0.436199 2.68829 2.08024 2.36899 0.144348 -0.676249 -0.488251 1.86361 -0.695404 0.0830557 2.16585 -0.681614 -0.55079 -0.623009 0.189312
internal_weight=2592 2070 522 432 405 1617 108 297 51 1566 453 90 81 169 128 62 45 83 45 423 1305 261 121 846 179 60 665 111 44 244
internal_count=2592 2070 522 432 405 1617 108 297 51 1566 453 90 81 169 128 62 45 83 45 423 1305 261 121 846 179 60 665 111 44 244
is_linear=0
shrinkage=0.05


Tree=28
num_leaves=31
num_cat=0
split_feature=7 9 0 0 0 7 2 7 5 9 9 11 8 8 11 8 10 2 12 8 9 5 7 7 11 11 8 0 5 8
split_gain=759483 81961.2 58950.3 19477.2 13628.8 5308.2 5196.03 4120.74 4119.41 2775.07 1931.6 1273.44 1048.72 929.309 878.223 829.328 715.569 572.849 421.508 421.086 419.103 319.625 273.978 267.972 213.727 186.498 183.609 428.627 182.232 174.526
threshold=128.95500000000001 95.795000000000016 88.500000000000014 73.500000000000014 77.500000000000014 62.590000000000011 37.500000000000007 257.64000000000004 30.705000000000002 49.410000000000004 136.57500000000002 188.32250000000002 151.17000000000004 244.08000000000004 299.11500000000007 234.05000000000004 301.52000000000004 1.0000000180025095e-35 97.090520833333343 108.06500000000001 140.80000000000004 32.935000000000009 55.110000000000007 236.84 44.318749999999987 38.866249999999987 40.970000000000006 59.500000000000007 27.985000000000003 101.96000000000002
decision_type=2 2 2 2 2 2 2 2 2 2 2 2 2 2 2 2 2 2 2 2 2 2 2 2 2 2 2 2 2 2
left_child=1 5 3 -2 6 9 12 13 -7 21 19 -4 16 -6 17 -13 -5 -9 -16 26 -17 25 -11 -15 -23 -1 -3 -28 -19 -29
right_child=2 10 11 4 7 8 -8 14 -10 22 -12 15 -14 23 18 20 -18 28 -20 -21 -22 24 -24 -25 -26 -27 27 29 -30 -31
leaf_value=-0.70120068345751085 0.64660472958176229 -0.018190350809267588 0.18837715758010745 2.7403841574986778 1.5104243397712709 -0.51799505816565616 1.9138677950258609 1.7640726130941642 0.38230016591648264 -0.51979846678862052 0.5523210378487905 0.36865526080131533 2.9159420596228709 1.6032162714004519 2.4070017901333896 0.62130250808383736 2.3407279060000468 2.1287077214982775 2.1008732754251231 0.21120100446948498 0.91292785473845228 -0.62729324453017288 -0.41694219481777139 1.8035396774216457 -0.54568288121904651 -0.64700179535609026 0.21661641337957824 0.029269877358666169 1.9508384029070538 0.1259446740233236
leaf_weight=210 27 28 20 24 48 27 27 23 24 119 30 20 36 20 22 28 21 36 23 132 22 340 142 101 105 650 76 97 24 90
leaf_count=210 27 28 20 24 48 27 27 23 24 119 30 20 36 20 22 28 21 36 23 132 22 340 142 101 105 650 76 97 24 90
internal_value=-1.06347e-09 -0.429795 1.70436 1.94689 2.03357 -0.596322 2.51456 1.85867 -0.0943267 -0.61267 0.164627 0.540239 2.7148 1.69658 2.07267 0.640771 2.55388 1.97623 2.25054 0.137131 0.749618 -0.642437 -0.463838 1.77043 -0.608037 -0.660236 0.103532 0.116491 2.05756 0.0757979
internal_weight=2592 2070 522 432 405 1617 108 297 51 1566 453 90 81 169 128 70 45 83 45 423 50 1305 261 121 445 860 291 263 60 187
internal_count=2592 2070 522 432 405 1617 108 297 51 1566 453 90 81 169 128 70 45 83 45 423 50 1305 261 121 445 860 291 263 60 187
is_linear=0
shrinkage=0.05


Tree=29
num_leaves=31
num_cat=0
split_feature=7 9 0 0 0 7 2 7 5 9 9 9 8 11 8 7 2 11 12 7 12 5 7 7 11 12 8 0 8 11
split_gain=685434 73970 53202.6 17578.2 12300 4790.65 4689.42 3732.53 3717.76 2504.5 1743.27 1179.67 955.074 940.882 742.01 689.35 433.681 381.322 380.411 289.334 256.878 253.328 247.615 183.543 242.986 178.713 163.335 396.5 171.765 161.333
threshold=128.95500000000001 95.795000000000016 88.500000000000014 73.500000000000014 77.500000000000014 62.590000000000011 37.500000000000007 253.70000000000002 30.705000000000002 49.410000000000004 136.57500000000002 149.89500000000001 147.02000000000004 299.11500000000007 235.06500000000003 236.84 1.0000000180025095e-35 108.17875000000001 97.090520833333343 38.635000000000012 94.734531250000018 27.905000000000005 54.835000000000008 50.170000000000009 41.535000000000004 45.219642857142865 40.970000000000006 59.500000000000007 44.460000000000001 275.64375000000007
decision_type=2 2 2 2 2 2 2 2 2 2 2 2 2 2 2 2 2 2 2 2 2 2 2 2 2 2 2 2 2 2
left_child=1 5 3 -2 6 9 12 15 -7 19 17 14 -5 16 -4 -6 -9 26 -15 -1 -14 29 -11 24 -21 -26 -3 28 -28 -18
right_child=2 10 11 4 7 8 -8 13 -10 22 -12 -13 20 18 -16 -17 21 -19 -20 23 -22 -23 -24 -25 25 -27 27 -29 -30 -31
leaf_value=-0.65387734445474921 0.61427448325686995 -0.017280834766903095 0.16046824570406568 2.3964187120136464 1.4560370696218392 -0.49209530353546144 1.8181743975038882 1.6869196781745324 0.36318515787521999 -0.49726022225510969 0.52470498666167253 0.78974131312635221 2.6094022178649903 2.2866517023606732 0.52041799712290127 1.675551250576973 1.9135209732055665 0.19886529784323309 1.9958296195320462 -0.62164127885998788 2.8544150393942131 1.8066464015415737 -0.3987522306442261 -0.68093726711888469 -0.44500338368945658 -0.57694396154958616 0.14339695723520385 0.069810709986655992 0.2963497414704292 2.1040464067459106
leaf_weight=295 27 28 22 38 57 27 27 26 24 111 30 27 20 22 41 96 25 137 23 402 23 28 150 62 27 519 45 182 31 20
leaf_count=295 27 28 22 38 57 27 27 26 24 111 30 27 20 22 41 96 25 137 23 402 23 28 150 62 27 519 45 182 31 20
internal_value=-5.27473e-11 -0.408306 1.61914 1.84954 1.93189 -0.566506 2.38884 1.76573 -0.0896104 -0.582037 0.156395 0.513227 2.57906 1.94844 0.394721 1.59377 1.86227 0.130274 2.13801 -0.610315 2.74046 1.92473 -0.440646 -0.597591 -0.59214 -0.570419 0.0974175 0.109865 0.205786 1.9982
internal_weight=2592 2070 522 432 405 1617 108 297 51 1566 453 90 81 144 63 153 99 423 45 1305 43 73 261 1010 948 546 286 258 76 45
internal_count=2592 2070 522 432 405 1617 108 297 51 1566 453 90 81 144 63 153 99 423 45 1305 43 73 261 1010 948 546 286 258 76 45
is_linear=0
shrinkage=0.05


Tree=30
num_leaves=31
num_cat=0
split_feature=7 9 0 0 0 7 2 7 5 9 9 11 10 12 8 8 11 2 7 9 12 0 7 0 11 11 7 5 7 12
split_gain=618604 66757.9 48015.4 15864.3 11100.8 4323.56 4232.2 3374.73 3355.28 2260.31 1573.3 1102.73 983.282 1281.46 794.255 717.336 710.622 473.272 349.095 343.717 343.321 278.927 225.055 203.28 190.413 182.5 159.931 145.379 140.489 138.322
threshold=128.95500000000001 95.795000000000016 88.500000000000014 73.500000000000014 77.500000000000014 62.590000000000011 37.500000000000007 257.64000000000004 30.705000000000002 49.410000000000004 136.57500000000002 188.32250000000002 298.52000000000004 94.944843750000004 252.02500000000003 234.05000000000004 299.11500000000007 1.0000000180025095e-35 102.69500000000001 140.80000000000004 97.090520833333343 39.500000000000007 56.065000000000005 56.500000000000007 232.00000000000003 38.274999999999984 245.01500000000001 27.985000000000003 48.035000000000004 98.342187500000009
decision_type=2 2 2 2 2 2 2 2 2 2 2 2 2 2 2 2 2 2 2 2 2 2 2 2 2 2 2 2 2 2
left_child=1 5 3 -2 6 9 12 14 -7 21 18 -4 -5 -14 24 -13 17 -9 23 -17 -18 25 29 -3 -6 -1 -16 -19 -27 -11
right_child=2 10 11 4 7 8 -8 16 -10 22 -12 15 13 -15 26 19 20 27 -20 -21 -22 -23 -24 -25 -26 28 -28 -29 -30 -31
leaf_value=-0.64133879519299253 0.58356076324427575 0.19383842234428114 0.16013639348559083 2.6964692963494197 1.2772991847991944 -0.46749054061041939 1.7272656935232658 1.5915229880291484 0.34502589609473944 -0.44253693161524121 0.49846973615388079 0.32804044365882873 2.1249611198902132 2.6206772804260257 1.5501366297403971 0.56614478752017028 2.1723191131245008 1.9218331548902725 0.15936724845794759 0.8302427915009587 1.8960381217624833 -0.54841642494035436 -0.37092217695055985 0.041160159678763228 1.457456609552557 -0.57929329775628591 1.6825055833296343 1.7629641731580099 -0.68221289498465409 -0.58509778380393984
leaf_weight=181 27 26 20 27 20 27 27 23 24 114 30 20 32 22 39 28 22 36 262 22 23 459 127 135 55 630 55 24 35 20
leaf_count=181 27 26 20 27 20 27 27 23 24 114 30 20 32 22 39 28 22 36 262 22 23 459 127 135 55 630 55 24 35 20
internal_value=9.81181e-10 -0.38789 1.53819 1.75706 1.8353 -0.53818 2.26939 1.67745 -0.0851299 -0.552935 0.148576 0.487566 2.4501 2.32692 1.53076 0.581117 1.87111 1.78436 0.12376 0.682348 2.03111 -0.579799 -0.418614 0.0658163 1.40941 -0.596826 1.62759 1.85829 -0.58471 -0.463815
internal_weight=2592 2070 522 432 405 1617 108 297 51 1566 453 90 81 54 169 70 128 83 423 50 45 1305 261 161 75 846 94 60 665 134
internal_count=2592 2070 522 432 405 1617 108 297 51 1566 453 90 81 54 169 70 128 83 423 50 45 1305 261 161 75 846 94 60 665 134
is_linear=0
shrinkage=0.05


Tree=31
num_leaves=31
num_cat=0
split_feature=7 9 0 0 0 7 2 11 5 9 9 8 10 10 12 11 9 12 8 0 8 0 7 11 11 0 8 0 8 11
split_gain=558290 60249 43333.9 14317.6 10018.4 3902.01 3819.56 3059.23 3028.14 2039.93 1419.91 1009.05 1002.86 887.413 1156.52 621.279 522.492 367.053 329.762 251.731 225.369 288.191 204.354 200.89 165.659 153.749 148.153 337.191 150.995 148.001
threshold=128.95500000000001 95.795000000000016 88.500000000000014 73.500000000000014 77.500000000000014 62.590000000000011 37.500000000000007 281.185 30.705000000000002 49.410000000000004 136.57500000000002 244.08000000000004 125.38000000000001 298.52000000000004 94.944843750000004 227.68625000000003 251.54500000000004 98.277864583333354 108.06500000000001 39.500000000000007 264.17000000000007 81.500000000000014 54.835000000000008 304.17750000000007 38.043749999999996 83.500000000000014 40.970000000000006 59.500000000000007 44.460000000000001 99.021249999999995
decision_type=2 2 2 2 2 2 2 2 2 2 2 2 2 2 2 2 2 2 2 2 2 2 2 2 2 2 2 2 2 2
left_child=1 5 3 -2 6 9 13 11 -7 19 18 -6 -4 -5 -15 -14 -9 20 26 24 -13 -22 -11 -18 -1 -23 -3 28 -28 -29
right_child=2 10 12 4 7 8 -8 16 -10 22 -12 17 15 14 -16 -17 23 -19 -20 -21 21 25 -24 -25 -26 -27 27 29 -30 -31
leaf_value=-0.61193382378780481 0.55438273129639803 -0.021500254701822999 0.20823676281229214 2.561645832768193 1.2903299113114677 -0.44411601755354141 1.6409024061980071 2.0337430367102991 0.32777460224848864 -0.44911446359243484 0.47354624889791008 1.4423944522594585 0.44927900509956564 2.0187130361795425 2.4896433830261233 0.77260882556438448 1.685595391778385 1.7158322504588537 0.18312040276994759 -0.52099560977067305 1.4192022453654898 1.7127183749757966 -0.35962441857655847 1.8723046531677245 -0.55609359783223022 1.5469166967603896 0.12979111281120115 -0.0013278231086830299 0.27319856036093926 0.093961699294681678
leaf_weight=165 27 28 27 27 48 27 27 26 24 111 30 58 39 32 22 24 34 28 132 459 22 29 150 25 681 27 45 60 31 127
leaf_count=165 27 28 27 27 48 27 27 26 24 111 30 58 39 32 22 24 34 28 132 459 22 29 150 25 681 27 45 60 31 127
internal_value=4.78174e-10 -0.368496 1.46128 1.66921 1.74353 -0.511271 2.15592 1.59357 -0.0808734 -0.525288 0.141147 1.49196 0.463188 2.3276 2.21057 0.572452 1.847 1.55098 0.117572 -0.550809 1.51704 1.57254 -0.397683 1.76471 -0.566984 1.63278 0.0878392 0.0994799 0.188286 0.0633875
internal_weight=2592 2070 522 432 405 1617 108 297 51 1566 453 212 90 81 54 63 85 164 423 1305 136 78 261 59 846 56 291 263 76 187
internal_count=2592 2070 522 432 405 1617 108 297 51 1566 453 212 90 81 54 63 85 164 423 1305 136 78 261 59 846 56 291 263 76 187
is_linear=0
shrinkage=0.05


Tree=32
num_leaves=31
num_cat=0
split_feature=7 9 0 0 0 7 2 7 5 9 10 11 8 8 8 11 2 12 7 9 11 11 8 0 7 11 7 0 12 7
split_gain=503857 54374.7 39108.8 12921.6 9041.63 3521.57 3447.15 2763.57 2732.9 1841.04 1295.57 926.445 876.339 648.487 624.879 590.989 408.31 299.018 289.035 282.435 230.81 230.266 261.558 189.868 187.689 163.946 143.542 171.805 141.868 136.756
threshold=128.95500000000001 95.795000000000016 88.500000000000014 73.500000000000014 77.500000000000014 62.590000000000011 37.500000000000007 257.64000000000004 30.705000000000002 49.410000000000004 136.94000000000003 188.32250000000002 147.02000000000004 252.02500000000003 234.05000000000004 299.11500000000007 1.0000000180025095e-35 97.090520833333343 109.55000000000001 140.80000000000004 244.84999999999999 40.263750000000002 50.170000000000009 69.500000000000014 58.415000000000006 232.00000000000003 45.815000000000005 49.500000000000007 97.308437500000011 272.63500000000005
decision_type=2 2 2 2 2 2 2 2 2 2 2 2 2 2 2 2 2 2 2 2 2 2 2 2 2 2 2 2 2 2
left_child=1 5 3 -2 6 9 12 13 -7 21 18 -4 -5 25 -13 16 -9 -17 23 -16 -14 -1 26 28 -11 -6 -23 -28 -3 -18
right_child=2 10 11 4 7 8 -8 15 -10 24 -12 14 20 -15 19 17 29 -19 -20 -21 -22 22 -24 -25 -26 -27 27 -29 -30 -31
leaf_value=-0.55221913782755538 0.52666358983627071 0.055081794588061589 0.13990991413593293 2.0362709748117549 1.1489177417755128 -0.42191021000897444 1.5588572890670211 1.4309219235959261 0.31138587314635519 -0.40598794587409304 0.45741135873671235 0.28957135438919068 2.4738443664882492 1.4686455077313363 0.51492237129381724 1.9668431932275947 1.7340927686446752 1.7090035148288896 0.17337526862481328 0.754322227564725 2.2415960693359374 -0.49958153322776577 -0.55559719425660592 0.19347321329372269 -0.31402227118611337 1.3160862125049939 -0.4804222583770752 -0.30303512300763813 0.16612638709220021 1.5758304913838705
leaf_weight=450 27 224 20 38 20 27 27 23 24 181 29 20 23 94 28 22 39 23 132 22 20 579 216 35 80 55 39 21 33 21
leaf_count=450 27 224 20 38 20 27 27 23 24 181 29 20 23 94 28 22 39 23 132 22 20 579 216 35 80 55 39 21 33 21
internal_value=-1.02668e-09 -0.350071 1.38821 1.58575 1.65636 -0.485708 2.04813 1.51389 -0.0768297 -0.499024 0.134089 0.440028 2.21122 1.38116 0.525776 1.68915 1.61004 1.83506 0.111975 0.620258 2.36582 -0.523269 -0.508031 0.0842194 -0.377799 1.27151 -0.491953 -0.418337 0.0693404 1.6787
internal_weight=2592 2070 522 432 405 1617 108 297 51 1566 453 90 81 169 70 128 83 45 424 50 43 1305 855 292 261 75 639 60 257 60
internal_count=2592 2070 522 432 405 1617 108 297 51 1566 453 90 81 169 70 128 83 45 424 50 43 1305 855 292 261 75 639 60 257 60
is_linear=0
shrinkage=0.05


Tree=33
num_leaves=31
num_cat=0
split_feature=7 9 0 0 0 7 2 5 9 0 7 10 11 9 8 8 7 7 7 2 11 0 7 11 0 11 5 7 12 12
split_gain=454731 49073.2 35295.7 11661.7 8167.48 3178.21 2729.48 2466.44 1661.54 1483.65 1422.03 1169.25 936.727 866.012 719.027 598.554 485.332 355.898 262.438 226.349 220.308 213.015 173.943 173.216 170.049 143.08 134.491 127.346 122.759 138.212
threshold=128.95500000000001 95.795000000000016 88.500000000000014 73.500000000000014 79.500000000000014 62.590000000000011 22.500000000000004 30.705000000000002 49.410000000000004 74.500000000000014 244.08000000000004 136.94000000000003 283.87000000000006 149.89500000000001 157.36000000000004 235.06500000000003 287.49500000000006 269.03500000000003 102.69500000000001 1.0000000180025095e-35 233.81750000000002 39.500000000000007 54.835000000000008 265.25000000000006 56.500000000000007 38.866249999999987 27.755000000000006 48.035000000000004 88.478750000000005 99.208333333333357
decision_type=2 2 2 2 2 2 2 2 2 2 2 2 2 2 2 2 2 2 2 2 2 2 2 2 2 2 2 2 2 2
left_child=1 5 3 -2 6 8 14 -7 21 -8 20 18 16 15 -5 -4 -11 19 24 -12 -6 25 26 -21 -3 -1 -10 -27 -23 -30
right_child=2 11 13 4 10 7 9 -9 22 12 17 -13 -14 -15 -16 -17 -18 -19 -20 23 -22 28 -24 -25 -26 27 -28 -29 29 -31
leaf_value=-0.54765619282473887 0.50033041023545799 0.17319129759875629 0.10609687289053744 1.9494472393622766 1.1173426893022327 -0.40081469615300497 2.0243998138992878 0.29581658147896328 -0.35469020272968182 1.2521974015235902 1.3374323685963949 0.43454080054472233 1.7685655283927919 0.65494540135065726 2.3145994526999338 0.42938431654034592 1.5963546298799063 1.6160554812504697 0.13715435050174724 1.4235179015568324 1.2865152622336773 -0.3485345447063446 -0.32379621966679895 1.5779296994209291 0.033549209227564498 -0.49472376815478009 -0.4649839447094844 -0.59283989565713069 -0.48570613371861449 -0.40028830943284216
leaf_weight=211 27 26 22 26 27 27 27 24 59 20 36 29 40 27 28 41 21 39 263 42 67 20 150 32 135 600 52 35 385 54
leaf_count=211 27 26 22 26 27 27 27 24 59 20 36 29 40 27 28 41 21 39 263 42 67 20 150 32 135 600 52 35 385 54
internal_value=2.43859e-09 -0.332567 1.3188 1.50646 1.57354 -0.461422 1.84854 -0.0729882 -0.474073 1.70341 1.39021 0.127385 1.59642 0.418027 2.13879 0.31649 1.42847 1.48628 0.106377 1.44026 1.23792 -0.497105 -0.358909 1.49029 0.0561001 -0.511985 -0.406359 -0.500132 -0.46968 -0.475199
internal_weight=2592 2070 522 432 405 1617 162 51 1566 108 243 453 81 90 54 63 41 149 424 110 94 1305 261 74 161 846 111 635 459 439
internal_count=2592 2070 522 432 405 1617 162 51 1566 108 243 453 81 90 54 63 41 149 424 110 94 1305 261 74 161 846 111 635 459 439
is_linear=0
shrinkage=0.05


Tree=34
num_leaves=31
num_cat=0
split_feature=7 9 0 0 0 8 7 11 5 9 9 10 7 8 11 2 9 12 8 11 2 11 8 6 8 7 8 0 0 11
split_gain=410394 44288.6 31854.4 10524.7 7384.02 2924.54 2868.34 2289.78 2225.96 1499.54 1066.89 815.795 766.153 708.838 476.214 471.37 290.176 281.528 261.232 211.465 203.849 198.531 246.557 186.89 174.946 159.715 135.343 264.781 175.561 145.937
threshold=128.95500000000001 95.795000000000016 88.500000000000014 73.500000000000014 77.500000000000014 111.355 62.590000000000011 281.185 30.705000000000002 49.410000000000004 136.57500000000002 125.38000000000001 236.84 147.02000000000004 229.4425 37.500000000000007 266.22000000000008 98.277864583333354 109.02000000000002 244.84999999999999 1.0000000180025095e-35 41.006249999999987 50.170000000000009 17.445000000000004 264.17000000000007 58.415000000000006 40.970000000000006 59.500000000000007 69.500000000000014 99.021249999999995
decision_type=2 2 2 2 2 2 2 2 2 2 2 2 2 2 2 2 2 2 2 2 2 2 2 2 2 2 2 2 2 2
left_child=1 6 3 -2 5 -5 9 12 -8 21 18 -4 -6 -7 23 16 -9 20 26 -15 -14 -1 -23 -13 -22 -11 -3 -28 29 -29
right_child=2 10 11 4 7 13 8 15 -10 25 -12 14 17 19 -16 -17 -18 -19 -20 -21 24 22 -24 -25 -26 -27 27 28 -30 -31
leaf_value=-0.49453388642085322 0.47531389262941154 -0.027988305022673951 0.16717857552899257 1.3982455571492514 1.1214678965116802 1.8417821507704888 -0.38077396993283874 1.6087242735756768 0.28102574393463636 -0.36696710869752242 0.40914747933546702 0.49912504346474357 1.2034970045089723 2.2415664299674658 0.69724148988723755 1.7846240173686636 1.3918852064344618 1.479363741193499 0.16566196462650479 2.0192635726928709 1.237318946697094 -0.43680440386891822 -0.50056728286922259 0.29013830363750459 1.3890836969017983 -0.28213133886456493 0.16703351735823643 -0.033623056793037585 0.16165849115042127 0.06721827080444441
leaf_weight=566 27 28 27 27 57 38 27 36 24 181 30 23 36 23 20 22 27 28 113 20 27 526 213 20 64 80 76 51 34 121
leaf_count=566 27 28 27 27 57 38 27 36 24 181 30 23 36 23 20 22 27 28 113 20 27 526 213 20 64 80 76 51 34 121
internal_value=7.03617e-10 -0.315939 1.25286 1.43114 1.49486 1.8489 -0.438351 1.36612 -0.0693388 -0.450369 0.121016 0.397125 1.27821 1.99912 0.495674 1.58537 1.51579 1.33585 0.100581 2.13817 1.30421 -0.47225 -0.455183 0.401922 1.34405 -0.340964 0.0768577 0.087268 0.0578399 0.0373176
internal_weight=2592 2070 522 432 405 108 1617 297 51 1566 453 90 212 81 63 85 63 155 423 43 127 1305 739 43 91 261 310 282 206 172
internal_count=2592 2070 522 432 405 108 1617 297 51 1566 453 90 212 81 63 85 63 155 423 43 127 1305 739 43 91 261 310 282 206 172
is_linear=0
shrinkage=0.05


Tree=35
num_leaves=31
num_cat=0
split_feature=7 9 0 0 0 2 7 11 5 9 9 10 12 11 8 8 9 12 11 9 0 9 10 7 7 7 12 0 5 7
split_gain=370381 39970.4 28748.6 9498.56 6664.07 2641.6 2588.68 2066.52 2008.93 1353.33 962.872 919.069 956.794 745.18 698.058 521.824 444.904 283.966 237.17 205.983 183.45 180.965 174.451 148.879 133.169 129.324 123.166 151.566 116.905 180.816
threshold=128.95500000000001 95.795000000000016 88.500000000000014 73.500000000000014 77.500000000000014 37.500000000000007 62.590000000000011 281.185 30.705000000000002 49.410000000000004 136.57500000000002 298.52000000000004 94.944843750000004 188.32250000000002 244.08000000000004 234.05000000000004 251.54500000000004 97.234687500000007 108.17875000000001 140.80000000000004 39.500000000000007 241.18500000000003 266.07500000000005 56.065000000000005 250.14000000000001 37.640000000000008 98.342187500000009 24.500000000000004 23.055000000000003 45.815000000000005
decision_type=2 2 2 2 2 2 2 2 2 2 2 2 2 2 2 2 2 2 2 2 2 2 2 2 2 2 2 2 2 2
left_child=1 6 3 -2 5 11 9 14 -8 20 18 -5 -13 -4 -6 -15 -9 21 -3 -17 25 24 -18 26 -16 -1 27 -11 -22 -30
right_child=2 10 13 4 7 -7 8 16 -10 23 -12 12 -14 15 17 19 22 -19 -20 -21 28 -23 -24 -25 -26 -27 -28 -29 29 -31
leaf_value=-0.50201215341866734 0.45154819527158035 0.069639453863806169 0.10810736253857614 2.13741332160102 1.0465941915909449 1.3281546239499693 -0.36173526666782524 1.6784232433025654 0.26697446089237931 -0.21927573900847208 0.38869010210037236 1.6056245833635332 2.0339658216996628 0.23832207038998604 1.2198641300201416 0.45055620159421655 1.342720781523606 1.3627307300567628 0.14964621311910178 0.65500302856618708 -0.5384276015417917 1.1698674815041679 1.514698673884074 -0.28512583013594622 1.3945579862594606 -0.45278701412327155 -0.47512521676719194 -0.36799678392307733 -0.43070659529655542 -0.33854797963173161
leaf_weight=166 27 286 20 27 48 27 27 26 24 21 30 32 22 20 24 28 29 50 137 22 21 70 30 127 20 680 20 93 376 62
leaf_count=166 27 286 20 27 48 27 27 26 24 21 30 32 22 20 24 28 29 50 137 22 21 70 30 127 20 680 20 93 376 62
internal_value=9.27237e-10 -0.300142 1.19022 1.35958 1.42012 1.75646 -0.416434 1.29781 -0.0658719 -0.42785 0.114965 1.89923 1.78013 0.377269 1.2143 0.454173 1.5061 1.26339 0.0955518 0.540513 -0.448637 1.21981 1.43017 -0.323916 1.29927 -0.462446 -0.360679 -0.340601 -0.423187 -0.417661
internal_weight=2592 2070 522 432 405 108 1617 297 51 1566 453 81 54 90 212 70 85 164 423 50 1305 114 59 261 44 846 134 114 459 438
internal_count=2592 2070 522 432 405 108 1617 297 51 1566 453 81 54 90 212 70 85 164 423 50 1305 114 59 261 44 846 134 114 459 438
is_linear=0
shrinkage=0.05


Tree=36
num_leaves=31
num_cat=0
split_feature=7 9 0 0 0 7 2 5 9 0 7 10 9 10 8 12 11 12 8 7 11 8 0 9 0 9 11 7 3 12
split_gain=334269 36073.3 25945.6 8572.45 6055.35 2336.28 2037.87 1813.06 1221.38 1120.17 1054.59 878.233 806.609 686.412 596.261 474.137 398.467 321.64 214.799 206.328 170.996 213.739 155.11 142.547 158.865 161.488 139.15 137.004 125.031 178.085
threshold=128.95500000000001 95.795000000000016 88.500000000000014 73.500000000000014 79.500000000000014 62.590000000000011 22.500000000000004 30.705000000000002 49.410000000000004 74.500000000000014 241.18500000000003 136.94000000000003 260.70500000000004 125.38000000000001 157.36000000000004 95.104843750000001 227.68625000000003 99.354322916666689 264.17000000000007 109.55000000000001 41.080000000000005 50.170000000000009 69.500000000000014 263.94000000000011 83.500000000000014 241.18500000000003 232.00000000000003 54.835000000000008 4.5000000000000009 95.211562499999999
decision_type=2 2 2 2 2 2 2 2 2 2 2 2 2 2 2 2 2 2 2 2 2 2 2 2 2 2 2 2 2 2
left_child=1 5 3 -2 6 8 14 -7 20 -8 26 19 -11 -4 -5 -14 -15 18 -12 22 -1 -22 -3 24 25 -20 -6 28 -10 -30
right_child=2 11 13 4 10 7 9 -9 27 12 17 -13 15 16 -16 -17 -18 -19 23 -21 21 -23 -24 -25 -26 -27 -28 -29 29 -31
leaf_value=-0.44663045115587191 0.42897078149296625 0.054110288302548208 0.14748007892458528 1.6642743770892805 0.92720162391662597 -0.34364849947116993 1.7394116507636177 0.25362573644767206 -0.3068277142941952 1.5906721680252642 1.1219720631837846 0.37541772569047999 1.1131961635180883 0.35015883843104045 1.9967955589294435 1.4097156616357658 0.6090983619292577 1.4414447047493675 1.4482087413469951 0.14288600398559179 -0.39283023018634461 -0.45233002285442442 0.16630720085331374 1.161410560210546 1.2109447479248048 1.2741999657948813 1.0798122268612103 -0.27655728558699288 -0.31919657043788746 -0.5205860296885173
leaf_weight=574 27 257 27 26 20 27 27 24 67 27 32 29 28 39 28 26 24 22 24 132 518 213 35 24 32 30 59 150 23 21
leaf_count=574 27 257 27 26 20 27 27 24 67 27 32 29 28 39 28 26 24 22 24 132 518 213 35 24 32 30 59 150 23 21
internal_value=-4.36001e-10 -0.285135 1.13071 1.2916 1.34911 -0.395612 1.5859 -0.0625783 -0.406458 1.4605 1.19125 0.109217 1.36753 0.358406 1.83669 1.25596 0.448802 1.26355 1.23599 0.0910095 -0.426206 -0.410167 0.0675585 1.26916 1.29922 1.35154 1.04118 -0.30772 -0.349831 -0.415314
internal_weight=2592 2070 522 432 405 1617 162 51 1566 108 243 453 81 90 54 54 63 164 142 424 1305 731 292 110 86 54 79 261 111 44
internal_count=2592 2070 522 432 405 1617 162 51 1566 108 243 453 81 90 54 54 63 164 142 424 1305 731 292 110 86 54 79 261 111 44
is_linear=0
shrinkage=0.05


Tree=37
num_leaves=31
num_cat=0
split_feature=7 9 0 0 0 7 2 5 9 0 7 10 11 9 8 8 12 7 2 7 12 6 0 7 7 11 7 0 7 12
split_gain=301678 32556.2 23415.9 7736.63 5464.95 2108.49 1839.17 1636.29 1102.3 1010.96 951.771 792.605 745.524 629.293 538.125 504.092 408.67 296.147 219.653 186.211 160.735 150.668 139.987 133.037 126.667 125.583 121.696 119.41 162.188 116.912
threshold=128.95500000000001 95.795000000000016 88.500000000000014 73.500000000000014 79.500000000000014 62.590000000000011 22.500000000000004 30.705000000000002 49.410000000000004 74.500000000000014 241.18500000000003 136.94000000000003 283.87000000000006 149.89500000000001 157.36000000000004 235.06500000000003 93.678177083333352 265.20000000000005 1.0000000180025095e-35 109.55000000000001 45.219642857142865 15.775 69.500000000000014 37.640000000000008 58.415000000000006 232.00000000000003 142.53500000000003 56.500000000000007 98.660000000000011 99.208333333333357
decision_type=2 2 2 2 2 2 2 2 2 2 2 2 2 2 2 2 2 2 2 2 2 2 2 2 2 2 2 2 2 2
left_child=1 5 3 -2 6 8 14 -7 20 -8 25 19 16 15 -5 -4 -11 -12 -19 22 21 -1 27 -22 -10 -6 -17 -3 -29 -25
right_child=2 11 13 4 10 7 9 -9 24 12 17 -13 -14 -15 -16 26 -18 18 -20 -21 23 -23 -24 29 -26 -27 -28 28 -30 -31
leaf_value=-0.20960032343864443 0.40752224795244357 0.15299290208360897 0.060852440446615225 1.5810606699723464 0.88084152221679701 -0.32646608396812726 1.6524410777621801 0.24094445196290815 -0.31549107213993433 0.98757251501083376 1.1513315962853834 0.35664683775655154 1.4527320909500123 0.54244466269457792 1.8969557830265591 0.44160125134956268 1.3033810388474238 1.19598283438847 1.392317911556789 0.13574170522166021 -0.44823234148239827 -0.39541736692190171 0.15799184135028296 -0.40852889110525753 -0.23994061797857286 1.0258216174982362 0.26926529616117478 -0.03588075843743152 0.06311170753975541 -0.36270053917314948
leaf_weight=20 27 26 22 26 20 27 27 24 181 20 107 29 40 27 28 21 21 29 28 132 178 24 35 919 80 59 20 54 177 164
leaf_count=20 27 26 22 26 20 27 27 24 181 20 107 29 40 27 28 21 21 29 28 132 178 24 35 919 80 59 20 54 177 164
internal_value=5.07952e-10 -0.270878 1.07417 1.22702 1.28166 -0.375831 1.5066 -0.0594494 -0.386135 1.38748 1.13169 0.103756 1.29916 0.340485 1.74486 0.253932 1.14933 1.20037 1.29243 0.0864591 -0.404895 -0.310955 0.0641806 -0.408173 -0.292334 0.989118 0.357535 0.0514048 0.0399706 -0.401589
internal_weight=2592 2070 522 432 405 1617 162 51 1566 108 243 453 81 90 54 63 41 164 57 424 1305 44 292 1261 261 79 41 257 231 1083
internal_count=2592 2070 522 432 405 1617 162 51 1566 108 243 453 81 90 54 63 41 164 57 424 1305 44 292 1261 261 79 41 257 231 1083
is_linear=0
shrinkage=0.05


Tree=38
num_leaves=31
num_cat=0
split_feature=7 9 0 0 0 7 2 5 9 0 11 9 9 11 8 8 12 12 12 8 2 0 9 10 8 11 7 7 5 8
split_gain=272264 29381.9 21132.8 6982.31 4932.12 1902.91 1659.85 1476.75 994.822 912.388 874.906 725.921 722.485 606.491 485.658 436.668 392.89 232.445 210.249 188.156 173.945 156.08 150.788 144.992 116.85 236.59 123.314 116.593 113.286 111.668
threshold=128.95500000000001 95.795000000000016 88.500000000000014 73.500000000000014 79.500000000000014 62.590000000000011 22.500000000000004 30.705000000000002 49.410000000000004 74.500000000000014 259.02625 260.70500000000004 136.57500000000002 188.32250000000002 157.36000000000004 234.05000000000004 95.104843750000001 91.466354166666676 98.873788377192994 109.02000000000002 1.0000000180025095e-35 39.500000000000007 140.80000000000004 248.215 40.970000000000006 55.620000000000012 98.660000000000011 54.835000000000008 27.755000000000006 52.810000000000009
decision_type=2 2 2 2 2 2 2 2 2 2 2 2 2 2 2 2 2 2 2 2 2 2 2 2 2 2 2 2 2 2
left_child=1 5 3 -2 6 8 14 -7 21 -8 17 -11 19 -4 -5 -15 -13 23 20 24 -12 -1 -17 -6 -3 -26 -27 28 -10 -30
right_child=2 12 13 4 10 7 9 -9 27 11 18 16 -14 15 -16 22 -18 -19 -20 -21 -22 -23 -24 -25 25 26 -28 -29 29 -31
leaf_value=-0.39738726308723438 0.38714613859300262 -0.035801799868100455 0.08063532948493958 1.5020076421590953 0.80811856190363562 -0.31014277184451067 1.569819008862531 0.22889722573260465 -0.26914409676850853 1.4458830029876144 1.0559707019064162 0.99839562347957078 0.33567528883616132 0.19538561927154663 1.8021079829760962 0.39485538516725815 1.268316544019259 1.0334312735534297 1.3211728668212892 0.13698520766060174 1.1945650632264184 -0.36117489839171535 0.56977895064787432 0.99040251255035416 0.23705123810097578 -0.011995085258036851 0.075296826401663908 -0.24896954810619354 -0.43311580499013269 -0.28480769016525964
leaf_weight=846 27 28 20 26 24 27 27 24 59 27 36 28 30 20 28 28 26 82 20 113 61 459 22 20 20 50 212 150 30 22
leaf_count=846 27 28 20 26 24 27 27 24 59 27 36 28 30 20 28 28 26 82 20 113 61 459 22 20 20 50 212 150 30 22
internal_value=3.87207e-10 -0.257334 1.02046 1.16567 1.21757 -0.35704 1.43127 -0.0564769 -0.366828 1.3181 1.07511 1.2342 0.0985681 0.323461 1.65762 0.39284 1.12836 0.983685 1.17356 0.081752 1.14313 -0.384651 0.471822 0.890975 0.0616185 0.0712915 0.0586381 -0.277717 -0.316565 -0.37037
internal_weight=2592 2070 522 432 405 1617 162 51 1566 108 243 81 453 90 54 70 54 126 117 423 97 1305 50 44 310 282 262 261 111 52
internal_count=2592 2070 522 432 405 1617 162 51 1566 108 243 81 453 90 54 70 54 126 117 423 97 1305 50 44 310 282 262 261 111 52
is_linear=0
shrinkage=0.05


Tree=39
num_leaves=31
num_cat=0
split_feature=7 9 0 0 0 7 2 5 9 0 7 9 10 10 12 12 12 11 2 7 2 12 0 12 11 10 12 7 3 7
split_gain=245718 26517.2 19072.4 6301.54 4451.24 1717.38 1498.02 1332.77 897.827 823.431 805.409 655.144 652.301 562.908 459.186 354.583 319.182 307.579 196.326 156.692 152.709 145.395 142.779 129.857 121.72 121.169 116.053 150.178 133.673 107.809
threshold=128.95500000000001 95.795000000000016 88.500000000000014 73.500000000000014 79.500000000000014 62.590000000000011 22.500000000000004 30.705000000000002 49.410000000000004 74.500000000000014 253.70000000000002 260.70500000000004 136.94000000000003 125.38000000000001 94.734531250000018 95.104843750000001 92.758854166666666 227.68625000000003 1.0000000180025095e-35 102.69500000000001 1.0000000180025095e-35 45.219642857142865 23.500000000000004 96.648854166666666 37.511249999999997 99.320000000000007 99.208333333333357 48.035000000000004 4.5000000000000009 58.415000000000006
decision_type=2 2 2 2 2 2 2 2 2 2 2 2 2 2 2 2 2 2 2 2 2 2 2 2 2 2 2 2 2 2
left_child=1 5 3 -2 6 8 14 -7 21 -8 16 -11 19 -4 -5 -13 20 -15 23 25 -6 22 -1 -12 -23 -3 27 -26 -28 -10
right_child=2 12 13 4 10 7 9 -9 29 11 18 15 -14 17 -16 -17 -18 -19 -20 -21 -22 24 -24 -25 26 -27 28 -29 -30 -31
leaf_value=-0.35829440156618753 0.36778882588777279 0.14813035233263774 0.1162781614948202 1.4491457431547103 0.77247308492660527 -0.29463563649742691 1.4913280857933893 0.21745236503581206 -0.28519535638927102 1.3735888799031577 0.96460281848907481 0.94847585473741813 0.32305844056195232 0.30248301032070934 1.7440062357031783 1.2049007085653454 1.0215636377210742 0.52998265425364177 1.2020321644269503 0.10173014171710132 0.92590933895111083 -0.41249292254447933 -0.17740712344646456 1.1447812461853029 -0.36498738766505151 0.021843004814958832 -0.28763819896813597 -0.45316687331480143 -0.38035921603441242 -0.21549511160701515
leaf_weight=24 27 22 27 31 24 27 27 24 181 27 20 28 29 39 23 26 77 24 52 263 50 140 20 20 907 139 99 51 64 80
leaf_count=24 27 22 27 31 24 27 27 24 181 27 20 28 29 39 23 26 77 24 52 263 50 140 20 20 907 139 99 51 64 80
internal_value=9.91147e-11 -0.244468 0.969441 1.10739 1.1567 -0.339188 1.35971 -0.053653 -0.348487 1.2522 1.02135 1.17249 0.0936397 0.307288 1.57473 1.07194 0.950299 0.38915 1.13797 0.0779483 0.876146 -0.365418 -0.276073 1.05469 -0.368535 0.0390997 -0.363046 -0.369682 -0.324044 -0.263831
internal_weight=2592 2070 522 432 405 1617 162 51 1566 108 243 81 453 90 54 54 151 63 92 424 74 1305 44 40 1261 161 1121 958 163 261
internal_count=2592 2070 522 432 405 1617 162 51 1566 108 243 81 453 90 54 54 151 63 92 424 74 1305 44 40 1261 161 1121 958 163 261
is_linear=0
shrinkage=0.05


Tree=40
num_leaves=31
num_cat=0
split_feature=7 9 0 0 0 7 8 0 5 9 9 7 9 10 12 8 9 12 9 8 7 2 12 0 8 8 11 7 11 7
split_gain=221761 23931.8 17212.8 5687.14 4017.24 1549.94 1371.66 1290.01 1202.82 810.289 798.053 731.874 595.458 571.783 629.397 511.769 418.917 249.393 166.565 160.825 145.904 144.916 141.405 137.3 102.101 101.401 216.178 99.747 97.693 100.711
threshold=128.95500000000001 95.795000000000016 88.500000000000014 73.500000000000014 79.500000000000014 62.590000000000011 111.355 77.500000000000014 30.705000000000002 49.410000000000004 269.54500000000002 241.18500000000003 136.57500000000002 298.52000000000004 94.577656250000004 234.05000000000004 125.28000000000002 99.354322916666689 224.12000000000003 109.02000000000002 267.78500000000003 1.0000000180025095e-35 97.857760416666693 39.500000000000007 39.095000000000006 40.970000000000006 58.726249999999986 110.24000000000002 37.511249999999997 48.035000000000004
decision_type=2 2 2 2 2 2 2 2 2 2 2 2 2 2 2 2 2 2 2 2 2 2 2 2 2 2 2 2 2 2
left_child=1 5 3 -2 6 9 -5 13 -7 23 -9 -6 19 -8 -15 -4 -17 18 -13 25 21 -20 -18 28 -11 -3 -27 -28 -1 -30
right_child=2 12 15 4 11 8 7 10 -10 24 -12 17 -14 14 -16 16 22 -19 20 -21 -22 -23 -24 -25 -26 26 27 -29 29 -31
leaf_value=-0.39878788722380426 0.349399383255729 -0.035674482730350329 0.10979685060403965 0.96639729782387063 0.84526053742517393 -0.27990385404339546 1.6608771028189826 1.3669649821061354 0.20657975236050941 -0.32414720535278319 0.98226948635918765 1.1399868178367616 0.30421412597099939 1.2288670753610544 1.5791112982708475 0.18092543300241234 0.55514334738254545 1.1871570240367544 0.85433685338055643 0.12475563972463122 1.0741113590471671 0.99312262535095219 0.37335845931716594 -0.32512899847591625 -0.23733521130007623 0.20444986653327943 0.036863254840675465 0.12193155645778993 -0.3475629967451096 -0.43453355721064979
leaf_weight=131 27 28 27 27 79 27 29 26 24 40 28 20 30 29 23 20 20 22 27 113 33 62 23 459 221 25 216 41 680 35
leaf_count=131 27 28 27 27 79 27 29 26 24 40 28 20 30 29 23 20 20 22 27 113 33 62 23 459 221 25 216 41 680 35
internal_value=4.07768e-10 -0.232244 0.920969 1.05202 1.09886 -0.322228 1.29173 1.35679 -0.0509704 -0.331063 1.16749 0.970285 0.0889577 1.48299 1.38378 0.291924 0.369978 1.03051 1.00624 0.0736913 0.984315 0.951019 0.45791 -0.347147 -0.25064 0.0550775 0.0640883 0.0504345 -0.359093 -0.35182
internal_weight=2592 2070 522 432 405 1617 162 135 51 1566 54 243 453 81 52 90 63 164 142 423 122 89 43 1305 261 310 282 257 846 715
internal_count=2592 2070 522 432 405 1617 162 135 51 1566 54 243 453 81 52 90 63 164 142 423 122 89 43 1305 261 310 282 257 846 715
is_linear=0
shrinkage=0.05


Tree=41
num_leaves=31
num_cat=0
split_feature=7 9 0 0 0 7 2 5 9 0 11 11 9 10 8 12 11 7 12 9 0 11 8 8 6 0 7 9 0 8
split_gain=200139 21598.4 15534.6 5132.64 3625.56 1398.82 1276.04 1085.55 731.568 722.084 677.921 637.12 537.401 488.86 399.745 315.621 258.548 187.221 168.728 172.65 164.745 152.685 153.866 145.144 106.799 104.582 92.5125 95.3368 101.489 91.5145
threshold=128.95500000000001 95.795000000000016 88.500000000000014 73.500000000000014 79.500000000000014 62.590000000000011 22.500000000000004 30.705000000000002 51.030000000000008 74.500000000000014 259.02625 283.87000000000006 136.57500000000002 125.38000000000001 157.36000000000004 93.678177083333352 227.68625000000003 236.84 97.234687500000007 249.54500000000004 83.500000000000014 41.080000000000005 50.170000000000009 109.02000000000002 17.960000000000004 54.500000000000007 58.415000000000006 60.475000000000001 24.500000000000004 40.970000000000006
decision_type=2 2 2 2 2 2 2 2 2 2 2 2 2 2 2 2 2 2 2 2 2 2 2 2 2 2 2 2 2 2
left_child=1 5 3 -2 6 8 14 -7 21 -8 17 15 23 -4 -5 -11 -15 -6 19 -12 -20 -1 25 29 -13 -23 27 28 -10 -3
right_child=2 12 13 4 10 7 9 -9 26 11 18 24 -14 16 -16 -17 -18 -19 20 -21 -22 22 -24 -25 -26 -27 -28 -29 -30 -31
leaf_value=-0.34873813448680774 0.33192941651300151 -0.033890758547931908 0.099323680841674422 1.2844178584905772 0.77315248847007756 -0.26590866424419263 1.3518424625749943 0.19625076345788939 -0.14643552736581669 0.77260766446590434 1.0310470435354444 1.2769405102729798 0.28900341726839546 0.27415586580068635 1.5566834551947457 1.0501440343402682 0.48273583749930071 0.89580860342298241 1.1617094975930673 0.87007210023941539 0.97960704720538594 -0.30411612252870246 -0.349668638804637 0.11851785917791119 1.1135395884513855 -0.18752021670341493 -0.19108029111073568 -0.35933173440396787 -0.26037911901680322 0.06088389519318041
leaf_weight=576 27 28 27 26 56 27 27 24 23 20 36 20 30 39 28 21 24 70 27 31 23 501 218 113 20 20 78 20 130 282
leaf_count=576 27 28 27 26 56 27 27 24 23 20 36 20 30 39 28 21 24 70 27 31 23 501 218 113 20 20 78 20 130 282
internal_value=2.2471e-10 -0.220632 0.87492 0.999419 1.04392 -0.306117 1.22714 -0.0484219 -0.314509 1.12791 0.92177 1.05327 0.0845098 0.277328 1.42559 0.91476 0.353615 0.841295 1.00844 0.956566 1.07794 -0.32944 -0.314398 0.0700067 1.19524 -0.29964 -0.236288 -0.25667 -0.24325 0.0523236
internal_weight=2592 2070 522 432 405 1617 162 51 1566 108 243 81 453 90 54 41 63 126 117 67 50 1315 739 423 40 521 251 173 153 310
internal_count=2592 2070 522 432 405 1617 162 51 1566 108 243 81 453 90 54 41 63 126 117 67 50 1315 739 423 40 521 251 173 153 310
is_linear=0
shrinkage=0.05


Tree=42
num_leaves=31
num_cat=0
split_feature=7 9 0 0 0 7 9 9 5 8 9 7 10 7 10 5 8 9 9 12 2 2 12 12 2 7 0 12 0 12
split_gain=180626 19492.6 14020 4632.21 3272.07 1262.43 1216.23 1834.91 979.706 710.019 661.799 612.756 527.876 503.503 533.918 484.408 449.345 354.231 351.885 253.46 166.064 137.952 131.111 128.953 141.398 114.028 134.001 108.372 98.5857 97.6423
threshold=128.95500000000001 95.795000000000016 88.500000000000014 73.500000000000014 79.500000000000014 62.590000000000011 251.54500000000004 298.95000000000005 30.705000000000002 111.355 49.410000000000004 253.70000000000002 305.61500000000007 111.355 127.96500000000002 29.745000000000001 234.05000000000004 277.44000000000005 125.28000000000002 92.758854166666666 1.0000000180025095e-35 1.0000000180025095e-35 97.857760416666693 45.219642857142865 22.500000000000004 102.69500000000001 56.500000000000007 96.648854166666666 69.500000000000014 99.208333333333357
decision_type=2 2 2 2 2 2 2 2 2 2 2 2 2 2 2 2 2 2 2 2 2 2 2 2 2 2 2 2 2 2
left_child=1 5 3 -2 6 10 -5 9 -7 -8 23 19 -9 25 -15 17 -4 -11 -18 21 27 -6 -20 24 -1 26 -3 -13 -27 -25
right_child=2 13 16 4 11 8 7 12 -10 15 -12 20 -14 14 -16 -17 18 -19 22 -21 -22 -23 -24 29 -26 28 -28 -29 -30 -31
leaf_value=-0.13537486479395913 0.31533294786457666 0.12702472788783223 0.09280306294008539 1.5308298587799074 0.64909074107805897 -0.25261322701418842 0.71657344386691146 1.5352850005740213 0.1864382212671141 1.0951888606661844 -0.2261026933931985 0.81850943565368661 1.2181921114240375 0.11946896783806182 0.40512515590304421 1.2354405651921812 0.1633319651708007 0.80477399258386528 0.51081802606582638 0.87721173422677179 1.0363187569838306 0.7949250574111939 0.33577486743097723 -0.32197033263142183 -0.31482528188954229 0.063345239413902174 0.0034223708538671156 0.98310907363891609 0.15948268589563669 -0.28237900674998107
leaf_weight=21 27 26 27 20 24 27 21 21 24 21 261 20 35 74 21 23 20 21 20 77 52 50 23 1079 23 160 140 20 32 182
leaf_count=21 27 26 27 20 24 27 21 21 24 21 261 20 35 74 21 23 20 21 20 77 52 50 23 1079 23 160 140 20 32 182
internal_value=5.98614e-10 -0.2096 0.831174 0.949448 0.991722 -0.290811 1.16578 1.11437 -0.0460008 0.96933 -0.298784 0.875682 1.3371 0.0802843 0.182614 1.05099 0.263461 0.949981 0.3366 0.813707 0.977402 0.747627 0.41719 -0.31332 -0.229178 0.0531298 0.0227818 0.900809 0.0793681 -0.316256
internal_weight=2592 2070 522 432 405 1617 162 142 51 86 1566 243 56 453 95 65 90 42 63 151 92 74 43 1305 44 358 166 40 192 1261
internal_count=2592 2070 522 432 405 1617 162 142 51 86 1566 243 56 453 95 65 90 42 63 151 92 74 43 1305 44 358 166 40 192 1261
is_linear=0
shrinkage=0.05


Tree=43
num_leaves=31
num_cat=0
split_feature=7 9 0 0 0 7 2 0 7 0 5 9 11 7 10 9 8 7 12 12 9 7 0 0 5 7 10 7 3 12
split_gain=163015 17592 12653 4180.57 2953.04 1139.35 1098.33 884.728 776.599 803.507 631.554 597.274 563.914 454.412 481.861 435.103 374.932 202.035 164.167 151.851 142.641 134.831 117.784 117.772 115.504 102.91 121.169 93.3334 108.156 155.438
threshold=128.95500000000001 95.795000000000016 88.500000000000014 73.500000000000014 79.500000000000014 62.590000000000011 1.0000000180025095e-35 92.500000000000014 324.85500000000008 74.500000000000014 28.910000000000004 49.410000000000004 259.02625 111.355 127.96500000000002 149.89500000000001 235.06500000000003 292.82500000000005 96.538072916666678 98.873788377192994 263.94000000000011 142.53500000000003 39.500000000000007 83.500000000000014 27.555000000000003 102.69500000000001 99.320000000000007 54.835000000000008 4.5000000000000009 95.211562499999999
decision_type=2 2 2 2 2 2 2 2 2 2 2 2 2 2 2 2 2 2 2 2 2 2 2 2 2 2 2 2 2 2
left_child=1 5 3 -2 6 11 -5 -7 9 -8 -11 22 18 25 -15 16 -4 -12 23 20 24 -18 -1 -6 -14 26 -3 28 -13 -30
right_child=2 13 15 4 12 7 8 -9 -10 10 17 27 19 14 -16 -17 21 -19 -20 -21 -22 -23 -24 -25 -26 -27 -28 -29 29 -31
leaf_value=-0.30871858501996208 0.2995662957705833 0.13093284288929269 0.011800986191850495 1.3986070738898384 0.82251731952031459 0.1686757101714611 1.2272794017085324 -0.24790887156358132 1.2948134917479297 1.0954899207750957 0.68274132668972021 -0.20955883925085639 0.87692900358461867 0.11349551991836444 0.38486888947941011 0.41821999406373056 0.35615418120509101 0.88532049283385283 0.86059485912323008 1.0363870024681092 0.77631889737170678 0.17475648820400239 -0.27726091260743818 0.69462178746859238 1.011898306141729 0.075399739437852997 0.0049455791459169837 -0.18907677728682759 -0.22066080570220947 -0.4088097680182684
leaf_weight=846 27 22 22 27 24 25 27 26 26 30 20 67 51 74 21 27 21 32 30 20 23 20 459 72 23 192 144 150 23 21
leaf_count=846 27 22 22 27 24 25 27 26 26 30 20 67 51 74 21 27 21 32 30 20 23 20 459 72 23 192 144 150 23 21
internal_value=-5.54933e-10 -0.19912 0.789615 0.901975 0.942136 -0.276271 1.10749 -0.0437007 1.04927 0.9907 0.912802 -0.283845 0.831898 0.0762701 0.173483 0.250288 0.178317 0.807405 0.7585 0.910941 0.885076 0.267668 -0.297654 0.726596 0.918879 0.0504733 0.0216427 -0.214798 -0.249555 -0.310459
internal_weight=2592 2070 522 432 405 1617 162 51 135 109 82 1566 243 453 95 90 63 52 126 117 97 41 1305 96 74 358 166 261 111 44
internal_count=2592 2070 522 432 405 1617 162 51 135 109 82 1566 243 453 95 90 63 52 126 117 97 41 1305 96 74 358 166 261 111 44
is_linear=0
shrinkage=0.05


Tree=44
num_leaves=31
num_cat=0
split_feature=7 9 0 0 0 9 9 7 5 8 9 11 10 5 10 7 10 9 11 12 12 11 8 9 5 7 12 7 0 0
split_gain=147121 15876.8 11419.3 3772.96 2665.12 1137.86 1559.08 1028.26 801.19 612.307 539.672 508.933 481.061 429.358 414.441 410.107 434.88 305.689 202.894 155.028 137.045 132.375 132.79 128.733 104.242 93.7323 160.567 92.8762 119.429 88.9736
threshold=128.95500000000001 95.795000000000016 88.500000000000014 73.500000000000014 79.500000000000014 251.54500000000004 298.95000000000005 62.590000000000011 30.705000000000002 111.355 51.030000000000008 259.02625 305.61500000000007 29.745000000000001 125.38000000000001 111.355 127.96500000000002 277.44000000000005 227.68625000000003 90.868854166666679 98.873788377192994 41.006249999999987 50.170000000000009 263.94000000000011 27.555000000000003 45.815000000000005 91.013385416666679 102.69500000000001 56.500000000000007 69.500000000000014
decision_type=2 2 2 2 2 2 2 2 2 2 2 2 2 2 2 2 2 2 2 2 2 2 2 2 2 2 2 2 2 2
left_child=1 7 3 -2 5 -5 9 10 -9 -7 21 19 -8 17 -4 27 -17 -11 -16 -6 23 -1 25 24 -13 -23 -27 28 -3 -29
right_child=2 15 14 4 11 6 12 8 -10 13 -12 20 -14 -15 18 16 -18 -19 -20 -21 -22 22 -24 -25 -26 26 -28 29 -30 -31
leaf_value=-0.300668849271368 0.2845879802549327 0.11897251285039462 0.073877607506734361 1.4052083063125611 0.64071918871344602 0.63397437589509154 1.3968906663713003 -0.22835857724701919 0.16868252454635999 0.98432415326436373 -0.20246863983853525 0.8330825515821868 1.0941852419716971 1.1181821574335513 0.23762533908638242 0.10782074449030128 0.36562545427254273 0.71454095045725508 0.42239787032206855 0.75909402398502124 0.98456765651702893 -0.26284857920247084 -0.30148212026565452 0.73750296053679099 0.96130338544430938 -0.084981787204742434 -0.25431209135623206 0.056407989658182493 0.0022840458788310311 0.14773856677347794
leaf_weight=568 27 26 27 20 41 21 21 27 24 21 251 51 35 23 39 74 21 21 24 85 20 466 218 23 23 21 42 160 140 32
leaf_count=568 27 26 27 20 41 21 21 27 24 21 251 51 35 23 39 74 21 21 24 85 20 466 218 23 23 21 42 160 140 32
internal_value=2.51829e-10 -0.189164 0.750135 0.856876 0.895029 1.05212 1.00239 -0.262457 -0.0415157 0.868696 -0.269652 0.790303 1.2077 0.944529 0.237774 0.0724566 0.164809 0.849433 0.308015 0.720575 0.865394 -0.282476 -0.268643 0.840822 0.872935 -0.25511 -0.197869 0.0479496 0.0205606 0.0716298
internal_weight=2592 2070 522 432 405 162 142 1617 51 86 1566 243 56 65 90 453 95 42 63 126 117 1315 747 97 74 529 63 358 166 192
internal_count=2592 2070 522 432 405 162 142 1617 51 86 1566 243 56 65 90 453 95 42 63 126 117 1315 747 97 74 529 63 358 166 192
is_linear=0
shrinkage=0.05


Tree=45
num_leaves=31
num_cat=0
split_feature=7 9 0 0 0 9 9 7 5 8 7 10 5 11 9 9 8 9 12 2 12 2 12 2 12 7 7 12 8 0
split_gain=132776 14328.8 10306 3405.1 2405.27 1026.92 1407.07 929.391 587.556 552.607 466.059 434.157 387.496 382.726 373.29 275.884 268.692 252.697 203.674 147.627 138.908 164.701 128.411 124.978 108.29 102.654 114.638 90.1914 88.6847 100.512
threshold=128.95500000000001 95.795000000000016 88.500000000000014 73.500000000000014 79.500000000000014 251.54500000000004 298.95000000000005 59.115000000000002 30.705000000000002 111.355 253.70000000000002 305.61500000000007 29.745000000000001 188.32250000000002 136.57500000000002 277.44000000000005 234.05000000000004 49.410000000000004 92.758854166666666 1.0000000180025095e-35 45.219642857142865 22.500000000000004 100.27968750000001 1.0000000180025095e-35 97.491979166666681 50.170000000000009 42.085000000000008 96.648854166666666 40.970000000000006 59.500000000000007
decision_type=2 2 2 2 2 2 2 2 2 2 2 2 2 2 2 2 2 2 2 2 2 2 2 2 2 2 2 2 2 2
left_child=1 7 3 -2 5 -5 9 17 -9 -7 18 -8 15 -4 22 -11 -15 20 23 27 21 -1 28 -6 -18 26 -22 -12 -3 -30
right_child=2 14 13 4 10 6 11 8 -10 12 19 -13 -14 16 -16 -17 24 -19 -20 -21 25 -23 -24 -25 -26 -27 -28 -29 29 -31
leaf_value=-0.075307096242904659 0.27035858509717164 -0.037479410653135613 0.032987489700317389 1.3349479007720948 0.54371424913406374 0.60227564906790143 1.3270461340745292 -0.17561857752958673 0.086158675634026252 0.93510793617793508 0.69220437288284309 1.0394759845733643 1.0622730586839759 0.12611045077443125 0.23926669845978421 0.67881390707833433 0.43307472959160809 -0.20753653778479653 0.75366533328960472 0.89504990852796118 -0.27982935507350892 -0.27149544695149297 0.1457264575603846 0.6825215620994568 0.28287325516343115 -0.34755869632543523 -0.24710077522554785 0.84236374855041507 0.11116869734170345 0.042441195818363558
leaf_weight=20 27 28 20 20 24 21 21 104 27 21 20 35 23 20 30 21 20 195 77 52 804 23 37 50 30 43 401 20 65 293
leaf_count=20 27 28 20 20 24 21 21 104 27 21 20 35 23 20 30 21 20 195 77 52 804 23 37 50 30 43 401 20 65 293
internal_value=4.47543e-10 -0.179706 0.712628 0.814033 0.850278 0.999512 0.952268 -0.249334 -0.121664 0.825261 0.750788 1.14731 0.897302 0.225885 0.0688338 0.806961 0.280999 -0.260589 0.696738 0.8395 -0.268602 -0.180245 0.0567463 0.637503 0.342954 -0.271647 -0.268938 0.767284 0.0482171 0.0549197
internal_weight=2592 2070 522 432 405 162 142 1617 131 86 243 56 65 90 453 42 70 1486 151 92 1291 43 423 74 50 1248 1205 40 386 358
internal_count=2592 2070 522 432 405 162 142 1617 131 86 243 56 65 90 453 42 70 1486 151 92 1291 43 423 74 50 1248 1205 40 386 358
is_linear=0
shrinkage=0.05


Tree=46
num_leaves=31
num_cat=0
split_feature=7 9 0 0 0 9 9 7 5 8 9 7 10 7 10 9 5 8 9 12 9 7 11 7 8 7 0 2 7 9
split_gain=119831 12931.8 9301.13 3073.1 2170.76 926.791 1269.88 849.961 834.869 498.728 465.255 432.154 391.827 355.948 376.138 353.135 349.715 321.316 248.985 164.478 160.721 133.553 114.095 105.581 97.0325 81.0323 105.683 87.823 78.8559 81.0976
threshold=128.95500000000001 95.795000000000016 88.500000000000014 73.500000000000014 79.500000000000014 251.54500000000004 298.95000000000005 106.52000000000002 23.995000000000001 111.355 51.030000000000008 241.18500000000003 305.61500000000007 111.355 127.96500000000002 149.89500000000001 29.745000000000001 235.06500000000003 277.44000000000005 99.354322916666689 224.12000000000003 142.53500000000003 39.898749999999978 37.875000000000007 264.17000000000007 102.69500000000001 56.500000000000007 1.0000000180025095e-35 58.415000000000006 60.475000000000001
decision_type=2 2 2 2 2 2 2 2 2 2 2 2 2 2 2 2 2 2 2 2 2 2 2 2 2 2 2 2 2 2
left_child=1 7 3 -2 5 -5 9 10 -9 -7 22 -6 -8 25 -15 17 18 -4 -11 20 -13 -19 -1 -24 -22 26 -3 -28 29 -12
right_child=2 13 15 4 11 6 12 8 -10 16 28 19 -14 14 -16 -17 -18 21 -20 -21 24 -23 23 -25 -26 -27 27 -29 -30 -31
leaf_value=-0.27718172783295508 0.25684065730483446 0.10955297603056982 -0.0043984132734212009 1.2682004952430725 0.61717682277099994 0.57216187186893963 1.2606938264199667 -0.21523805014789105 0.2181733915396035 0.88835255304972327 -0.18839300383929336 0.87119678258895883 0.98750217982700894 0.098430759034346088 0.33819263577461245 0.36587974274599994 1.0091594053351363 0.32053437367791227 0.64487320979436236 0.88674061081626199 0.62817333936691289 0.1399979242682457 -0.32171465796093612 -0.2414514052378329 0.74034673462108691 0.064679345053233792 -0.076046007573604579 0.020465948747640308 -0.14172405430248805 -0.2954552307724953
leaf_weight=403 27 26 22 20 79 21 21 25 20 21 153 20 35 74 21 27 23 21 21 22 24 20 43 869 98 192 30 110 84 20
leaf_count=403 27 26 22 20 79 21 21 25 20 21 153 20 35 74 21 27 23 21 21 22 24 20 43 869 98 192 30 110 84 20
internal_value=-4.60036e-10 -0.170721 0.676996 0.773331 0.807764 0.949537 0.904655 -0.236868 -0.0226107 0.783998 -0.243001 0.713248 1.08995 0.0653921 0.151431 0.214591 0.852437 0.149753 0.766613 0.759527 0.739817 0.232468 -0.255026 -0.245236 0.71828 0.0425606 0.0169774 -0.000215185 -0.181471 -0.20077
internal_weight=2592 2070 522 432 405 162 142 1617 45 86 1572 243 56 453 95 90 65 63 42 164 142 41 1315 912 122 358 166 140 257 173
internal_count=2592 2070 522 432 405 162 142 1617 45 86 1572 243 56 453 95 90 65 63 42 164 142 41 1315 912 122 358 166 140 257 173
is_linear=0
shrinkage=0.05


Tree=47
num_leaves=31
num_cat=0
split_feature=7 9 0 9 9 9 7 0 12 12 9 11 10 9 12 10 3 7 12 9 5 9 0 8 11 12 0 11 8 0
split_gain=108271 14782.2 5191.37 2070.74 1831.12 1531.77 1002.78 1281.34 802.684 537.112 419.892 400.74 395.562 278.484 229.801 484.14 199.133 202.688 172.614 164.951 162.052 130.767 244.677 115.792 113.161 112.346 110.958 104.054 112.216 92.2266
threshold=157.36000000000004 95.795000000000016 88.500000000000014 161.04500000000004 295.61500000000007 149.89500000000001 106.52000000000002 92.500000000000014 93.576718750000012 94.495364583333341 51.030000000000008 183.42000000000002 265.09500000000008 152.71500000000003 90.710104166666682 125.38000000000001 2.5000000000000004 269.03500000000003 90.798593750000023 102.16000000000001 31.410000000000004 267.96000000000009 83.500000000000014 238.26500000000001 299.11500000000007 99.88723958333334 59.500000000000007 41.080000000000005 50.170000000000009 54.500000000000007
decision_type=2 2 2 2 2 2 2 2 2 2 2 2 2 2 2 2 2 2 2 2 2 2 2 2 2 2 2 2 2 2
left_child=1 6 4 11 5 -2 10 -8 18 -6 27 14 16 -4 20 19 -10 -18 23 26 -3 22 -20 -7 -14 -21 -16 -1 29 -29
right_child=2 3 13 -5 9 8 7 -9 12 -11 -12 -13 24 -15 15 -17 17 -19 21 25 -22 -23 -24 -25 -26 -27 -28 28 -30 -31
leaf_value=-0.25820588670968497 1.1284467220306398 -0.14836263278499248 0.11874972449408637 0.53744403962045906 0.84647888088226331 0.4360500834204934 0.29406982000385012 -0.22668178455421217 0.64220534507185223 1.1557895593345167 -0.17239747961062635 0.28093419179786 0.80328299782492896 0.34801561287962479 0.21538245759227059 0.29599369987422092 0.69992734422074987 0.87182467425311061 0.7934245989872859 0.023743531110765201 0.01632833080839808 0.53679822845892466 0.58543738626664688 0.58506153440102937 0.94597299297650661 0.10601377320289612 0.081429636893937229 -0.22145733975781179 -0.25997823500031725 -0.11196513593196869
leaf_weight=576 21 20 27 24 25 22 21 27 64 32 257 20 33 26 22 22 47 27 26 244 59 22 31 32 24 50 52 501 218 20
leaf_count=576 21 20 27 24 25 22 21 27 64 32 257 20 33 26 22 22 47 27 26 244 59 22 31 32 24 50 52 501 218 20
internal_value=-5.15048e-10 -0.149906 0.696623 0.0840004 0.757378 0.714465 -0.223977 0.00114704 0.68796 1.02013 -0.230851 0.0617455 0.752557 0.23122 0.0523984 0.0681506 0.70679 0.762647 0.59325 0.0545295 -0.0253656 0.640344 0.680309 0.524353 0.863363 0.0377351 0.121253 -0.242275 -0.229857 -0.217254
internal_weight=2592 2133 459 513 406 349 1620 48 328 57 1572 489 195 53 469 390 138 74 133 368 79 79 57 54 57 294 74 1315 739 521
internal_count=2592 2133 459 513 406 349 1620 48 328 57 1572 489 195 53 469 390 138 74 133 368 79 79 57 54 57 294 74 1315 739 521
is_linear=0
shrinkage=0.05


Tree=48
num_leaves=31
num_cat=0
split_feature=7 9 0 9 9 9 7 0 12 12 9 11 10 9 12 10 3 7 12 9 5 9 0 8 11 12 0 12 6 8
split_gain=97714.8 13340.9 4685.21 1868.85 1652.59 1382.42 905.011 1156.41 724.423 484.744 379.097 361.668 356.994 251.332 207.396 436.937 179.718 182.926 155.784 148.868 146.252 118.017 220.821 104.502 102.707 101.392 100.139 96.4256 132.498 87.2781
threshold=157.36000000000004 95.795000000000016 88.500000000000014 161.04500000000004 295.61500000000007 149.89500000000001 106.52000000000002 92.500000000000014 93.576718750000012 94.495364583333341 49.410000000000004 183.42000000000002 265.09500000000008 152.71500000000003 90.710104166666682 125.38000000000001 2.5000000000000004 269.03500000000003 90.798593750000023 102.16000000000001 31.410000000000004 267.96000000000009 83.500000000000014 238.26500000000001 304.17750000000007 99.88723958333334 59.500000000000007 45.219642857142865 15.775 101.96000000000002
decision_type=2 2 2 2 2 2 2 2 2 2 2 2 2 2 2 2 2 2 2 2 2 2 2 2 2 2 2 2 2 2
left_child=1 6 4 11 5 -2 10 -8 18 -6 27 14 16 -4 20 19 -10 -18 23 26 -3 22 -20 -7 -14 29 -16 28 -1 -21
right_child=2 3 13 -5 9 8 7 -9 12 -11 -12 -13 24 -15 15 -17 17 -19 21 25 -22 -23 -24 -25 -26 -27 -28 -29 -30 -31
leaf_value=-0.062607535123825081 1.0720243930816651 -0.14094449814409019 0.11281223826938205 0.51057183543841045 0.80415493202209465 0.41424757756970143 0.27936632666027261 -0.21534769638544984 0.61009507589042189 1.098000095039606 -0.16502464791683114 0.26688748113811017 0.77084943281637663 0.33061482849029394 0.20461333515969191 0.28119401227344171 0.66493097924171618 0.82823344513222019 0.75375337050511293 -0.0066210243284702307 0.015511914721484913 0.50995831652121104 0.55616552445196343 0.55580845695658354 0.91148384571075436 0.10071308405697346 0.077358154665965295 -0.23295334719865926 -0.23686055385818086 0.053204861190952683
leaf_weight=20 21 20 27 24 25 22 21 27 64 32 267 20 37 26 22 22 47 27 26 125 59 22 31 32 20 50 52 1261 24 119
leaf_count=20 21 20 27 24 25 22 21 27 64 32 267 20 37 26 22 22 47 27 26 125 59 22 31 32 20 50 52 1261 24 119
internal_value=-6.08126e-11 -0.142411 0.661792 0.0798003 0.719509 0.678742 -0.212778 0.00108969 0.653562 0.969121 -0.219308 0.0586582 0.714929 0.219659 0.0497785 0.0647431 0.67145 0.724514 0.563587 0.051803 -0.0240973 0.608327 0.646293 0.498136 0.820195 0.0358483 0.115191 -0.230415 -0.157655 0.0225564
internal_weight=2592 2133 459 513 406 349 1620 48 328 57 1572 489 195 53 469 390 138 74 133 368 79 79 57 54 57 294 74 1305 44 244
internal_count=2592 2133 459 513 406 349 1620 48 328 57 1572 489 195 53 469 390 138 74 133 368 79 79 57 54 57 294 74 1305 44 244
is_linear=0
shrinkage=0.05


Tree=49
num_leaves=31
num_cat=0
split_feature=7 9 0 9 9 9 7 12 12 11 10 7 9 5 7 5 3 7 12 5 12 11 2 12 10 9 0 8 11 7
split_gain=88187.6 12040.2 4228.41 1686.63 1491.46 1247.64 822.567 653.792 437.481 326.405 322.187 308.158 226.827 187.865 363.33 224.703 162.195 165.091 140.595 132.804 180.647 124.909 140.8 192.027 109.827 106.51 199.291 94.3132 93.4892 93.1564
threshold=157.36000000000004 95.795000000000016 88.500000000000014 161.04500000000004 295.61500000000007 149.89500000000001 112.70500000000001 93.576718750000012 94.495364583333341 183.42000000000002 265.09500000000008 54.220000000000006 152.71500000000003 30.555000000000003 111.58000000000001 32.280000000000008 2.5000000000000004 269.03500000000003 90.798593750000023 31.48 88.96432291666666 41.080000000000005 1.0000000180025095e-35 88.666302083333349 44.645000000000003 267.96000000000009 83.500000000000014 238.26500000000001 299.11500000000007 37.640000000000008
decision_type=2 2 2 2 2 2 2 2 2 2 2 2 2 2 2 2 2 2 2 2 2 2 2 2 2 2 2 2 2 2
left_child=1 6 4 9 5 -2 11 18 -6 13 16 21 -4 -3 -15 -16 -9 -18 27 20 -13 -1 23 -23 -25 26 -20 -7 -12 -24
right_child=2 3 12 -5 8 7 -8 10 -10 -11 28 19 -14 14 15 -17 17 -19 25 -21 -22 22 29 24 -26 -27 -28 -29 -30 -31
leaf_value=-0.23320442006304987 1.0184231848943801 -0.060840665206715876 0.10717162241538365 0.48504324021438761 0.76394718980789189 0.39353519840673967 0.07152900425027367 0.5795903222635389 1.0431000873446465 0.25354310661554336 0.72457637822989263 -0.27777034936532863 0.314084084217365 0.03655899515819349 0.29360718049786311 0.099992122549682538 0.63168442858026386 0.78682177596622049 0.71606569932057307 -0.031309526264667507 -0.14759663593220082 -0.02274111005521956 -0.32106077551841739 -0.20513370440269896 -0.10946613091688891 0.48446039936759261 0.52835724661427164 0.52801803601905706 0.85427208741505956 -0.21119583191782565
leaf_weight=595 21 37 27 24 25 22 27 64 32 20 33 31 26 363 22 47 47 27 26 20 190 21 20 130 39 22 31 32 24 547
leaf_count=595 21 37 27 24 25 22 27 64 32 20 33 31 26 363 22 47 47 27 26 20 190 21 20 130 39 22 31 32 24 547
internal_value=-1.76887e-10 -0.13529 0.628703 0.0758103 0.683534 0.644805 -0.202139 0.620884 0.920665 0.0557253 0.679183 -0.206777 0.208676 0.0472895 0.0565507 0.161724 0.637878 0.688289 0.535408 -0.154691 -0.165856 -0.216062 -0.202588 -0.165337 -0.183057 0.57791 0.613979 0.473229 0.779185 -0.215071
internal_weight=2592 2133 459 513 406 349 1620 328 57 489 195 1593 53 469 432 69 138 74 133 241 221 1352 757 190 169 79 57 54 57 567
internal_count=2592 2133 459 513 406 349 1620 328 57 489 195 1593 53 469 432 69 138 74 133 241 221 1352 757 190 169 79 57 54 57 567
is_linear=0
shrinkage=0.05


Tree=50
num_leaves=31
num_cat=0
split_feature=7 9 0 10 9 9 11 10 12 12 9 11 10 11 8 10 0 3 7 12 5 12 7 9 0 9 8 11 7 0
split_gain=79589.3 10866.3 3816.14 1548.48 1346.04 1125.99 747.107 889.768 590.047 397.84 291.834 290.961 290.774 207.705 189.214 556.252 166.914 146.381 148.994 126.887 98.1836 175.649 98.3716 96.1257 179.86 86.6283 85.1177 84.8413 80.2516 95.3093
threshold=157.36000000000004 95.795000000000016 88.500000000000014 161.76000000000002 295.61500000000007 149.89500000000001 108.55875000000002 51.335000000000001 93.576718750000012 94.734531250000018 49.410000000000004 183.42000000000002 265.09500000000008 229.4425 103.85000000000001 136.94000000000003 70.500000000000014 2.5000000000000004 269.03500000000003 90.798593750000023 32.505000000000003 88.384427083333364 48.035000000000004 267.96000000000009 83.500000000000014 41.815000000000005 238.26500000000001 304.17750000000007 54.835000000000008 24.500000000000004
decision_type=2 2 2 2 2 2 2 2 2 2 2 2 2 2 2 2 2 2 2 2 2 2 2 2 2 2 2 2 2 2
left_child=1 6 4 11 5 -2 10 -8 19 -6 20 14 17 -4 16 -16 -3 -10 -19 26 22 -22 -1 24 -21 -24 -7 -14 29 -12
right_child=2 3 13 -5 9 8 7 -9 12 -11 28 -13 27 -15 15 -17 -18 18 -20 23 21 -23 25 -25 -26 -27 -28 -29 -30 -31
leaf_value=-0.21373473423011166 0.96750201384226475 0.028824758448807355 0.11157403854032358 0.49249137533562526 0.74019817752497541 0.37385844622146003 0.25303892556577923 -0.15374745835163972 0.55061080697923903 1.0044289403948292 -0.097885200245162618 0.2408659526705742 0.695377080827146 0.31128730333369714 0.054662367067874619 0.33067905887961391 -0.11273641385461973 0.60010020529970209 0.74748068827169911 0.68026241155771117 -0.048761397316342311 -0.19666571385697923 -0.23223561848464766 0.46023738804188641 0.50193938055346088 -0.35357402755568423 0.50161713100969796 0.82319605708122257 -0.12464794498068138 -0.2074339938660463
leaf_weight=769 21 220 30 21 28 22 20 41 64 29 26 20 37 23 209 20 23 47 27 26 21 455 38 22 31 24 32 20 142 84
leaf_count=769 21 220 30 21 28 22 20 41 64 29 26 20 37 23 209 20 23 47 27 26 21 455 38 22 31 24 32 20 142 84
internal_value=-7.85624e-11 -0.128526 0.597268 0.0720198 0.649357 0.612564 -0.192032 -0.0203749 0.58984 0.874631 -0.198749 0.0540729 0.645224 0.198242 0.0461579 0.0787686 0.015426 0.605984 0.653874 0.508638 -0.208248 -0.190141 -0.218619 0.549015 0.58328 -0.279205 0.449567 0.740226 -0.149482 -0.181541
internal_weight=2592 2133 459 513 406 349 1620 61 328 57 1559 492 195 53 472 229 243 138 74 133 1307 476 831 79 57 62 54 57 252 110
internal_count=2592 2133 459 513 406 349 1620 61 328 57 1559 492 195 53 472 229 243 138 74 133 1307 476 831 79 57 62 54 57 252 110
is_linear=0
shrinkage=0.05


Tree=51
num_leaves=31
num_cat=0
split_feature=7 9 0 9 9 9 7 12 12 11 10 7 9 12 10 5 12 9 5 11 9 11 9 0 11 2 12 12 9 8
split_gain=71829.3 9806.8 3444.06 1419.2 1214.8 1016.21 697.711 532.517 359.981 266.745 262.424 249.455 195.832 187.27 350.656 135.497 134.843 129.357 123.223 140.71 123.123 120.18 112.471 119.197 112.14 125.344 171.129 103.297 97.1998 93.0196
threshold=157.36000000000004 95.795000000000016 88.500000000000014 161.04500000000004 295.61500000000007 149.89500000000001 112.70500000000001 93.576718750000012 94.495364583333341 183.42000000000002 265.09500000000008 54.220000000000006 152.71500000000003 90.710104166666682 125.38000000000001 31.410000000000004 99.354322916666689 102.16000000000001 23.385000000000002 108.55875000000002 49.410000000000004 227.68625000000003 269.54500000000002 83.500000000000014 41.080000000000005 1.0000000180025095e-35 88.666302083333349 91.883854166666666 45.095000000000006 48.035000000000004
decision_type=2 2 2 2 2 2 2 2 2 2 2 2 2 2 2 2 2 2 2 2 2 2 2 2 2 2 2 2 2 2
left_child=1 6 4 9 5 -2 11 21 -6 13 16 24 -4 15 17 -3 -9 29 -13 20 -20 -7 23 27 -1 26 -26 -23 -28 -15
right_child=2 3 12 -5 8 7 -8 10 -10 -11 -12 18 -14 14 -16 -17 -18 -19 19 -21 -22 22 -24 -25 25 -27 28 -29 -30 -31
leaf_value=-0.21129856436286404 0.91912692501431426 -0.14029996108263731 0.094015307234669179 0.44380777118106685 0.68873991250991828 0.3702302405005321 0.069613467722579286 0.55300708261498233 0.94196221418678761 0.22882265536114577 0.7032145517959929 -0.22515502971493537 0.28627209835327588 0.19619809150695802 0.25049470656297429 0.010294200361595821 0.68340348203976953 0.030124196649820474 -0.22799142503645273 -0.0022381088563374111 -0.12008409821795987 0.51613419006268191 0.3956348723173142 0.47269392828552093 -0.012529131663697108 -0.19406721167426721 -0.18394555078932284 0.66999175310134884 -0.092247886069723076 0.069968478909383222
leaf_weight=595 21 20 27 24 25 20 27 114 32 20 57 36 26 20 22 59 24 294 32 21 152 24 20 49 21 567 132 20 37 54
leaf_count=595 21 20 27 24 25 20 27 114 32 20 57 36 26 20 22 59 24 294 32 21 152 24 20 49 21 567 132 20 37 54
internal_value=2.65956e-10 -0.1221 0.567404 0.0684188 0.616889 0.581936 -0.18243 0.560348 0.8309 0.0499948 0.612963 -0.186702 0.18833 0.0423689 0.0565889 -0.0278309 0.575685 0.0449967 -0.139839 -0.124856 -0.138851 0.483206 0.503201 0.526334 -0.195056 -0.18229 -0.147143 0.586069 -0.16387 0.104085
internal_weight=2592 2133 459 513 406 349 1620 328 57 489 195 1593 53 469 390 79 138 368 241 205 184 133 113 93 1352 757 190 44 169 74
internal_count=2592 2133 459 513 406 349 1620 328 57 489 195 1593 53 469 390 79 138 368 241 205 184 133 113 93 1352 757 190 44 169 74
is_linear=0
shrinkage=0.05


Tree=52
num_leaves=31
num_cat=0
split_feature=7 9 0 10 9 9 7 12 12 8 10 5 10 7 11 0 3 10 5 11 2 9 7 12 5 11 3 11 0 8
split_gain=64826 8850.64 3108.27 1307.24 1096.36 917.126 629.684 480.597 327.439 254.144 374.256 344.542 236.837 225.133 179.205 160.41 126.475 138.55 111.209 126.99 111.178 111.118 105.175 102.781 84.7872 79.683 79.2994 77.2375 70.3947 187.6
threshold=157.36000000000004 95.795000000000016 88.500000000000014 161.76000000000002 295.61500000000007 149.89500000000001 112.70500000000001 93.576718750000012 94.734531250000018 103.85000000000001 125.38000000000001 24.075000000000003 265.09500000000008 54.220000000000006 229.4425 70.500000000000014 2.5000000000000004 234.05000000000004 23.385000000000002 108.55875000000002 1.0000000180025095e-35 49.410000000000004 261.17000000000002 45.219642857142865 25.615000000000006 37.633749999999992 4.5000000000000009 299.11500000000007 59.500000000000007 42.675000000000004
decision_type=2 2 2 2 2 2 2 2 2 2 2 2 2 2 2 2 2 2 2 2 2 2 2 2 2 2 2 2 2 2
left_child=1 6 4 9 5 -2 13 20 -6 15 -11 -12 16 23 -4 28 -9 -18 -15 21 -7 -20 24 -1 -22 -25 -19 -14 29 -3
right_child=2 3 14 -5 8 7 -8 12 -10 10 11 -13 27 18 -16 -17 17 26 19 -21 22 -23 -24 25 -26 -27 -28 -29 -30 -31
leaf_value=-0.10423643996841031 0.87317058245340984 -0.010737564003551907 0.098410720924536399 0.45133114783536821 0.66739472001791 0.38103884476072647 0.066132794641372228 0.49542990936897696 0.90710937668537273 0.05639644585198899 0.083551516350020061 0.37029242526739836 0.61841798262162651 -0.21389727804602848 0.28391703470893531 -0.11350927757875584 0.49563325691223148 0.70260626411437999 -0.21659185377648102 -0.0021262053599847212 0.43042436513033783 -0.11407989360036722 0.38942078060724516 -0.22144045639154197 0.54656596904451193 -0.18316141603803585 0.57536516537268956 0.73630311886469535 -0.001513870880670107 0.12359461584950196
leaf_weight=38 21 53 30 21 28 34 27 64 29 207 22 20 33 36 23 23 25 25 32 21 22 152 22 154 55 1160 24 24 116 51
leaf_count=38 21 53 30 21 28 34 27 64 29 207 22 20 33 36 23 23 25 25 32 21 22 152 22 154 55 1160 24 24 116 51
internal_value=4.58862e-10 -0.115995 0.539034 0.0649979 0.586045 0.552839 -0.173309 0.53233 0.789355 0.048508 0.0840082 0.220095 0.582315 -0.177367 0.178913 0.0121313 0.5469 0.591416 -0.132847 -0.118613 0.459045 -0.131908 0.485836 -0.185303 0.513383 -0.187648 0.640284 0.668054 0.0252665 0.0551369
internal_weight=2592 2133 459 513 406 349 1620 328 57 492 249 42 195 1593 53 243 138 74 241 205 133 184 99 1352 77 1314 49 57 220 104
internal_count=2592 2133 459 513 406 349 1620 328 57 492 249 42 195 1593 53 243 138 74 241 205 133 184 99 1352 77 1314 49 57 220 104
is_linear=0
shrinkage=0.05


Tree=53
num_leaves=31
num_cat=0
split_feature=7 9 0 9 9 9 7 12 12 11 10 7 7 11 10 10 11 7 3 3 12 2 12 9 9 0 0 0 3 11
split_gain=58505.4 7987.7 2805.21 1189.54 989.465 827.707 568.29 433.739 296.206 231.27 213.746 205.367 185.932 320.717 269.961 169.208 121.513 115.422 114.144 126.942 109.188 92.5503 189.256 88.0783 78.8771 148.133 73.0113 88.5475 72.2182 70.0829
threshold=157.36000000000004 95.795000000000016 88.500000000000014 161.04500000000004 295.61500000000007 149.89500000000001 112.70500000000001 93.576718750000012 94.495364583333341 183.42000000000002 265.09500000000008 58.415000000000006 122.21500000000002 110.81750000000001 111.19500000000001 156.08000000000001 41.535000000000004 37.875000000000007 2.5000000000000004 4.5000000000000009 90.798593750000023 1.0000000180025095e-35 88.85151041666667 125.28000000000002 267.96000000000009 83.500000000000014 69.500000000000014 70.500000000000014 3.5000000000000004 304.17750000000007
decision_type=2 2 2 2 2 2 2 2 2 2 2 2 2 2 2 2 2 2 2 2 2 2 2 2 2 2 2 2 2 2
left_child=1 6 4 9 5 -2 11 20 -6 12 18 16 13 26 -15 -4 -1 -18 -9 -20 28 22 -19 -14 25 -22 -3 -28 -7 -12
right_child=2 3 15 -5 8 7 -8 10 -10 -11 29 -13 23 14 -16 -17 17 21 19 -21 24 -23 -24 -25 -26 -27 27 -29 -30 -31
leaf_value=-0.18940534649170848 0.82951205117361893 0.019199094880202217 0.085549985617399224 0.40542475829521818 0.62093318521976482 0.31664977524584781 0.062826156733488597 0.47065841583535079 0.85063229957595476 0.2113928232342005 0.59388938489797949 -0.10776355818088633 0.0088745569437742224 0.082695057097589605 0.30134010631591085 0.26451571702957155 -0.25205153513586886 0.015979271453051343 0.6255852887504979 0.49456315057145228 0.59260169267654417 -0.16620667390850502 -0.14384613232153237 -0.13951537162065505 0.39312972399321472 0.43076909549774661 0.15946350260214373 0.029156199190765619 0.43301518281300866 0.71006036579608922
leaf_weight=674 21 307 28 24 25 24 27 64 32 20 37 128 20 48 20 25 33 21 38 36 26 580 157 20 22 31 22 32 30 20
leaf_count=674 21 307 28 24 25 24 27 64 32 20 37 128 20 48 20 25 33 21 38 36 26 580 157 20 22 31 22 32 30 20
internal_value=3.13319e-10 -0.110195 0.512082 0.061748 0.556743 0.525197 -0.164644 0.505714 0.749887 0.0448804 0.553199 -0.168499 0.0377797 0.0473927 0.147002 0.169968 -0.173805 -0.160513 0.519555 0.561845 0.436093 -0.156528 -0.12499 -0.0653204 0.473549 0.504587 0.0286297 0.0822444 0.381297 0.634651
internal_weight=2592 2133 459 513 406 349 1620 328 57 489 195 1593 469 429 68 53 1465 791 138 74 133 758 178 40 79 57 361 54 54 57
internal_count=2592 2133 459 513 406 349 1620 328 57 489 195 1593 469 429 68 53 1465 791 138 74 133 758 178 40 79 57 361 54 54 57
is_linear=0
shrinkage=0.05


Tree=54
num_leaves=31
num_cat=0
split_feature=7 9 0 0 0 2 10 11 7 12 8 12 9 11 12 0 6 9 12 2 11 12 7 10 2 12 10 6 7 8
split_gain=52844.3 5697.24 4049.76 2190.93 1282.77 938.13 1145.35 410.299 383.757 320.348 280.648 273.299 260.425 215.866 352.702 452.095 175.316 162.17 133.99 155.34 113.596 108.469 105.065 93.2438 83.3467 170.247 71.228 66.6894 66.6798 65.7763
threshold=128.95500000000001 95.795000000000016 88.500000000000014 73.500000000000014 77.500000000000014 37.500000000000007 298.52000000000004 281.185 58.765000000000008 87.556145833333346 234.05000000000004 94.944843750000004 247.66500000000005 110.81750000000001 92.46203125000001 69.500000000000014 9.9950000000000028 125.28000000000002 96.822135416666683 1.0000000180025095e-35 41.535000000000004 97.857760416666693 37.875000000000007 266.07500000000005 1.0000000180025095e-35 88.85151041666667 44.550000000000004 5.4400000000000004 48.035000000000004 269.03500000000003
decision_type=2 2 2 2 2 2 2 2 2 2 2 2 2 2 2 2 2 2 2 2 2 2 2 2 2 2 2 2 2 2
left_child=1 8 3 -2 5 6 -5 18 20 -10 -4 -8 -9 -3 -15 -16 -14 -12 19 -6 -1 -19 -22 -18 25 -24 28 -28 -26 -21
right_child=2 13 10 4 7 -7 11 12 9 -11 17 -13 16 14 15 -17 23 21 -20 29 22 -23 24 -25 26 -27 27 -29 -30 -31
leaf_value=-0.1799350796452204 0.077038664491502221 0.026400958865064467 0.0095841044353114236 1.0407551599873437 0.33937696432455994 0.43453847145730706 0.54864463743288072 0.73914251565933231 0.1069075880944729 -0.10910680773244663 0.084630494862794892 0.77757309336553926 0.65168027821041297 -0.054634821026221574 0.078866433633794628 0.357540213926272 0.40330244458534503 0.34212671935558325 0.51112009672018199 0.43215494832094709 -0.23944896102854699 0.18291406709214916 0.015180317773705439 0.54887638471343303 -0.16098648115255676 -0.13623824392445386 -0.21374837699390592 -0.1186131988540292 -0.22101345811531231 0.52019984393284247
leaf_weight=674 27 365 27 27 39 27 32 20 20 121 20 22 21 23 43 22 22 20 65 79 33 23 21 22 364 160 21 150 53 29
leaf_count=674 27 365 27 27 39 27 32 20 20 121 20 22 21 23 43 22 22 20 65 79 33 23 21 22 364 160 21 150 53 29
internal_value=1.32485e-10 -0.113371 0.449574 0.513141 0.542214 0.689779 0.77486 0.488554 -0.157276 -0.0784665 0.144455 0.641912 0.581366 0.0433485 0.113643 0.173187 0.532819 0.202257 0.451342 0.42491 -0.164804 0.256966 -0.152088 0.476089 -0.148339 -0.11867 -0.157472 -0.130296 -0.168616 0.455797
internal_weight=2592 2070 522 432 405 108 81 297 1617 141 90 54 85 453 88 65 65 63 212 147 1476 43 802 44 769 181 588 171 417 108
internal_count=2592 2070 522 432 405 108 81 297 1617 141 90 54 85 453 88 65 65 63 212 147 1476 43 802 44 769 181 588 171 417 108
is_linear=0
shrinkage=0.05


Tree=55
num_leaves=31
num_cat=0
split_feature=7 0 0 0 10 9 9 9 12 12 8 10 10 10 9 2 5 0 7 12 11 12 9 2 7 2 9 0 12 3
split_gain=47803.5 6486.85 2294.45 1515.96 874.016 806.681 748.857 630.016 373.896 240.008 203.129 255.763 202.058 170.039 149.981 147.508 143.108 135.809 128.236 110.157 106.933 104.375 98.5182 91.4404 84.6815 74.0733 70.4349 66.3116 68.2495 66.0649
threshold=157.36000000000004 55.500000000000007 88.500000000000014 92.500000000000014 161.76000000000002 295.61500000000007 149.89500000000001 95.795000000000016 93.576718750000012 94.734531250000018 104.22000000000001 125.38000000000001 52.485000000000007 265.09500000000008 152.71500000000003 37.500000000000007 31.685000000000006 24.500000000000004 54.835000000000008 96.749166666666682 227.68625000000003 99.354322916666689 269.54500000000002 37.500000000000007 109.02000000000002 37.500000000000007 260.70500000000004 56.500000000000007 94.81854166666669 3.5000000000000004
decision_type=2 2 2 2 2 2 2 2 2 2 2 2 2 2 2 2 2 2 2 2 2 2 2 2 2 2 2 2 2 2
left_child=1 12 5 4 7 6 -2 -3 20 -7 16 -12 -1 21 -4 -13 -9 -14 -19 -5 -8 25 23 -22 27 26 -10 -18 -29 -15
right_child=2 3 14 19 -6 9 8 10 13 -11 11 15 17 29 -16 -17 24 18 -20 -21 22 -23 -24 -25 -26 -27 -28 28 -30 -31
leaf_value=-0.16260428702074295 0.76424780346098409 0.28906973765956029 0.070939452228722749 -0.22144596592656207 0.38293832555590646 0.5732528191059828 0.28505141161382203 -0.11867860198020935 0.45170778743331397 0.77848340920333214 0.050496837178282628 0.28482121288776402 0.0086227451197125708 0.5236977619509543 0.23919033754903538 0.095087496510573799 0.08411226020409511 -0.17829266567573404 -0.090283592418675229 -0.10474864464396468 0.40453232501594116 0.56511004666487386 0.3098066395521164 0.52119714997031474 0.10225230599088329 0.51633606110849695 0.34400730416178704 -0.033756223695381775 0.028227646603733766 0.63177277480180449
leaf_weight=1313 21 27 27 42 21 28 20 20 63 29 199 20 22 31 26 21 26 66 111 39 71 24 20 22 28 31 20 85 93 26
leaf_count=1313 21 27 27 42 21 28 20 20 63 29 199 20 22 31 26 21 26 66 111 39 71 24 20 22 28 31 20 85 93 26
internal_value=4.32852e-11 -0.0996078 0.462883 0.0364494 0.0667056 0.503274 0.474791 0.0539101 0.456259 0.677668 0.041005 0.0739256 -0.155488 0.500346 0.153478 0.187641 0.009652 -0.108538 -0.123101 -0.165258 0.391619 0.470339 0.41048 0.43213 0.020715 0.450387 0.425756 0.00952358 -0.00137139 0.572995
internal_weight=2592 2133 459 621 540 406 349 519 328 57 492 240 1512 195 53 41 252 199 177 81 133 138 113 93 232 114 83 204 178 57
internal_count=2592 2133 459 621 540 406 349 519 328 57 492 240 1512 195 53 41 252 199 177 81 133 138 113 93 232 114 83 204 178 57
is_linear=0
shrinkage=0.05


Tree=56
num_leaves=31
num_cat=0
split_feature=7 0 0 0 10 9 9 9 12 12 11 10 7 0 11 10 5 11 2 7 0 3 12 12 8 12 3 12 11 0
split_gain=43142.7 5854.38 2070.74 1368.16 788.799 728.03 675.843 568.59 338.438 216.607 184.151 183.223 180.065 307.63 238.062 171.269 185.234 138.545 113.599 218.599 127.953 111.027 99.6065 65.6039 71.0953 62.4412 103.593 59.2913 87.4691 68.8888
threshold=157.36000000000004 55.500000000000007 88.500000000000014 92.500000000000014 161.76000000000002 295.61500000000007 149.89500000000001 95.795000000000016 94.577656250000004 94.734531250000018 183.42000000000002 48.375000000000007 122.21500000000002 69.500000000000014 107.2375 234.05000000000004 28.410000000000004 229.4425 1.0000000180025095e-35 267.78500000000003 84.500000000000014 3.5000000000000004 96.78723958333336 100.23817708333335 111.355 99.585989583333358 4.5000000000000009 89.957135416666674 56.569999999999972 27.500000000000004
decision_type=2 2 2 2 2 2 2 2 2 2 2 2 2 2 2 2 2 2 2 2 2 2 2 2 2 2 2 2 2 2
left_child=1 11 5 4 7 6 -2 -3 18 -7 12 25 13 23 -15 -10 -17 -4 -8 20 -20 -14 -5 24 -9 -1 -27 -13 29 -29
right_child=2 3 17 22 -6 9 8 10 15 -11 -12 27 21 14 -16 16 -18 -19 19 -21 -22 -23 -24 -25 -26 26 -28 28 -30 -31
leaf_value=-0.15937934243972993 0.72603541385559811 0.27461625181690413 0.075020519370834038 -0.20911839749923972 0.36379141743694032 0.54459016257897019 0.30517580728781857 0.0088349522576116179 0.38849656319147663 0.73955925291982194 0.18755856812000277 -0.04575126669712036 0.011353659900751982 0.042931183262003791 0.22235817196533869 0.47153924396163538 0.60215702927426296 0.23812968834586767 0.49507606929423764 0.28509115373779992 0.37476673951515788 -0.15141930446028709 -0.098014216272062388 0.086051875407606171 0.096664786472916611 -0.091890400541114053 -0.17128088576336431 -0.10898575181210485 -0.065672878921031949 -0.18036880756583837
leaf_weight=1114 21 27 30 43 21 28 38 294 38 29 20 34 22 36 38 95 38 23 51 29 39 20 38 37 25 94 73 81 58 58
leaf_count=1114 21 27 30 43 21 28 38 294 38 29 20 34 22 36 38 95 38 23 51 29 39 20 38 37 25 94 73 81 58 58
internal_value=3.14214e-10 -0.0946274 0.439739 0.034627 0.0633703 0.47811 0.451051 0.0512146 0.433446 0.643785 0.0389547 -0.147714 0.0326579 0.0423096 0.135069 0.482111 0.508859 0.145804 0.38044 0.404474 0.442942 -0.0661573 -0.156995 0.0230281 0.0157182 -0.155105 -0.126594 -0.106726 -0.11725 -0.138771
internal_weight=2592 2133 459 621 540 406 349 519 328 57 492 1512 472 430 74 171 133 53 157 119 90 42 81 356 319 1281 167 231 197 139
internal_count=2592 2133 459 621 540 406 349 519 328 57 492 1512 472 430 74 171 133 53 157 119 90 42 81 356 319 1281 167 231 197 139
is_linear=0
shrinkage=0.05


Tree=57
num_leaves=31
num_cat=0
split_feature=7 0 0 0 11 10 0 8 10 0 3 12 0 10 9 10 2 0 9 6 0 5 0 12 7 6 3 12 7 12
split_gain=38936.3 5283.58 1868.85 1234.76 743.433 948.369 664.11 928.523 1146.34 448.112 415.516 297.304 296.614 268.936 199.033 165.658 152.266 140.727 129.461 125.402 121.014 120.068 168.962 116.277 106.273 93.1896 90.9177 84.6756 79.6635 78.5723
threshold=157.36000000000004 55.500000000000007 88.500000000000014 92.500000000000014 110.99125000000002 156.08000000000001 83.500000000000014 108.71500000000002 156.08000000000001 76.500000000000014 1.5000000000000002 94.360677083333343 56.500000000000007 277.44000000000005 279.84500000000008 52.485000000000007 37.500000000000007 91.500000000000014 152.71500000000003 20.525000000000002 24.500000000000004 31.685000000000006 69.500000000000014 96.538072916666678 54.580000000000005 12.885000000000002 3.5000000000000004 96.488072916666695 98.660000000000011 91.580364583333349
decision_type=2 2 2 2 2 2 2 2 2 2 2 2 2 2 2 2 2 2 2 2 2 2 2 2 2 2 2 2 2 2
left_child=1 15 6 4 12 10 7 -2 -9 14 -6 16 -3 19 -10 -1 29 27 -4 -13 -17 -14 28 -8 -22 -5 -24 -12 -23 -11
right_child=2 3 18 25 5 -7 23 8 9 11 17 13 21 -15 -16 20 -18 -19 -20 -21 24 22 26 -25 -26 -27 -28 -29 -30 -31
leaf_value=-0.14677140937246713 0.19543008755730548 0.18479842035858721 0.061829130185974968 -0.07922014566138387 0.28311361969821153 0.45180081599898153 0.32393295512749604 0.89048007428646092 0.50345080466497516 0.26970568947170093 0.039084249219402324 0.52525685821708878 -0.10602385077625515 0.64960313792581914 0.70155152566730983 0.012778609652410856 0.49589129307053303 -0.0637452244013548 0.21814737947514426 0.3909172278654296 -0.1636798539923297 -0.048511271128706915 0.1739373972862959 0.41788362097321896 -0.082761894454035853 -0.19027834058392282 0.030911268889904021 0.1455634118897389 0.018457086801278638 0.39009220726562271
leaf_weight=1313 23 27 27 30 25 23 78 20 21 23 43 38 20 27 32 22 22 20 26 32 63 54 25 57 114 51 20 33 250 33
leaf_count=1313 23 27 27 30 25 23 78 20 21 23 43 38 20 27 32 22 22 20 26 32 63 54 25 57 114 51 20 33 250 33
internal_value=-2.11862e-10 -0.089896 0.417752 0.0328956 0.0602018 0.15749 0.454204 0.499339 0.527524 0.495686 0.101547 0.45711 0.0248243 0.51555 0.623059 -0.140328 0.384434 0.0542637 0.138514 0.463844 -0.0978169 0.0131188 0.0199465 0.363601 -0.111563 -0.149146 0.11037 0.0853186 0.00656139 0.340648
internal_weight=2592 2133 459 621 540 144 406 271 248 228 121 175 396 97 53 1512 78 96 53 70 199 369 349 135 177 81 45 76 304 56
internal_count=2592 2133 459 621 540 144 406 271 248 228 121 175 396 97 53 1512 78 96 53 70 199 369 349 135 177 81 45 76 304 56
is_linear=0
shrinkage=0.05


Tree=58
num_leaves=31
num_cat=0
split_feature=7 0 0 0 11 10 0 8 10 0 3 12 0 6 8 9 10 2 0 12 11 5 0 12 12 3 12 9 7 3
split_gain=35140 4768.43 1686.63 1114.37 670.948 855.903 599.36 837.992 1034.57 404.421 375.003 268.317 267.695 245.812 201.473 179.627 150.533 137.42 127.006 124.144 119.559 108.361 152.488 104.94 89.2183 82.0532 76.4197 74.0246 71.8963 63.7253
threshold=157.36000000000004 55.500000000000007 88.500000000000014 92.500000000000014 110.99125000000002 156.08000000000001 83.500000000000014 108.71500000000002 156.08000000000001 76.500000000000014 1.5000000000000002 94.360677083333343 56.500000000000007 21.505000000000006 278.71000000000009 279.84500000000008 48.375000000000007 37.500000000000007 91.500000000000014 96.444843750000018 229.4425 31.685000000000006 69.500000000000014 96.538072916666678 96.749166666666682 3.5000000000000004 96.488072916666695 267.96000000000009 98.660000000000011 2.5000000000000004
decision_type=2 2 2 2 2 2 2 2 2 2 2 2 2 2 2 2 2 2 2 2 2 2 2 2 2 2 2 2 2 2
left_child=1 16 6 4 12 10 7 -2 -9 15 -6 17 -3 14 -13 -10 -1 27 26 -16 -4 -14 28 29 -5 -24 -12 -11 -23 -8
right_child=2 3 20 24 5 -7 23 8 9 11 18 13 21 -15 19 -17 -18 -19 -20 -21 -22 22 25 -25 -26 -27 -28 -29 -30 -31
leaf_value=-0.14001139169989649 0.18565858310979347 0.17555849949518842 0.065833258604009945 -0.19225480020755814 0.26895793858170508 0.42921076864004137 0.25496133656212777 0.84595606744289398 0.47827826979614446 0.38110159167221619 0.037130037985395555 0.6738720615704854 -0.10072265777736902 0.37892739583145491 0.40192813033407387 0.66647395398467779 -0.096160192294973579 0.47109672860665763 -0.060557964146137233 0.57188765491758076 0.21735477460467301 -0.046085706829196882 0.16524052697420122 0.39698943987227325 -0.087232260138560572 0.029365707933902741 0.13828524003426235 0.2661291197474514 0.017534232755750417 0.34643794669045347
leaf_weight=1281 23 27 30 42 25 23 33 20 21 28 43 21 20 33 22 32 231 22 20 21 23 54 25 57 39 20 33 28 250 45
leaf_count=1281 23 27 30 42 25 23 33 20 21 28 43 21 20 33 22 32 231 22 20 21 23 54 25 57 39 20 33 28 250 45
internal_value=-2.35283e-10 -0.0854012 0.396865 0.0312508 0.0571917 0.149616 0.431494 0.474372 0.501148 0.470902 0.0964694 0.434255 0.023583 0.489773 0.546928 0.591906 -0.133312 0.365213 0.0515505 0.484932 0.131588 0.0124629 0.0189492 0.345421 -0.141688 0.104852 0.0810527 0.323615 0.00623332 0.307736
internal_weight=2592 2133 459 621 540 144 406 271 248 228 121 175 396 97 64 53 1512 78 96 43 53 369 349 135 81 45 76 56 304 78
internal_count=2592 2133 459 621 540 144 406 271 248 228 121 175 396 97 64 53 1512 78 96 43 53 369 349 135 81 45 76 56 304 78
is_linear=0
shrinkage=0.05


Tree=59
num_leaves=31
num_cat=0
split_feature=7 0 0 0 9 0 8 10 9 7 7 5 12 12 10 9 5 2 11 10 9 0 6 7 0 11 0 7 12 11
split_gain=31713.8 4303.51 1522.19 1005.72 609.316 551.016 1000.73 803.155 503.145 311.785 439.412 207.067 168.159 164.856 319.837 136.664 129.042 123.829 113.855 112.418 93.4115 84.4214 83.4156 78.7343 78.6199 76.145 107.594 74.9246 70.8591 68.9177
threshold=157.36000000000004 55.500000000000007 88.500000000000014 92.500000000000014 161.04500000000004 79.500000000000014 111.355 252.23000000000002 95.795000000000016 292.82500000000005 324.85500000000008 29.425000000000004 96.822135416666683 90.710104166666682 125.38000000000001 45.095000000000006 31.410000000000004 1.0000000180025095e-35 271.09875000000005 156.08000000000001 102.16000000000001 59.500000000000007 12.885000000000002 48.035000000000004 84.500000000000014 41.596249999999991 25.500000000000004 39.560000000000009 96.961718750000003 37.511249999999997
decision_type=2 2 2 2 2 2 2 2 2 2 2 2 2 2 2 2 2 2 2 2 2 2 2 2 2 2 2 2 2 2
left_child=1 15 5 4 8 6 -2 -8 -3 11 -11 -9 17 16 20 23 -10 -7 -14 -4 21 -15 -5 29 -19 27 -27 -17 -22 -1
right_child=2 3 19 22 -6 12 7 9 13 10 -12 -13 18 14 -16 25 -18 24 -20 -21 28 -23 -24 -25 -26 26 -28 -29 -30 -31
leaf_value=-0.16561336316003958 0.19665471196461182 0.25299624850697539 0.056200053542852402 -0.068446999394024419 0.30060337317797048 0.26832942522775671 0.81179953488436629 0.45123015667001409 -0.1408067167160057 0.28483307076727643 0.56780270260313281 0.643050220082788 0.37301588823210519 0.16278074991423638 0.18643880217439601 -0.087652969124416516 0.0035191129451080903 0.40392991694537078 0.49131994139064439 0.20207393133570442 0.00067679216551720797 0.045938742404373796 -0.17351983987233219 -0.20535086344339348 0.31730068838596348 -1.8734810873866083e-05 -0.097898024392993443 -0.19464277728564211 0.052268129982985558 -0.12770177069885619
leaf_weight=136 26 27 28 30 24 52 22 24 21 34 23 34 53 22 36 30 59 55 33 25 199 52 51 38 50 32 229 36 100 1011
leaf_count=136 26 27 28 30 24 52 22 24 21 34 23 34 53 22 36 30 59 55 33 25 199 52 51 38 50 32 229 36 100 1011
internal_value=2.03019e-10 -0.0811312 0.377021 0.0296883 0.0543321 0.40992 0.481041 0.535012 0.0428777 0.482061 0.399014 0.563676 0.362213 0.031276 0.0441156 -0.126646 -0.0343664 0.331429 0.418412 0.125008 0.0303793 0.0806756 -0.134604 -0.134543 0.362678 -0.0980305 -0.0858975 -0.146011 0.0179314 -0.132197
internal_weight=2592 2133 459 621 540 406 163 137 516 115 57 58 243 489 409 1512 80 157 86 53 373 74 81 1185 105 327 261 66 299 1147
internal_count=2592 2133 459 621 540 406 163 137 516 115 57 58 243 489 409 1512 80 157 86 53 373 74 81 1185 105 327 261 66 299 1147
is_linear=0
shrinkage=0.05


Tree=60
num_leaves=31
num_cat=0
split_feature=7 0 0 0 11 10 0 8 9 0 3 7 0 9 12 10 2 11 0 11 11 5 0 7 12 3 11 7 7 12
split_gain=28621.7 3883.92 1373.77 907.662 582.585 725.578 497.292 903.602 585.409 361.252 325.055 284.391 237.323 198.541 151.763 124.263 111.756 111.08 107.855 103.619 102.754 96.5884 133.486 85.8502 79.8685 74.3418 72.2483 71.629 70.8234 66.3255
threshold=157.36000000000004 55.500000000000007 88.500000000000014 92.500000000000014 110.99125000000002 156.08000000000001 79.500000000000014 108.71500000000002 250.67500000000004 76.500000000000014 1.5000000000000002 324.85500000000008 56.500000000000007 279.84500000000008 96.822135416666683 44.550000000000004 1.0000000180025095e-35 41.21875 91.500000000000014 229.4425 271.09875000000005 31.685000000000006 69.500000000000014 43.545000000000009 96.749166666666682 3.5000000000000004 261.00875000000002 40.085000000000008 253.70000000000002 96.488072916666695
decision_type=2 2 2 2 2 2 2 2 2 2 2 2 2 2 2 2 2 2 2 2 2 2 2 2 2 2 2 2 2 2
left_child=1 15 6 4 12 10 7 -2 -9 28 -6 13 -3 -11 16 -1 -8 27 29 -4 -16 -14 -23 -19 -5 -24 -18 -17 -10 -12
right_child=2 3 19 24 5 -7 14 8 9 11 18 -13 21 -15 20 17 26 23 -20 -21 -22 22 25 -25 -26 -27 -28 -29 -30 -31
leaf_value=-0.12834149965967914 0.16654291982236116 0.16339275881096171 0.057543486480911579 -0.17571728187834934 0.24939646235108379 0.39516875530066703 0.25491295678254505 0.74809301656981309 0.50380632181962326 0.44169763132929801 0.033252945784912551 0.52934628649055959 -0.097032714486122135 0.23543423068310534 0.35436509060409838 -0.11651227400396709 0.31892387216028417 -0.0069534449917929512 -0.056326219290494917 0.19860315646814264 0.46675394087126759 0.0040543452233051591 0.15380482551455499 -0.090584198341342112 -0.076349995626757539 0.024472254142165185 0.41168643523906845 -0.22187788201415024 0.62836027908325198 0.12749088819731366
leaf_weight=1151 23 27 30 42 25 23 52 21 21 20 43 25 20 28 53 54 76 35 20 23 33 304 25 249 39 20 29 23 25 33
leaf_count=1151 23 27 30 42 25 23 52 21 21 20 43 25 20 28 53 54 76 35 20 23 33 304 25 249 39 20 29 23 25 33
internal_value=-9.26079e-11 -0.0770746 0.35817 0.0282039 0.0516155 0.137739 0.389424 0.456989 0.504705 0.461754 0.0888055 0.3926 0.0202981 0.321377 0.344102 -0.120314 0.314857 -0.0947194 0.0469849 0.118758 0.397491 0.00982773 0.0159515 -0.0802776 -0.127874 0.0963237 0.344544 -0.147985 0.571499 0.0741721
internal_weight=2592 2133 459 621 540 144 406 163 140 119 121 73 396 48 243 1512 157 361 96 53 86 369 349 284 81 45 105 77 46 76
internal_count=2592 2133 459 621 540 144 406 163 140 119 121 73 396 48 243 1512 157 361 96 53 86 369 349 284 81 45 105 77 46 76
is_linear=0
shrinkage=0.05


Tree=61
num_leaves=31
num_cat=0
split_feature=7 0 0 0 11 10 9 9 3 12 0 5 12 12 9 6 10 10 0 5 0 6 6 7 3 11 0 11 7 3
split_gain=25831.1 3505.24 1239.83 819.165 525.783 654.834 449.258 502.412 293.362 249.038 214.184 197.749 153.234 117.884 115.029 107.467 133.516 97.4699 97.3395 87.171 120.471 80.6677 76.2522 70.9629 67.0935 64.0543 95.2643 67.3199 66.172 62.3471
threshold=157.36000000000004 55.500000000000007 88.500000000000014 92.500000000000014 110.99125000000002 156.08000000000001 295.61500000000007 159.14000000000001 1.5000000000000002 96.444843750000018 56.500000000000007 28.410000000000004 94.734531250000018 90.798593750000023 45.095000000000006 6.4050000000000011 266.07500000000005 156.08000000000001 91.500000000000014 31.685000000000006 69.500000000000014 19.390000000000004 15.890000000000002 48.035000000000004 3.5000000000000004 41.596249999999991 25.500000000000004 56.569999999999972 39.560000000000009 3.5000000000000004
decision_type=2 2 2 2 2 2 2 2 2 2 2 2 2 2 2 2 2 2 2 2 2 2 2 2 2 2 2 2 2 2
left_child=1 14 6 4 10 8 7 -2 -6 13 -3 21 -8 29 23 -15 -17 -4 -10 -12 -21 -11 -5 -1 -22 28 -27 -28 -16 -9
right_child=2 3 17 22 5 -7 12 9 18 11 19 -13 -14 15 25 16 -18 -19 -20 20 24 -23 -24 -25 -26 26 27 -29 -30 -31
leaf_value=-0.11931577751076734 0.57998277274045085 0.15522312257024978 0.048749632800796201 -0.069874557757161948 0.23692664706707003 0.37541033010119979 0.41666666120290757 0.1764980581899484 0.070463449210173598 0.40480887169061708 -0.092181079722940928 0.50702110539589618 0.58065293698475284 0.22273861901915593 -0.077208122983574878 0.30825342269753048 0.4203799188942523 0.18457914802432063 -0.053509909212589274 0.003851627414788757 0.14611458372324707 0.31051449611162152 -0.16708496882645196 -0.18876560859774288 0.023248642086982726 0.0038916798715945334 -0.10545946615948086 -0.045605406874903678 -0.17775467949298521 0.28461876625816029
leaf_weight=1147 22 27 28 38 25 23 28 24 76 43 20 28 29 23 30 94 37 25 20 304 25 48 43 38 20 32 163 66 36 30
leaf_count=1147 22 27 28 38 25 23 28 24 76 43 20 28 29 23 30 94 37 25 20 304 25 48 43 38 20 32 163 66 36 30
internal_value=1.14468e-10 -0.0732209 0.340262 0.0267937 0.0490347 0.130852 0.369952 0.348696 0.0843652 0.333136 0.0192832 0.390824 0.500098 0.300132 -0.114298 0.322421 0.339923 0.11282 0.0446357 0.00933634 0.015154 0.355071 -0.12148 -0.121543 0.0915075 -0.088045 -0.0769169 -0.088209 -0.132052 0.236565
internal_weight=2592 2133 459 621 540 144 406 349 121 327 396 119 57 208 1512 154 131 53 96 369 349 91 81 1185 45 327 261 229 66 54
internal_count=2592 2133 459 621 540 144 406 349 121 327 396 119 57 208 1512 154 131 53 96 369 349 91 81 1185 45 327 261 229 66 54
is_linear=0
shrinkage=0.05


Tree=62
num_leaves=31
num_cat=0
split_feature=7 0 0 0 11 10 8 0 10 9 7 11 9 0 6 9 11 0 11 12 10 0 12 2 12 10 7 11 7 11
split_gain=23312.6 3163.47 1118.95 739.297 474.519 590.988 441.306 933.552 291.195 268.429 224.436 204.83 210.327 193.301 119.35 103.814 93.2656 149.48 90.0422 86.4342 80.0575 114.928 76.0191 87.2198 72.1902 66.7371 64.044 61.8105 60.7524 57.809
threshold=157.36000000000004 55.500000000000007 88.500000000000014 92.500000000000014 110.99125000000002 156.08000000000001 108.71500000000002 77.500000000000014 270.99500000000006 99.365000000000023 292.82500000000005 281.185 247.66500000000005 56.500000000000007 9.9950000000000028 45.095000000000006 183.42000000000002 73.500000000000014 224.60000000000002 95.553333333333342 118.18000000000002 69.500000000000014 96.822135416666683 1.0000000180025095e-35 96.749166666666682 109.31500000000001 48.035000000000004 38.043749999999996 98.660000000000011 41.596249999999991
decision_type=2 2 2 2 2 2 2 2 2 2 2 2 2 2 2 2 2 2 2 2 2 2 2 2 2 2 2 2 2 2
left_child=1 15 6 4 13 9 -2 8 -8 -6 -10 22 -13 -3 -14 26 17 25 -4 -16 21 28 23 -9 -5 -11 27 -1 -15 -17
right_child=2 3 18 24 5 -7 7 11 10 16 -12 12 14 20 19 29 -18 -19 -20 -21 -22 -23 -24 -25 -26 -27 -28 -29 -30 -31
leaf_value=-0.14070479356816837 0.13873284407283948 0.14746196556974342 0.023465330898761752 -0.16089170346191775 0.24750156342983246 0.35663980219675151 0.67116369612160187 0.21193012960064106 0.54038925662494475 0.029624568229472199 0.35348366695488326 0.5295908147096634 0.44224258874143874 -0.044434658748408157 0.36744353005831898 -0.12544911410095114 0.14370096251368522 -0.056727326486040563 0.15791479684976917 0.22728596148927782 -0.085936887278443286 0.090117719176818031 0.34095710514829713 0.29916538309167934 -0.066421563465831779 0.15012978500686588 -0.17932732661597825 -0.1084249980399412 0.01404728684797883 -0.073071073209759835
leaf_weight=175 23 27 20 42 20 23 21 39 36 27 29 20 21 54 22 66 20 34 33 22 21 44 65 108 39 20 38 972 250 261
leaf_count=175 23 27 20 42 20 23 21 39 36 27 29 20 21 54 22 66 20 34 33 22 21 44 65 108 39 20 38 972 250 261
internal_value=-5.64527e-11 -0.0695598 0.323249 0.025454 0.046583 0.124309 0.351455 0.364229 0.509296 0.0801469 0.457001 0.322223 0.3878 0.018319 0.344171 -0.108583 0.0470074 0.0231325 0.107179 0.297365 0.00886953 0.0145906 0.295931 0.276021 -0.115406 0.0809034 -0.115466 -0.11335 0.00365905 -0.0836428
internal_weight=2592 2133 459 621 540 144 406 383 86 121 65 297 85 396 65 1512 101 81 53 44 369 348 212 147 81 47 1185 1147 304 327
internal_count=2592 2133 459 621 540 144 406 383 86 121 65 297 85 396 65 1512 101 81 53 44 369 348 212 147 81 47 1185 1147 304 327
is_linear=0
shrinkage=0.05


Tree=63
num_leaves=31
num_cat=0
split_feature=7 0 0 0 11 7 8 8 0 10 12 12 12 11 2 7 7 12 10 11 10 5 7 9 7 10 0 0 12 9
split_gain=21039.6 2855.04 1009.85 667.215 431.886 608.648 1322.23 398.279 842.53 262.803 222.616 215.955 203.203 193.34 96.8671 116.803 106.352 109.645 94.9191 89.2612 86.2714 84.472 82.0487 96.0732 92.1646 75.4386 94.6996 75.2509 70.2524 70.9363
threshold=157.36000000000004 55.500000000000007 88.500000000000014 92.500000000000014 111.3075 142.53500000000003 111.58000000000001 108.71500000000002 77.500000000000014 270.99500000000006 94.577656250000004 92.69630208333335 89.295520833333356 306.17750000000007 1.0000000180025095e-35 257.64000000000004 282.68000000000006 96.089531250000007 44.550000000000004 41.21875 141.28500000000003 25.985000000000003 46.160000000000004 43.925000000000004 54.580000000000005 118.18000000000002 69.500000000000014 71.500000000000014 91.193281249999998 102.16000000000001
decision_type=2 2 2 2 2 2 2 2 2 2 2 2 2 2 2 2 2 2 2 2 2 2 2 2 2 2 2 2 2 2
left_child=1 18 7 4 12 6 -6 -2 9 -9 -11 -8 -3 14 21 -16 17 -17 -1 -20 -4 -10 23 -21 -24 26 28 -13 -14 -30
right_child=2 3 20 -5 5 -7 11 8 13 10 -12 27 25 -15 15 16 -18 -19 19 22 -22 -23 24 -25 -26 -27 -28 -29 29 -31
leaf_value=-0.11017016404082058 0.13179619986078014 0.17396475061774255 0.031697437570740776 -0.10963577660789461 0.49394022178649905 -0.090046517937271697 -0.040516537198653592 0.63760550696225404 0.28722526139991228 0.34018402782967316 0.52526965701218808 0.069313829347491265 -0.043423574700437749 0.43368345024409116 0.28177024318156763 0.49040410220623021 0.2625359340570867 0.34286494767841175 -0.12853348885070195 -0.059927242669357887 0.15985281775737634 0.17563086468061168 -0.12417542932608379 0.069141203701673523 -0.057126701908332037 -0.081640038249038524 0.08460476971654729 0.18590586954547514 0.067868772653693496 0.0040175788104534153
leaf_weight=1151 23 20 24 81 25 27 26 21 43 32 33 25 58 27 125 20 20 34 77 46 29 28 83 21 134 21 44 31 55 208
leaf_count=1151 23 20 24 81 25 27 26 21 43 32 33 25 58 27 125 20 20 34 77 46 29 28 83 21 134 21 44 31 55 208
internal_value=-1.30134e-11 -0.0660818 0.307086 0.0241813 0.0442539 0.122088 0.175617 0.333882 0.346018 0.483831 0.434151 0.078567 0.0185649 0.306112 0.293355 0.311244 0.36103 0.397509 -0.103154 -0.0807848 0.10182 0.243216 -0.0678388 -0.019473 -0.0827721 0.0105131 0.015815 0.133856 0.00638589 0.0173705
internal_weight=2592 2133 459 621 540 134 107 406 383 86 65 82 406 297 270 199 74 54 1512 361 53 71 284 67 217 386 365 56 321 263
internal_count=2592 2133 459 621 540 134 107 406 383 86 65 82 406 297 270 199 74 54 1512 361 53 71 284 67 217 386 365 56 321 263
is_linear=0
shrinkage=0.05


Tree=64
num_leaves=31
num_cat=0
split_feature=7 0 0 0 9 12 8 0 10 11 11 9 12 10 2 7 7 12 9 11 7 12 8 11 6 7 11 12 11 3
split_gain=18988.2 2576.67 911.389 602.162 427.532 429.977 364.925 855.525 383.403 218.05 174.49 142.875 113.323 105.489 87.4225 105.414 95.9829 98.9548 86.4435 81.5726 79.4659 78.4475 75.026 122.43 68.9211 57.5529 55.8318 53.3288 65.2486 58.2628
threshold=157.36000000000004 55.500000000000007 88.500000000000014 92.500000000000014 161.04500000000004 87.556145833333346 111.58000000000001 77.500000000000014 298.52000000000004 183.42000000000002 306.17750000000007 324.85500000000008 90.306927083333349 136.94000000000003 1.0000000180025095e-35 257.64000000000004 282.68000000000006 96.089531250000007 45.095000000000006 229.4425 105.39000000000001 96.993541666666701 40.970000000000006 58.726249999999986 15.890000000000002 48.035000000000004 37.511249999999997 89.957135416666674 56.569999999999972 4.5000000000000009
decision_type=2 2 2 2 2 2 2 2 2 2 2 2 2 2 2 2 2 2 2 2 2 2 2 2 2 2 2 2 2 2
left_child=1 18 6 4 5 -3 -2 8 -8 12 14 -10 20 22 21 -16 17 -17 25 -4 -7 -9 -14 -24 -5 26 -1 -20 29 -29
right_child=2 3 19 24 -6 9 7 10 11 -11 -12 -13 13 -15 15 16 -18 -19 27 -21 -22 -23 23 -25 -26 -27 -28 28 -30 -31
leaf_value=-0.13234812900670531 0.14301701656409674 0.25974324762821199 0.042415726824353142 -0.055091906456570874 0.24833047290643059 -0.0064780363509821335 0.61979311488825706 0.19349872943885782 0.46386389852191012 0.18501311048865321 0.4119992755077504 0.29610825153914366 -0.067645625770092019 0.13014973635258884 0.26768173032999043 0.46588389575481415 0.24940913639962675 0.3257217004456941 -0.015962899999473902 0.16757282102885454 -0.12513860433938959 0.3046038572986921 0.1457346345484257 0.018501009377839335 -0.14751117615852247 -0.16481559459904307 -0.098225101031700179 -0.0745756423975132 -0.034621873314909894 -0.12601549762555145
leaf_weight=136 28 20 30 38 24 43 29 47 30 20 27 22 23 23 125 20 20 34 34 23 21 24 20 346 43 38 1011 147 58 88
leaf_count=136 28 20 30 38 24 43 29 47 30 20 27 22 23 23 125 20 20 34 34 23 21 24 20 346 43 38 1011 147 58 88
internal_value=-8.17422e-12 -0.0627778 0.291732 0.0229722 0.0420412 0.0324463 0.317188 0.330089 0.474127 0.0232811 0.290806 0.39289 0.0164857 0.0261011 0.278687 0.295681 0.342978 0.377634 -0.0979965 0.0967292 -0.0454135 0.231055 0.0199491 0.0254537 -0.104154 -0.104277 -0.102271 -0.0752379 -0.0821162 -0.0938382
internal_weight=2592 2133 459 621 540 516 406 378 81 496 297 52 476 412 270 199 74 54 1512 53 64 71 389 366 81 1185 1147 327 293 235
internal_count=2592 2133 459 621 540 516 406 378 81 496 297 52 476 412 270 199 74 54 1512 53 64 71 389 366 81 1185 1147 327 293 235
is_linear=0
shrinkage=0.05


Tree=65
num_leaves=31
num_cat=0
split_feature=7 0 0 0 5 2 12 9 9 5 0 12 12 9 11 12 6 12 6 10 8 10 11 7 9 7 10 12 7 9
split_gain=17136.9 2325.44 822.529 543.451 401.327 681.089 527.931 347.541 377.84 335.024 233.854 193.045 191.916 126.878 105.212 92.8513 93.8629 88.7912 91.7338 97.1151 85.3375 78.297 76.287 76.8556 84.8499 77.2528 75.7924 66.1795 63.0705 61.548
threshold=157.36000000000004 55.500000000000007 88.500000000000014 92.500000000000014 30.465000000000003 22.500000000000004 89.234531250000018 149.89500000000001 295.61500000000007 31.290000000000003 69.500000000000014 96.444843750000018 97.040937500000013 324.85500000000008 110.43125000000002 97.536979166666683 22.875000000000004 90.798593750000023 6.4050000000000011 266.07500000000005 276.47000000000008 44.550000000000004 41.21875 46.160000000000004 43.925000000000004 54.580000000000005 141.28500000000003 93.576718750000012 40.085000000000008 52.260000000000012
decision_type=2 2 2 2 2 2 2 2 2 2 2 2 2 2 2 2 2 2 2 2 2 2 2 2 2 2 2 2 2 2
left_child=1 21 7 4 5 -3 -6 -2 11 -8 -11 17 -13 -10 -12 -14 20 -9 -19 -20 -17 -1 28 24 -24 -25 -4 -5 -23 -29
right_child=2 3 26 27 6 -7 9 8 13 10 14 12 15 -15 -16 16 -18 18 19 -21 -22 22 23 25 -26 -27 -28 29 -30 -31
leaf_value=-0.09946877396138358 0.49940406807831361 -0.013877830530206362 0.026166570186614991 -0.15487207853002474 0.2757185943983495 0.31529557628161986 -0.16103194060807047 0.1857171784810446 0.47296251268549405 0.0075664979397961647 0.067293901042656368 0.45787928444998605 0.19812348130203428 0.32187201461444298 0.20105950513056348 0.30064456015825275 0.23214647160923998 0.17030061371624472 0.24962205536505011 0.34524986131771196 0.42856810092926029 -0.08738963285426575 -0.052019625606582222 -0.11317107624273344 0.069275805442815738 -0.051785623535875291 0.14628678271225815 -0.12450300975787371 -0.18626034400911762 -0.011839876739584186
leaf_weight=1151 21 30 24 32 20 33 26 54 33 361 49 21 21 24 21 32 23 24 94 37 22 54 46 83 21 134 29 22 23 27
leaf_count=1151 21 30 24 32 20 33 26 54 33 361 49 21 21 24 21 32 23 24 94 37 22 54 46 83 21 134 29 22 23 27
internal_value=-1.60769e-10 -0.0596389 0.277145 0.0218236 0.0399391 0.158546 0.024274 0.301329 0.290524 0.0132699 0.0237846 0.269876 0.320711 0.409345 0.107424 0.291317 0.316734 0.240931 0.260167 0.276631 0.352762 -0.0930967 -0.0727801 -0.0608119 -0.0140017 -0.0752649 0.0918927 -0.0989463 -0.116922 -0.0624233
internal_weight=2592 2133 459 621 540 63 477 406 385 457 431 328 119 57 70 98 77 209 155 131 54 1512 361 284 67 217 53 81 77 49
internal_count=2592 2133 459 621 540 63 477 406 385 457 431 328 119 57 70 98 77 209 155 131 54 1512 361 284 67 217 53 81 77 49
is_linear=0
shrinkage=0.05


Tree=66
num_leaves=31
num_cat=0
split_feature=7 0 0 12 0 9 9 7 12 12 10 9 5 12 10 7 8 9 8 9 9 8 11 7 10 9 6 9 7 11
split_gain=15466 2098.71 763.46 517.138 490.464 388.381 358.303 349.243 320.418 219.781 223.363 202.023 116.074 113.949 141.114 91.2823 78.7272 217.745 77.7085 75.989 72.1231 68.3689 109.673 63.0372 209.841 89.4468 61.991 57.2949 51.7161 50.0763
threshold=157.36000000000004 55.500000000000007 83.500000000000014 89.002239583333349 92.500000000000014 161.04500000000004 95.795000000000016 222.04500000000004 100.47437500000001 90.798593750000023 279.55000000000001 315.62000000000006 30.115000000000006 90.306927083333349 125.38000000000001 105.78000000000002 269.03500000000003 267.96000000000009 234.05000000000004 143.49000000000004 45.095000000000006 40.970000000000006 58.726249999999986 243.11500000000004 219.99000000000004 227.49000000000004 12.885000000000002 51.030000000000008 48.035000000000004 38.043749999999996
decision_type=2 2 2 2 2 2 2 2 2 2 2 2 2 2 2 2 2 2 2 2 2 2 2 2 2 2 2 2 2 2
left_child=1 20 3 -2 5 6 -3 18 9 -5 12 -12 16 15 21 -8 -11 -18 -4 -16 28 -15 -23 25 -25 -9 -6 -28 29 -1
right_child=2 4 7 8 26 -7 13 23 -10 10 11 -13 -14 14 19 -17 17 -19 -20 -21 -22 22 -24 24 -26 -27 27 -29 -30 -31
leaf_value=-0.1168988393525776 0.56168441653251644 0.20611122185709299 -0.0069580604632695515 0.133396341100983 -0.036967275831848383 0.23455932786067329 -0.0024690143675321625 0.33139488330254191 0.47976329462094747 0.34100576429753693 0.44272123116417794 0.25922601527223982 0.15289323784056164 -0.064641669222518156 0.18652512706816196 -0.13225253281183541 0.3014236948182506 0.11832857861776243 0.12607423575676008 0.048694599866867069 -0.067653646686083049 0.13806957617402077 0.017628070005678658 0.053221250474452975 0.24189582038670779 0.21339123717376163 -0.19352647773921491 -0.084979646001011142 -0.15156531745665952 -0.087844177423698502
leaf_weight=175 20 27 21 23 30 24 42 26 22 37 40 24 21 23 20 20 62 22 23 20 327 20 344 20 56 42 20 31 38 972
leaf_count=175 20 27 21 23 30 24 42 26 22 37 40 24 21 23 20 20 62 22 23 20 327 20 344 20 56 42 20 31 38 972
internal_value=2.63697e-12 -0.0566569 0.263288 0.316998 0.0207324 0.0379422 0.0287972 0.185866 0.297501 0.279991 0.296358 0.373911 0.261405 0.0190068 0.0282039 -0.0443347 0.280237 0.25347 0.0625815 0.11761 -0.0884418 0.018963 0.0242457 0.223537 0.192245 0.25851 -0.093999 -0.127547 -0.0941783 -0.0922771
internal_weight=2592 2133 459 271 621 540 516 188 251 229 206 64 142 489 427 62 121 84 44 40 1512 387 364 144 76 68 81 51 1185 1147
internal_count=2592 2133 459 271 621 540 516 188 251 229 206 64 142 489 427 62 121 84 44 40 1512 387 364 144 76 68 81 51 1185 1147
is_linear=0
shrinkage=0.05


Tree=67
num_leaves=31
num_cat=0
split_feature=7 0 0 10 0 5 2 12 10 7 12 0 8 8 11 9 9 7 0 12 10 0 7 12 12 9 0 12 6 11
split_gain=13958.1 1894.09 689.023 482.709 442.644 356.967 597.169 449.128 335.624 316.837 293.807 179.412 176.147 164.528 152.042 164.06 145.277 116.661 96.8641 96.612 66.3843 104.868 75.2096 60.891 56.745 55.4918 88.323 52.6115 43.9086 53.0862
threshold=157.36000000000004 55.500000000000007 83.500000000000014 141.28500000000003 92.500000000000014 30.465000000000003 22.500000000000004 89.234531250000018 160.12500000000003 218.39000000000001 100.47437500000001 69.500000000000014 104.22000000000001 108.71500000000002 236.465 269.54500000000002 113.42 253.70000000000002 79.500000000000014 93.512291666666684 52.485000000000007 24.500000000000004 58.415000000000006 96.78723958333336 91.193281249999998 102.16000000000001 59.500000000000007 94.186510416666678 9.0450000000000017 41.080000000000005
decision_type=2 2 2 2 2 2 2 2 2 2 2 2 2 2 2 2 2 2 2 2 2 2 2 2 2 2 2 2 2 2
left_child=1 20 3 -2 5 6 -3 -7 11 -4 13 24 -13 -5 17 18 -14 -15 -16 -17 28 -22 -23 -6 -9 26 -26 -27 29 -1
right_child=2 4 9 10 23 7 -8 8 -10 -11 -12 12 16 14 15 19 -18 -19 -20 -21 21 22 -24 -25 25 27 -28 -29 -30 -31
leaf_value=-0.10153090820859861 0.52564769251780075 -0.013547220067121089 0.040860217224274367 0.12745881736278536 -0.13005222092534222 0.25319145278073851 0.29468031176224802 -0.038630274452774199 -0.17941237823529677 0.20761847336064365 0.45577512640844697 -0.007195294808064189 0.070427958548069006 0.27272562032396142 0.38081362545490266 0.11355118131637575 0.24881702654418492 0.43059611123427755 0.26577036779422264 0.24303096746478012 0.045844535326415845 -0.093540016497517461 -0.024959717868048639 -0.043183566997513967 0.13695992819795555 -0.062400414304876778 0.015977014446010195 0.01184940034228309 -0.093203168724022512 -0.057451468634736935
leaf_weight=101 22 30 35 20 43 20 33 59 22 153 22 28 25 22 24 25 21 25 77 34 22 116 61 38 22 27 48 205 1001 211
leaf_count=101 22 30 35 20 43 20 33 59 22 153 22 28 25 22 24 25 21 25 77 34 22 116 61 38 22 27 48 205 1001 211
internal_value=2.28618e-10 -0.0538241 0.250124 0.301148 0.0196958 0.036045 0.147905 0.021271 0.0111214 0.176573 0.281312 0.0207575 0.0916809 0.264404 0.277635 0.25441 0.151866 0.356699 0.293107 0.188167 -0.0840197 -0.0571086 -0.069905 -0.089299 0.00621924 0.0149812 0.0540002 0.00320826 -0.0880984 -0.0717208
internal_weight=2592 2133 459 271 621 540 63 477 457 188 249 435 74 227 207 160 46 47 101 59 1512 199 177 81 361 302 70 232 1313 312
internal_count=2592 2133 459 271 621 540 63 477 457 188 249 435 74 227 207 160 46 47 101 59 1512 199 177 81 361 302 70 232 1313 312
is_linear=0
shrinkage=0.05


Tree=68
num_leaves=31
num_cat=0
split_feature=7 0 0 10 0 8 0 10 9 11 9 8 9 12 10 2 5 5 9 12 12 2 7 10 11 11 12 6 7 7
split_gain=12597.2 1709.42 627.93 425.188 343.799 313.192 660.668 329.989 297.736 124.416 117.137 83.9224 169.318 127.475 242.256 64.9101 80.4646 73.8799 84.8252 63.3189 67.3414 86.422 62.1371 61.0188 67.3308 70.3774 59.8155 57.5071 56.0676 50.4296
threshold=157.36000000000004 55.500000000000007 88.500000000000014 161.76000000000002 92.500000000000014 111.58000000000001 77.500000000000014 298.52000000000004 95.795000000000016 306.17750000000007 324.85500000000008 101.96000000000002 113.42 90.269635416666688 125.38000000000001 1.0000000180025095e-35 25.985000000000003 25.615000000000006 236.84 97.857760416666693 95.853645833333346 37.500000000000007 109.02000000000002 44.550000000000004 41.21875 42.903750000000009 97.382343750000018 16.505000000000006 40.085000000000008 108.51000000000001
decision_type=2 2 2 2 2 2 2 2 2 2 2 2 2 2 2 2 2 2 2 2 2 2 2 2 2 2 2 2 2 2
left_child=1 23 5 4 8 -2 7 -7 -3 15 -9 12 22 -13 29 16 -8 -17 -19 20 21 -20 -10 -1 28 -26 -4 -6 -25 -15
right_child=2 3 26 -5 27 6 9 10 11 -11 -12 13 -14 14 -16 17 -18 18 19 -21 -22 -23 -24 24 25 -27 -28 -29 -30 -31
leaf_value=-0.08544400914328526 0.097393357860190544 0.18758312684518319 0.11710767486330234 0.23985787672655925 -0.042181026255711913 0.53241412475191319 0.22785421673121842 0.38617326835791271 -0.0029314954271427839 0.33851484457651776 0.23427714288912038 -0.077752966498551165 -0.1414405270701363 0.056091806862558075 0.16737241770739536 0.18580131863660002 0.11893905502344881 0.33975539367932539 0.20773963196711109 0.32216195002198222 0.14498735848991645 0.31323897009094559 0.081623290807008753 -0.075508687293363949 0.018005030884435683 -0.059664708434092065 0.0075247911363840103 -0.12644680351382351 -0.16872897766854453 0.0070666030797101285
leaf_weight=1151 28 27 33 21 40 29 43 30 166 27 22 23 21 85 35 47 28 26 55 20 21 30 25 54 33 251 20 41 23 137
leaf_count=1151 28 27 33 21 40 29 43 30 166 27 22 23 21 85 35 47 28 26 55 20 21 30 25 54 33 251 20 41 23 137
internal_value=-1.28665e-10 -0.0511329 0.237617 0.018711 0.0109709 0.258747 0.270699 0.397275 0.0259231 0.236179 0.32191 0.0170515 -0.00668065 0.0350202 0.0451127 0.225945 0.184902 0.240589 0.257529 0.240562 0.225166 0.244975 0.00813588 -0.0798188 -0.0618834 -0.0506397 0.0757556 -0.0848341 -0.103354 0.0258375
internal_weight=2592 2133 459 621 600 406 378 81 519 297 52 492 212 280 257 270 71 199 152 126 106 85 191 1512 361 284 53 81 77 222
internal_count=2592 2133 459 621 600 406 378 81 519 297 52 492 212 280 257 270 71 199 152 126 106 85 191 1512 361 284 53 81 77 222
is_linear=0
shrinkage=0.05


Tree=69
num_leaves=31
num_cat=0
split_feature=7 0 0 8 9 10 11 0 12 7 6 12 12 9 0 12 12 0 0 11 8 5 3 10 9 7 10 9 9 12
split_gain=11369 1542.75 569.168 440.333 942.591 383.732 310.297 310.279 274.137 272.2 157.013 132.903 131.684 108.114 99.1892 99.0832 114.477 100.415 93.6778 77.471 75.4486 60.4111 62.0035 78.3434 57.6161 57.2496 179.591 82.1147 55.6254 50.5754
threshold=157.36000000000004 55.500000000000007 83.500000000000014 113.35000000000001 238.26500000000001 161.76000000000002 236.465 92.500000000000014 87.556145833333346 222.04500000000004 9.9950000000000028 98.873788377192994 96.444843750000018 149.89500000000001 69.500000000000014 91.580364583333349 97.040937500000013 79.500000000000014 69.500000000000014 206.74250000000001 234.05000000000004 23.815000000000001 2.5000000000000004 114.33500000000002 52.260000000000012 243.11500000000004 219.99000000000004 227.49000000000004 45.095000000000006 93.512291666666684
decision_type=2 2 2 2 2 2 2 2 2 2 2 2 2 2 2 2 2 2 2 2 2 2 2 2 2 2 2 2 2 2
left_child=1 28 3 -2 -5 7 19 8 -3 20 12 13 -8 14 -10 -12 17 -17 -13 -6 -4 -16 -23 -24 -9 27 -27 -11 -1 -26
right_child=2 5 9 4 6 -7 10 24 11 25 15 18 -14 -15 21 16 -18 -19 -20 -21 -22 22 23 -25 29 26 -28 -29 -30 -31
leaf_value=-0.080865676294607489 0.11182968930618183 0.20613913305103779 -0.018472906166598909 0.5876075356751681 0.31899781624476115 0.22786497856889454 0.24133014847193995 -0.13145083543477637 7.1564238078845957e-06 0.29530805143026206 0.12238010048866273 0.042122168022961842 0.40589083671569831 -0.10314034173885983 -0.0060613982200335998 0.33140078991651539 0.14450023227504322 0.20092317898725642 0.1714596333248275 0.45649915620684622 0.11261066904534466 0.021388133354485035 0.049220408052206038 0.18595223115249115 -0.10635432694107294 0.033711336702108387 0.20825726666953415 0.18224427331948567 -0.057571379982778059 -0.0022506399612341609
leaf_weight=1185 37 20 21 25 21 21 31 33 322 26 30 42 20 21 26 30 28 29 21 20 23 25 20 22 20 20 56 42 327 28
leaf_count=1185 37 20 21 25 21 21 31 33 322 26 30 42 20 21 26 30 28 29 21 20 23 25 20 22 20 20 56 42 327 28
internal_value=1.66988e-11 -0.0485762 0.225737 0.272111 0.297455 0.0177755 0.262747 0.0104223 0.024627 0.158888 0.23265 0.0173519 0.305864 0.00754317 0.013144 0.200737 0.227756 0.267268 0.0852347 0.386072 0.0500481 0.0586286 0.0837322 0.120842 -0.0805924 0.192145 0.162324 0.225475 -0.0758278 -0.0456272
internal_weight=2592 2133 459 271 234 621 209 600 519 188 168 499 51 436 415 117 87 59 63 41 44 93 67 42 81 144 76 68 1512 48
internal_count=2592 2133 459 271 234 621 209 600 519 188 168 499 51 436 415 117 87 59 63 41 44 93 67 42 81 144 76 68 1512 48
is_linear=0
shrinkage=0.05


Tree=70
num_leaves=31
num_cat=0
split_feature=7 0 0 9 0 9 9 10 3 12 12 12 12 10 7 12 6 8 2 8 10 11 7 12 12 3 12 9 8 0
split_gain=10260.5 1392.33 523.072 362.317 275.907 267.043 262.301 259.749 397.886 158.804 171.1 127.861 106.912 97.0751 94.773 74.4222 64.4653 63.3051 72.9038 56.3238 55.8575 53.2769 83.4591 78.1314 94.1377 59.5027 52.761 51.405 50.125 67.2095
threshold=157.36000000000004 55.500000000000007 88.500000000000014 161.04500000000004 92.500000000000014 159.14000000000001 295.61500000000007 96.145000000000024 1.5000000000000002 96.444843750000018 97.040937500000013 90.269635416666688 94.734531250000018 125.38000000000001 105.39000000000001 97.536979166666683 22.875000000000004 112.70500000000001 1.0000000180025095e-35 276.47000000000008 141.28500000000003 41.080000000000005 37.875000000000007 99.585989583333358 97.916614583333356 1.5000000000000002 96.78723958333336 143.49000000000004 40.970000000000006 57.500000000000007
decision_type=2 2 2 2 2 2 2 2 2 2 2 2 2 2 2 2 2 2 2 2 2 2 2 2 2 2 2 2 2 2
left_child=1 21 5 4 7 -2 9 8 -3 17 -11 14 -8 28 -9 -12 19 -7 -19 -17 -4 25 -23 24 -24 -1 -6 -15 -13 -30
right_child=2 3 20 -5 26 6 12 11 -10 10 15 13 -14 27 -16 16 -18 18 -20 -21 -22 22 23 -25 -26 -27 -28 -29 29 -31
leaf_value=-0.051384506719591827 0.40314961129968818 0.30379779145121577 0.010295167316993079 0.20736690958340964 -0.11449788281217564 0.095849220156669621 0.25331783417080128 -0.007196888620965184 0.011802408950669425 0.38235851043746588 0.14165439797299248 -0.059543084916235368 0.39029326942460291 0.15235475890956879 -0.13287700841513772 0.23536042461637408 0.17774290358242784 0.13548760601973281 0.20739366801336723 0.3392870152538473 0.11341546563238934 -0.13909677842424975 -0.064126810096848993 -0.028423681153506415 -0.14816118517092297 -0.091427552941119455 -0.033636155312782842 0.038991441130638127 0.091137662912108786 0.011571727281870744
leaf_weight=115 22 20 24 24 43 20 28 40 28 21 21 22 29 20 24 32 23 47 141 22 29 36 697 149 35 480 38 20 29 313
leaf_count=115 22 20 24 24 43 20 28 40 28 21 21 22 29 20 24 32 23 47 141 22 29 36 697 149 35 480 38 20 29 313
internal_value=6.71841e-11 -0.0461474 0.21445 0.0168867 0.00922921 0.233735 0.224029 0.0226965 0.133467 0.206776 0.252842 0.0113355 0.323007 0.0217374 -0.0543269 0.225089 0.247843 0.18042 0.189417 0.277701 0.0667195 -0.0720364 -0.0644762 -0.061427 -0.0681448 -0.0836881 -0.0765628 0.0956731 0.0136126 0.0183185
internal_weight=2592 2133 459 621 597 406 384 516 48 327 119 468 57 404 64 98 77 208 188 54 53 1512 917 881 732 595 81 40 364 342
internal_count=2592 2133 459 621 597 406 384 516 48 327 119 468 57 404 64 98 77 208 188 54 53 1512 917 881 732 595 81 40 364 342
is_linear=0
shrinkage=0.05


Tree=71
num_leaves=31
num_cat=0
split_feature=7 0 0 12 9 0 10 3 11 12 12 10 9 12 5 10 7 8 9 7 10 9 9 10 11 7 9 7 12 9
split_gain=9260.09 1256.58 481.097 411.064 326.991 249.006 234.424 359.092 228.441 223.767 171.521 159.589 187.321 115.404 98.3687 87.0168 86.9892 64.224 177.41 59.2425 159.292 63.1489 52.6649 50.562 56.9187 68.2138 68.7336 64.4274 52.6736 48.9635
threshold=157.36000000000004 55.500000000000007 83.500000000000014 89.002239583333349 161.04500000000004 92.500000000000014 96.145000000000024 1.5000000000000002 229.4425 100.47437500000001 90.798593750000023 279.55000000000001 315.62000000000006 90.306927083333349 30.115000000000006 125.38000000000001 105.39000000000001 269.03500000000003 267.96000000000009 243.11500000000004 219.99000000000004 227.49000000000004 52.260000000000012 44.550000000000004 41.21875 46.160000000000004 43.925000000000004 54.580000000000005 97.382343750000018 169.82500000000002
decision_type=2 2 2 2 2 2 2 2 2 2 2 2 2 2 2 2 2 2 2 2 2 2 2 2 2 2 2 2 2 2
left_child=1 23 3 -2 5 6 7 -3 29 10 -5 14 -13 16 17 -15 -8 -12 -19 21 -21 -10 -7 -1 28 26 -26 -27 -25 -4
right_child=2 4 8 9 -6 22 13 -9 19 -11 11 12 -14 15 -16 -17 -18 18 -20 20 -22 -23 -24 24 25 27 -28 -29 -30 -31
leaf_value=-0.073555227306907708 0.46451633542776111 0.28860789605707399 -0.0069923873018959293 0.084844268534494491 0.19699856415390971 -0.12135871931007414 -0.0074102121426962144 0.011212288481848581 0.26475106616105354 0.38129358669234947 0.27148510596236669 0.36061927294358614 0.18392679380873841 0.013164550383314697 0.099368250937688918 0.090889446754008535 -0.12623315843908739 0.23570731448069698 0.070438130974600263 0.021843081116676332 0.18622920927217432 0.16633209356894862 -0.03930554235315261 -0.060710172033777425 -0.031887733156833319 -0.090003476937088267 0.07728229392142523 -0.03394467612005659 -0.14815623343277437 0.097344295545057816
leaf_weight=1151 20 20 23 23 24 33 43 28 28 22 37 40 24 361 21 40 24 62 22 20 56 39 48 51 46 83 21 134 26 22
leaf_count=1151 20 20 23 23 24 33 43 28 28 22 37 40 24 361 21 40 24 62 22 20 56 39 48 51 46 83 21 134 26 22
internal_value=-1.61463e-11 -0.04384 0.203727 0.246363 0.0160424 0.00876775 0.0215617 0.126794 0.142268 0.22898 0.214348 0.228807 0.29436 0.0107687 0.199262 0.0209177 -0.0499737 0.216599 0.192423 0.173187 0.14297 0.207462 -0.0727346 -0.0684346 -0.0521082 -0.0417704 0.00232974 -0.0553865 -0.0902374 0.0440167
internal_weight=2592 2133 459 271 621 597 516 48 188 251 229 206 64 468 142 401 67 121 84 143 76 67 81 1512 361 284 67 217 77 45
internal_count=2592 2133 459 271 621 597 516 48 188 251 229 206 64 468 142 401 67 121 84 143 76 67 81 1512 361 284 67 217 77 45
is_linear=0
shrinkage=0.05


Tree=72
num_leaves=31
num_cat=0
split_feature=7 0 0 10 10 0 11 9 12 12 10 9 5 8 9 12 10 9 7 10 9 6 7 10 0 7 7 6 9 10
split_gain=8357.23 1134.06 434.19 378.173 302.683 226.763 206.168 205.534 205.03 125.458 147.525 169.058 118.718 83.2039 148.48 107.004 178.788 59.8933 53.4664 143.761 56.9918 52.0233 51.6254 46.2289 91.6526 62.9034 44.7979 60.0673 44.1895 43.6778
threshold=157.36000000000004 55.500000000000007 83.500000000000014 141.28500000000003 161.76000000000002 92.500000000000014 229.4425 96.435000000000016 100.47437500000001 90.798593750000023 279.55000000000001 315.62000000000006 30.040000000000003 101.96000000000002 113.42 90.269635416666688 125.38000000000001 269.54500000000002 243.11500000000004 219.99000000000004 227.49000000000004 16.505000000000006 109.02000000000002 52.485000000000007 24.500000000000004 58.415000000000006 108.51000000000001 19.160000000000004 169.82500000000002 298.52000000000004
decision_type=2 2 2 2 2 2 2 2 2 2 2 2 2 2 2 2 2 2 2 2 2 2 2 2 2 2 2 2 2 2
left_child=1 23 3 -2 5 7 28 -3 9 -5 12 29 17 14 22 -15 26 -11 20 -20 -8 -7 -9 -1 -25 -26 27 -17 -4 -12
right_child=2 4 6 8 -6 21 18 13 -10 10 11 -13 -14 15 -16 16 -18 -19 19 -21 -22 -23 -24 24 25 -27 -28 -29 -30 -31
leaf_value=-0.068416532146037254 0.43275466500358145 0.13610558478782575 -0.0066427684348562485 0.11060455404222012 0.20182847487074987 -0.028529436867684128 0.25151351381625447 -0.0073660963706306528 0.36222890005870301 0.23093272207799972 0.29034021357467282 0.17473045289516451 0.078085864867482868 -0.07554915217174725 -0.13772762091386886 0.013780995200764626 0.14432973653078079 0.14892377665927334 0.020750923380255699 0.17691775005909482 0.15801548915795793 -0.10867685488902215 0.072654271708882376 0.053692260922186756 -0.076133678989998746 -0.013414591250819017 0.0047891168034187069 0.098949513433350109 0.09247708212245595 0.39483640313148505
leaf_weight=1313 22 36 23 32 21 40 28 163 22 79 20 24 21 22 21 47 35 31 20 56 39 41 23 22 116 61 135 37 22 20
leaf_count=1313 22 36 23 32 21 40 28 163 22 79 20 24 21 22 21 47 35 31 20 56 39 41 23 22 116 61 135 37 22 20
internal_value=-4.24038e-11 -0.041648 0.193541 0.234045 0.0152402 0.00870966 0.135155 0.020853 0.216488 0.202364 0.217421 0.279642 0.187024 0.0122628 -0.0117 0.0302349 0.0393973 0.207821 0.164527 0.135821 0.197089 -0.0690979 0.0025289 -0.0650129 -0.0425556 -0.0545186 0.0226273 0.0512957 0.0418158 0.342588
internal_weight=2592 2133 459 271 621 600 188 519 249 227 195 64 131 483 207 276 254 110 143 76 67 81 186 1512 199 177 219 84 45 40
internal_count=2592 2133 459 271 621 600 188 519 249 227 195 64 131 483 207 276 254 110 143 76 67 81 186 1512 199 177 219 84 45 40
is_linear=0
shrinkage=0.05


Tree=73
num_leaves=31
num_cat=0
split_feature=7 0 0 10 8 5 7 0 10 3 7 0 9 12 12 8 10 9 9 7 2 12 12 6 11 11 6 7 12 3
split_gain=7542.4 1023.49 399.246 273.171 250.374 701.409 231.077 204.654 192.2 319.006 105.32 136.095 80.4799 77.9309 76.7947 73.5311 237.045 128.428 72.5733 58.0582 53.3806 52.4653 49.3317 47.2479 49.097 45.8771 45.579 45.043 44.5655 108.761
threshold=157.36000000000004 55.500000000000007 88.500000000000014 161.76000000000002 113.35000000000001 30.115000000000006 324.85500000000008 92.500000000000014 96.145000000000024 1.5000000000000002 300.47500000000008 79.500000000000014 274.44000000000005 96.822135416666683 90.306927083333349 103.85000000000001 125.38000000000001 114.33500000000002 102.16000000000001 105.39000000000001 1.0000000180025095e-35 97.382343750000018 91.466354166666676 22.875000000000004 271.09875000000005 37.633749999999992 19.560000000000006 108.51000000000001 99.585989583333358 4.5000000000000009
decision_type=2 2 2 2 2 2 2 2 2 2 2 2 2 2 2 2 2 2 2 2 2 2 2 2 2 2 2 2 2 2
left_child=1 25 4 7 -2 6 10 8 9 -3 11 12 -6 20 19 17 27 18 -16 -10 -13 -4 -9 24 -15 -1 -24 -17 -27 -30
right_child=2 3 21 -5 5 -7 -8 22 14 -11 -12 13 -14 23 15 16 -18 -19 -20 -21 -22 -23 26 -25 -26 28 -28 -29 29 -31
leaf_value=-0.087625402077887354 0.076714564094672338 0.26767803728580475 0.093526824541164177 0.19173704492194313 0.34204787041991952 0.46885808575153354 0.33787840536007518 -0.12760713817956656 -0.0055963334937890376 0.0098803393666942931 0.077296923371878545 0.11236718303452319 0.21564526671872422 0.20066697597503663 0.083069414379341275 0.054609503303127332 0.16114317454171903 -0.12156196151460921 -0.005271337934545357 -0.10442201090247737 0.17431348151083859 -0.0091026249341666695 -0.0076786296970739569 0.14815776067830266 0.29112597936764362 -0.062313042616261853 -0.099905171733172177 4.0699050507762223e-05 -0.0057162179815350104 -0.08783558963517113
leaf_weight=154 37 20 33 21 20 25 26 23 42 30 22 52 34 40 28 53 33 21 137 23 105 20 37 21 24 1183 21 132 112 63
leaf_count=154 37 20 33 21 20 25 26 23 42 30 22 52 34 40 28 53 33 21 137 23 105 20 37 21 24 1183 21 132 112 63
internal_value=4.16751e-11 -0.0395656 0.183864 0.0144782 0.200712 0.213146 0.194562 0.00827418 0.0198104 0.112999 0.182844 0.190689 0.262461 0.174674 0.00987552 0.017991 0.0376945 -0.00510232 0.00971982 -0.0405654 0.153796 0.0547987 -0.065643 0.213235 0.234589 -0.0617622 -0.041071 0.0156739 -0.0588293 -0.0352792
internal_weight=2592 2133 459 621 406 369 344 600 519 50 318 296 54 242 469 404 218 186 165 65 157 53 81 85 64 1512 58 185 1358 175
internal_count=2592 2133 459 621 406 369 344 600 519 50 318 296 54 242 469 404 218 186 165 65 157 53 81 85 64 1512 58 185 1358 175
is_linear=0
shrinkage=0.05


Tree=74
num_leaves=31
num_cat=0
split_feature=7 0 0 9 9 9 0 10 3 12 12 6 12 7 0 8 5 9 12 12 8 9 2 6 7 12 11 12 12 3
split_gain=6807.02 923.7 360.319 252.828 232.23 196.213 182.207 182.728 280.777 130.013 151.692 98.153 91.2907 69.2864 64.5044 119.38 107.963 138.691 62.5212 52.7198 49.8759 48.3819 44.6984 44.6613 41.9784 40.4129 39.3278 58.8276 85.2218 46.5024
threshold=157.36000000000004 55.500000000000007 88.500000000000014 161.04500000000004 159.14000000000001 295.61500000000007 92.500000000000014 96.145000000000024 1.5000000000000002 96.444843750000018 97.040937500000013 20.885000000000002 90.306927083333349 105.39000000000001 69.500000000000014 102.69500000000001 24.235000000000003 114.33500000000002 97.536979166666683 93.576718750000012 228.07000000000002 52.260000000000012 37.500000000000007 22.875000000000004 37.640000000000008 93.512291666666684 41.080000000000005 99.585989583333358 97.916614583333356 1.5000000000000002
decision_type=2 2 2 2 2 2 2 2 2 2 2 2 2 2 2 2 2 2 2 2 2 2 2 2 2 2 2 2 2 2
left_child=1 24 4 6 -2 9 7 8 -3 20 -11 -7 13 -9 -14 -16 -17 -18 -12 -4 -6 -8 -22 -20 -1 -23 29 28 -28 -26
right_child=2 3 19 -5 5 11 21 12 -10 10 18 -13 14 -15 15 16 17 -19 23 -21 22 25 -24 -25 26 -27 27 -29 -30 -31
leaf_value=-0.081125555504965877 0.34866338670253755 0.25429413087666036 -0.01199734814465046 0.17287183478474619 0.090220524068619759 0.31925039819308693 -0.10896583391409931 -0.007265787909543792 0.0090056268830916702 0.33033510758763268 0.10578029581478664 0.1844739947806705 0.0057786628782307194 -0.11331111397594214 -0.058777939043939111 0.0092169901941503811 0.048522331592227734 0.2142272982908332 0.22796097248792649 0.090880698270418434 0.13827599914275049 -0.084604096524417416 0.19516663670850298 0.14476155310707248 -0.039277707500366014 0.0084545162572924586 -0.051475486731768383 -0.020975833552268647 -0.13035309589209243 -0.077034317305368902
leaf_weight=183 22 20 20 24 37 35 33 43 28 21 21 22 295 24 20 35 28 23 54 33 123 20 48 23 108 28 702 150 36 333
leaf_count=183 22 20 20 24 37 35 33 43 28 21 21 22 295 24 20 35 28 23 54 33 123 20 48 23 108 28 702 150 36 333
internal_value=8.81059e-11 -0.0375874 0.174671 0.0137543 0.190677 0.181625 0.00735764 0.0183018 0.111209 0.166703 0.208385 0.267231 0.00877286 -0.0452522 0.0177995 0.0512537 0.0768424 0.123252 0.182253 0.0520588 0.142856 -0.0623608 0.154245 0.203109 -0.0586741 -0.0303199 -0.0555826 -0.0495213 -0.0553232 -0.0677878
internal_weight=2592 2133 459 621 406 384 597 516 48 327 119 57 468 67 401 106 86 51 98 53 208 81 171 77 1512 48 1329 888 738 441
internal_count=2592 2133 459 621 406 384 597 516 48 327 119 57 468 67 401 106 86 51 98 53 208 81 171 77 1512 48 1329 888 738 441
is_linear=0
shrinkage=0.05


Tree=75
num_leaves=31
num_cat=0
split_feature=7 0 0 12 7 9 0 10 3 12 11 9 9 10 12 10 7 12 8 8 3 7 10 12 11 9 9 7 12 7
split_gain=6143.33 833.639 339.328 350.321 257.934 751.753 177.939 207.469 203.69 169.16 161.678 159.444 176.673 116.282 91.0302 145.782 79.0486 100.67 162.597 91.555 76.0197 55.2931 119.93 57.0012 46.7086 43.6646 41.9814 66.852 44.791 43.9319
threshold=157.36000000000004 55.500000000000007 83.500000000000014 89.002239583333349 142.53500000000003 152.71500000000003 92.500000000000014 96.145000000000024 1.5000000000000002 90.798593750000023 229.4425 295.61500000000007 324.85500000000008 234.05000000000004 91.193281249999998 125.38000000000001 248.83000000000001 96.444843750000018 251.16000000000003 282.68000000000006 2.5000000000000004 243.11500000000004 219.99000000000004 94.40770833333336 106.10125000000001 52.260000000000012 102.16000000000001 108.51000000000001 97.308437500000011 96.495000000000019
decision_type=2 2 2 2 2 2 2 2 2 2 2 2 2 2 2 2 2 2 2 2 2 2 2 2 2 2 2 2 2 2
left_child=1 -1 3 -2 5 6 7 8 -3 -5 -4 13 -13 -11 24 26 -15 18 -18 -20 -19 23 -23 -12 -9 -8 27 -16 29 -28
right_child=2 4 10 9 -6 -7 25 14 -10 11 21 12 -14 16 15 -17 17 20 19 -21 -22 22 -24 -25 -26 -27 28 -29 -30 -31
leaf_value=-0.055740417297757062 0.40313531011343007 0.24157942424993961 0.031664994124795259 0.056460428094293962 -0.13807712368391178 0.32127570165321234 -0.10351754119901946 -0.015411664044458262 0.031053002589140778 0.065833077526518277 0.14336190451174341 0.36436806464636767 0.17792234135170779 0.28397203221917156 0.12253988896097456 0.15276273127645257 0.022602680680297672 0.15317015619482846 0.25265062329945742 0.1293246235479327 0.27602025200338925 0.006039299266412855 0.14867643060694849 0.24414449959993362 -0.10191743314266205 -0.028803910198621455 -0.076112192733721301 0.017126607951128258 0.034180122776066559 -0.00057785258773569161
leaf_weight=1512 20 20 45 23 27 20 33 71 27 21 47 27 24 20 21 20 21 20 27 34 34 20 56 20 20 48 22 53 85 154
leaf_count=1512 20 20 45 23 27 20 33 71 27 21 47 27 24 20 21 20 21 20 27 34 34 20 56 20 20 48 22 53 85 154
internal_value=-1.48983e-11 -0.035708 0.165937 0.201744 0.0130666 0.0199368 0.00943716 0.0207213 0.120639 0.185697 0.114322 0.198734 0.276629 0.17629 0.0101919 0.0216286 0.191159 0.17751 0.142601 0.183912 0.23052 0.140333 0.11114 0.173446 -0.0344239 -0.0592428 0.0137997 0.0470412 0.00437492 -0.0100196
internal_weight=2592 2133 459 271 621 594 574 493 47 251 188 228 51 177 446 355 156 136 82 61 54 143 76 67 91 81 335 74 261 176
internal_count=2592 2133 459 271 621 594 574 493 47 251 188 228 51 177 446 355 156 136 82 61 54 143 76 67 91 81 335 74 261 176
is_linear=0
shrinkage=0.05


Tree=76
num_leaves=31
num_cat=0
split_feature=7 0 5 9 7 9 0 10 3 9 12 12 10 6 12 10 8 7 2 3 12 11 10 6 8 6 0 10 10 9
split_gain=5544.36 752.359 310.293 329.299 232.786 678.457 160.59 187.24 183.83 159.997 109.093 131.013 106.891 87.7573 82.1547 131.569 63.9195 67.7387 58.6061 57.7601 43.9858 42.1545 41.1448 51.7862 49.5939 45.5914 42.5066 40.138 54.1099 37.8882
threshold=157.36000000000004 55.500000000000007 24.840000000000003 140.80000000000004 142.53500000000003 152.71500000000003 92.500000000000014 96.145000000000024 1.5000000000000002 295.61500000000007 96.444843750000018 97.07567708333336 141.28500000000003 20.885000000000002 91.193281249999998 125.38000000000001 228.07000000000002 269.03500000000003 37.500000000000007 3.5000000000000004 96.78723958333336 106.10125000000001 44.550000000000004 2.2850000000000006 38.785000000000004 26.965000000000003 25.500000000000004 234.05000000000004 252.23000000000002 102.16000000000001
decision_type=2 2 2 2 2 2 2 2 2 2 2 2 2 2 2 2 2 2 2 2 2 2 2 2 2 2 2 2 2 2
left_child=1 22 12 -4 5 6 7 8 -3 10 16 -12 -2 -11 21 29 17 -5 -18 -14 -8 -9 -1 -24 -25 26 -26 -13 -29 -16
right_child=2 4 3 9 -6 -7 20 14 -10 13 11 27 19 -15 15 -17 18 -19 -20 -21 -22 -23 23 24 25 -27 -28 28 -30 -31
leaf_value=-0.057572603807541881 -0.034721755333954378 0.229500445201993 0.37241262286901478 0.13679763167386963 -0.13117327000255938 0.30521192595362667 -0.090917755698048802 -0.014641081347641811 0.029500351711262571 0.29038434356451032 0.30570408880710603 0.1037805117578024 0.15077933889742082 0.16294492212208836 0.044689127410183084 0.14512459388002755 0.12484385350077343 0.0098005711322739011 0.19416026905542469 0.039289122110321407 -0.017086045944597571 -0.096821562051773072 -0.1164219031110406 -0.074492116721316434 0.028905918458476666 -0.089175910539925102 -0.027227210954784656 0.22200621473483551 0.13427979203406723 0.0041561695814874896
leaf_weight=1151 21 20 20 21 27 20 43 71 27 35 20 21 26 22 74 20 119 21 41 21 38 20 20 61 40 25 215 39 32 261
leaf_count=1151 21 20 20 21 27 20 43 71 27 35 20 21 26 22 74 20 119 21 41 21 38 20 20 61 40 25 215 39 32 261
internal_value=-8.67052e-11 -0.0339226 0.15764 0.174784 0.0124133 0.0189399 0.0089653 0.0196852 0.114607 0.164131 0.150141 0.18972 0.0590614 0.241197 0.00968229 0.0205472 0.128196 0.0732991 0.142606 0.100965 -0.0562807 -0.0327027 -0.0529534 -0.0382257 -0.0336394 -0.0247393 -0.018422 0.164506 0.182468 0.0131097
internal_weight=2592 2133 459 391 621 594 574 493 47 371 314 112 68 57 446 355 202 42 160 47 81 91 1512 361 341 280 255 92 71 335
internal_count=2592 2133 459 391 621 594 574 493 47 371 314 112 68 57 446 355 202 42 160 47 81 91 1512 361 341 280 255 92 71 335
is_linear=0
shrinkage=0.05


Tree=77
num_leaves=31
num_cat=0
split_feature=11 0 12 5 7 9 8 8 9 10 9 9 6 5 12 5 6 7 5 12 9 0 3 0 6 2 12 11 7 6
split_gain=5035.22 1066.9 679.288 514.983 823.214 344.503 272.27 200.461 199.861 169.669 111.672 152.239 103.046 101.457 84.8904 94.32 79.625 77.1154 76.5507 72.7346 65.2695 57.4164 55.6045 55.0651 87.6856 40.4077 38.6846 37.4061 36.9471 41.3843
threshold=111.3075 88.500000000000014 88.478750000000005 30.465000000000003 222.04500000000004 95.795000000000016 110.98500000000001 234.05000000000004 138.46500000000003 118.18000000000002 295.61500000000007 324.85500000000008 18.335000000000004 23.555000000000003 96.444843750000018 28.410000000000004 11.720000000000002 103.85000000000001 29.175000000000004 93.576718750000012 248.49000000000004 69.500000000000014 3.5000000000000004 55.500000000000007 16.025000000000002 37.500000000000007 100.23817708333335 37.201250000000009 98.660000000000011 20.935000000000006
decision_type=2 2 2 2 2 2 2 2 2 2 2 2 2 2 2 2 2 2 2 2 2 2 2 2 2 2 2 2 2 2
left_child=5 2 -2 4 -4 17 16 12 -8 21 14 -12 22 -9 18 20 -5 23 -6 -14 -16 26 -3 27 -25 -23 28 -1 29 -7
right_child=1 7 3 6 10 9 8 13 -10 -11 11 -13 19 -15 15 -17 -18 -19 -20 -21 -22 25 -24 24 -26 -27 -28 -29 -30 -31
leaf_value=-0.078382214538922371 0.44370702907443049 0.055691448351045926 0.46999752913517034 0.02262490395279158 0.13426087808257306 0.00076879922893236983 0.047053638680705001 0.14466732378516878 0.24519097378477453 -0.13541889208413305 0.30730629013134886 0.13071026847414349 -0.16979407627135515 0.016973773006881989 0.19333099906204965 0.27575110524892804 -0.11203781793946806 -0.14523433106286185 0.036744679381018101 -0.034947269130498171 0.10801496044732631 0.11008428239628026 -0.053698494941705754 0.083159459531307225 -0.064899335666559629 0.014154173078991118 0.070694265142083171 -0.048102863850551972 0.0092191476928623946 -0.073302461889882889
leaf_weight=110 20 26 22 21 161 44 35 28 20 21 26 23 20 35 51 20 23 21 23 20 40 23 21 20 20 21 20 1402 222 33
leaf_count=110 20 26 22 21 161 44 35 28 20 21 26 23 20 35 51 20 23 21 23 20 40 23 21 20 20 21 20 1402 222 33
internal_value=4.12529e-11 0.12234 0.158383 0.146111 0.173478 -0.0396966 0.0449389 0.00580166 0.119104 0.0027624 0.154514 0.224414 -0.0433853 0.0737265 0.142904 0.177437 -0.047767 -0.0500617 0.122071 -0.102371 0.155829 0.0107564 0.00681509 -0.0487739 0.00913006 0.0642995 0.0033711 -0.0503057 -0.00113212 -0.030976
internal_weight=2592 635 485 465 366 1957 99 150 55 384 344 49 87 63 295 111 44 1573 184 40 91 363 47 1552 40 44 319 1512 299 77
internal_count=2592 635 485 465 366 1957 99 150 55 384 344 49 87 63 295 111 44 1573 184 40 91 363 47 1552 40 44 319 1512 299 77
is_linear=0
shrinkage=0.05


Tree=78
num_leaves=31
num_cat=0
split_feature=11 0 12 5 7 9 8 8 9 10 9 9 12 6 12 5 5 6 7 5 12 9 0 3 0 5 10 6 11 3
split_gain=4544.29 962.879 613.058 464.772 742.95 310.914 245.724 180.916 180.375 153.126 100.784 137.396 99.1021 92.9989 76.6136 85.1238 76.253 71.8615 69.5966 69.087 65.643 58.9057 51.8183 50.183 49.6962 87.4783 36.772 46.6946 46.5739 44.3604
threshold=111.3075 88.500000000000014 88.478750000000005 30.465000000000003 222.04500000000004 95.795000000000016 110.98500000000001 234.05000000000004 138.46500000000003 118.18000000000002 295.61500000000007 324.85500000000008 97.491979166666681 18.335000000000004 96.444843750000018 28.410000000000004 23.625000000000004 11.720000000000002 103.85000000000001 29.175000000000004 93.576718750000012 248.49000000000004 69.500000000000014 3.5000000000000004 55.500000000000007 22.475000000000005 44.550000000000004 2.2850000000000006 41.21875 4.5000000000000009
decision_type=2 2 2 2 2 2 2 2 2 2 2 2 2 2 2 2 2 2 2 2 2 2 2 2 2 2 2 2 2 2
left_child=5 2 -2 4 -4 18 17 13 -8 22 14 -12 -9 23 19 21 -14 -5 24 -6 -15 -16 -7 -3 26 -26 -1 -28 29 -29
right_child=1 7 3 6 10 9 8 12 -10 -11 11 -13 16 20 15 -17 -18 -19 -20 -21 -22 -23 -24 -25 25 -27 27 28 -30 -31
leaf_value=-0.052157295350617305 0.4215216827765107 0.052906877196689434 0.44649766209450636 0.021493657891239443 0.12754783214110396 0.0032025483690879563 0.044700956900737117 0.15564960180358456 0.23293141983449461 -0.12864794975944929 0.29194097475936781 0.12417476080034091 0.093975023850798617 -0.16130437307059764 0.1836644506602384 0.26196354955434797 -0.04244109427645093 -0.10643592616138252 -0.13797261665264768 0.034907444631275923 -0.033199904933571819 0.10261421224102379 0.061084484054960989 -0.051013570154706638 -0.065268259663134806 0.082615374345332393 -0.10811996884644032 -0.024317933188970478 -0.020036617283692104 -0.103432520597267
leaf_weight=1151 20 26 22 21 161 319 35 22 20 21 26 23 20 20 51 20 21 23 21 23 20 40 44 21 20 20 20 34 270 37
leaf_count=1151 20 26 22 21 161 319 35 22 20 21 26 23 20 20 51 20 21 23 21 23 20 40 44 21 20 20 20 34 270 37
internal_value=-8.2243e-11 0.116223 0.150464 0.138806 0.164804 -0.0377118 0.0426919 0.00551158 0.113148 0.00262428 0.146789 0.213194 0.0700401 -0.041216 0.135759 0.168565 0.0241034 -0.0453786 -0.0475586 0.115968 -0.0972521 0.148038 0.0102185 0.00647434 -0.0463352 0.00867356 -0.0477904 -0.0338673 -0.0295123 -0.0655467
internal_weight=2592 635 485 465 366 1957 99 150 55 384 344 49 63 87 295 111 41 44 1573 184 40 91 363 47 1552 40 1512 361 341 71
internal_count=2592 635 485 465 366 1957 99 150 55 384 344 49 63 87 295 111 41 44 1573 184 40 91 363 47 1552 40 1512 361 341 71
is_linear=0
shrinkage=0.05


Tree=79
num_leaves=31
num_cat=0
split_feature=11 5 9 5 7 9 8 8 9 10 9 9 12 3 6 5 0 6 7 6 9 5 9 10 0 0 9 2 12 7
split_gain=4101.22 870.085 564.118 395.415 667.684 280.6 243.955 193.148 141.765 138.196 89.1318 124 82.7228 83.3718 79.9577 69.0587 75.9727 64.855 62.8109 52.6115 61.2344 50.1441 66.2928 48.8031 46.766 44.8508 87.4647 36.468 34.9129 33.9736
threshold=111.3075 24.840000000000003 97.080000000000013 30.465000000000003 218.39000000000001 95.795000000000016 110.98500000000001 234.05000000000004 138.46500000000003 118.18000000000002 295.61500000000007 324.85500000000008 91.580364583333349 4.5000000000000009 13.005000000000001 23.555000000000003 88.500000000000014 11.720000000000002 103.85000000000001 6.0750000000000011 239.72500000000002 27.755000000000006 267.96000000000009 246.14500000000001 69.500000000000014 55.500000000000007 41.815000000000005 37.500000000000007 100.23817708333335 37.640000000000008
decision_type=2 2 2 2 2 2 2 2 2 2 2 2 2 2 2 2 2 2 2 2 2 2 2 2 2 2 2 2 2 2
left_child=5 7 -3 4 -4 18 17 14 -8 24 12 -12 13 -6 -2 -9 -17 -5 25 -14 23 -22 -23 -21 28 29 -27 -26 -7 -1
right_child=1 2 3 6 10 9 8 15 -10 -11 11 -13 19 -15 -16 16 -18 -19 -20 20 21 22 -24 -25 27 26 -28 -29 -30 -31
leaf_value=-0.065598627716898311 0.028197737808082379 0.40492525942623614 0.4247042279351842 0.020418975475643364 0.022214539861306549 -0.0012356399648813501 0.051591227663448085 0.13163387626409531 0.22128484882414343 -0.12221554915110272 0.27734392508864403 0.11796601892489454 0.090417165755747986 0.14275475266174628 -0.073484896399594588 0.10904272072017195 -0.016765269637107848 -0.10111412925888663 -0.13107398063653994 0.15549744966306858 0.10845842110375836 0.21949849016964437 0.11512408948920926 0.25266267067442338 0.10152584285191868 -0.065696200341917574 0.082175961211323742 0.010392240257490248 0.066999425254762171 -0.042619743754759999
leaf_weight=183 29 20 22 21 32 299 32 28 20 21 26 23 39 26 58 20 30 23 21 28 73 32 29 24 23 20 20 21 20 1329
leaf_count=183 29 20 22 21 32 299 32 28 20 21 26 23 39 26 58 20 30 23 21 28 73 32 29 24 23 20 20 21 20 1329
internal_value=4.00178e-11 0.110412 0.145091 0.133542 0.15795 -0.0358262 0.0435395 0.0116319 0.116858 0.00249307 0.140273 0.202534 0.129493 0.0762498 -0.0395907 0.0687647 0.0335579 -0.0431097 -0.0451806 0.143218 0.15429 0.136418 0.169878 0.200343 0.00970761 -0.0440184 0.00823988 0.0580303 0.00304242 -0.0454009
internal_weight=2592 635 470 450 354 1957 96 165 52 384 332 49 283 58 87 78 50 44 1573 225 186 134 61 52 363 1552 40 44 319 1512
internal_count=2592 635 470 450 354 1957 96 165 52 384 332 49 283 58 87 78 50 44 1573 225 186 134 61 52 363 1552 40 44 319 1512
is_linear=0
shrinkage=0.05


Tree=80
num_leaves=31
num_cat=0
split_feature=11 0 12 5 7 9 8 10 8 10 12 12 6 11 5 2 9 12 9 7 12 0 10 6 9 7 0 3 0 3
split_gain=3701.35 790.222 520.401 383.763 627.147 253.241 201.053 174.528 148.565 124.722 88.7497 86.8289 78.8257 75.1777 151.455 67.9792 60.4885 60.4616 57.7489 71.3175 61.9007 119.684 56.5019 168.434 60.8701 55.0349 46.5641 45.2313 42.2063 36.437
threshold=111.3075 88.500000000000014 88.478750000000005 30.465000000000003 222.04500000000004 95.795000000000016 106.97500000000001 111.69000000000001 234.05000000000004 118.18000000000002 97.491979166666681 100.47437500000001 18.335000000000004 222.11375000000001 29.425000000000004 22.500000000000004 60.900000000000006 93.576718750000012 51.030000000000008 59.670000000000009 45.219642857142865 22.500000000000004 270.99500000000006 15.375000000000002 271.65500000000003 272.63500000000005 24.500000000000004 3.5000000000000004 69.500000000000014 2.5000000000000004
decision_type=2 2 2 2 2 2 2 2 2 2 2 2 2 2 2 2 2 2 2 2 2 2 2 2 2 2 2 2 2 2
left_child=5 2 -2 4 -4 16 -5 -8 12 28 -10 13 27 -6 22 -12 18 -14 19 20 21 -1 24 -24 25 29 -20 -3 -7 -15
right_child=1 8 3 6 11 9 7 -9 10 -11 15 -13 17 14 -16 -17 -18 -19 26 -21 -22 -23 23 -25 -26 -27 -28 -29 -30 -31
leaf_value=-0.062731152837691095 0.38564621042460207 0.050240108943902531 0.40760419179092761 -0.10378116682171822 0.19618220630130082 0.0028902999537162698 0.00030218964442610744 0.14894832785312948 0.14408574153626846 -0.11610477219025295 -0.046372406184673309 0.21663109532424382 -0.15081037838011979 0.090585394791928661 -0.0095513206313956878 0.082430366533143187 -0.11855275516326612 -0.027865665741264825 0.04944184029819039 -0.12756858575516022 -0.04595093521234233 0.10451033324934543 0.067003902136569926 0.25293870691595405 0.034952482882709732 0.20311477199196815 -0.025759488520953729 -0.04842016984309469 0.055128747820642525 0.13699755043118864
leaf_weight=23 20 26 22 20 33 319 40 39 22 21 20 28 20 79 22 21 26 20 23 26 1259 20 21 29 21 20 196 21 44 91
leaf_count=23 20 26 22 20 33 319 40 39 22 21 20 28 20 79 22 21 26 20 23 26 1259 20 21 29 21 20 196 21 44 91
internal_value=1.02067e-10 0.104892 0.135911 0.12517 0.148794 -0.0340349 0.0378328 0.0736845 0.00459583 0.00236841 0.063071 0.132242 -0.0377483 0.124764 0.116436 0.0195997 -0.0429216 -0.089338 -0.0416505 -0.0455735 -0.0439361 0.0150556 0.127056 0.174846 0.115731 0.12466 -0.0178616 0.00615786 0.00922223 0.11543
internal_weight=2592 635 485 465 366 1957 99 79 150 384 63 344 87 316 283 41 1573 40 1547 1328 1302 43 261 50 211 190 219 47 363 170
internal_count=2592 635 485 465 366 1957 99 79 150 384 63 344 87 316 283 41 1573 40 1547 1328 1302 43 261 50 211 190 219 47 363 170
is_linear=0
shrinkage=0.05


Tree=81
num_leaves=31
num_cat=0
split_feature=11 5 9 9 7 9 5 8 12 10 10 3 6 5 0 9 3 9 7 12 3 3 6 3 12 7 0 8 11 0
split_gain=3340.47 719.507 484.465 324.056 344.922 228.55 220.777 155.106 133.982 112.562 84.6457 78.1477 68.8619 63.3013 62.9595 54.5909 53.1644 52.1184 65.7831 60.6539 44.7801 61.6247 92.5406 54.6853 54.6741 47.4101 42.0241 40.9879 58.4591 40.9564
threshold=111.3075 24.840000000000003 97.080000000000013 298.95000000000005 265.20000000000005 95.795000000000016 30.645000000000003 234.05000000000004 90.269635416666688 118.18000000000002 279.55000000000001 3.5000000000000004 13.005000000000001 23.555000000000003 88.500000000000014 60.900000000000006 2.5000000000000004 51.030000000000008 57.385000000000005 45.219642857142865 2.5000000000000004 5.5000000000000009 22.085000000000004 1.0000000180025095e-35 97.234687500000007 244.08000000000004 24.500000000000004 40.970000000000006 58.726249999999986 69.500000000000014
decision_type=2 2 2 2 2 2 2 2 2 2 2 2 2 2 2 2 2 2 2 2 2 2 2 2 2 2 2 2 2 2
left_child=5 7 -3 6 -5 15 8 12 11 27 20 -4 -2 -9 -15 17 -8 18 19 -1 23 22 24 -10 25 -22 -19 -7 -29 -30
right_child=1 2 3 4 -6 9 16 13 10 -11 -12 -13 -14 14 -16 -17 -18 26 -20 -21 21 -23 -24 -25 -26 -27 -28 28 29 -31
leaf_value=0.020141697608125519 0.026827403381145722 0.3719750174507499 -0.024165639823133297 0.39322497802121298 0.13690601337168898 -0.049353816453367477 -0.040265905633568772 0.12120970745038773 0.1546590656740591 -0.11029953403132303 0.21574443767468138 0.10910416570576756 -0.067536559296322282 0.096027538862545059 -0.018500056068102521 -0.11262512089541327 0.053865533117204906 0.046969748134522336 -0.10412870566685534 -0.043181004338052401 0.16099028358502049 0.078355604323691555 0.23822275328225107 0.075206036348618679 0.18605009691091257 0.063689451640652081 -0.024471514656360507 0.087168775081634522 0.00029546178499222699 0.052372309878807179
leaf_weight=39 29 20 22 21 35 28 20 28 32 21 30 22 58 20 30 26 60 23 43 1246 21 28 29 67 32 31 196 25 266 44
leaf_count=39 29 20 22 21 35 28 20 28 32 21 30 22 58 20 30 26 60 23 43 1246 21 28 29 67 32 31 196 25 266 44
internal_value=-4.90723e-11 0.0996471 0.131182 0.12048 0.233026 -0.0323331 0.104484 0.00981997 0.123376 0.00224999 0.136561 0.0424693 -0.0360819 0.0610182 0.027311 -0.0407755 0.0303327 -0.039568 -0.0432948 -0.0412591 0.126663 0.14476 0.161214 0.100888 0.134628 0.102984 -0.0169686 0.00876112 0.0136185 0.00768701
internal_weight=2592 635 470 450 56 1957 394 165 314 384 270 44 87 78 50 1573 80 1547 1328 1285 240 141 113 99 84 52 219 363 335 310
internal_count=2592 635 470 450 56 1957 394 165 314 384 270 44 87 78 50 1573 80 1547 1328 1285 240 141 113 99 84 52 219 363 335 310
is_linear=0
shrinkage=0.05


Tree=82
num_leaves=31
num_cat=0
split_feature=11 0 9 9 7 9 10 12 12 11 10 6 10 12 11 3 12 3 10 9 9 7 0 6 5 5 9 10 0 10
split_gain=3014.77 649.571 378.943 309.175 311.292 206.266 192.258 205.391 142.774 127.9 101.587 91.7771 107.827 77.8827 70.6492 61.2338 56.2879 53.3871 52.3814 49.2683 47.0368 59.4355 61.0693 44.8542 44.7273 79.738 38.43 40.8158 37.9267 37.2873
threshold=111.3075 89.500000000000014 95.795000000000016 298.95000000000005 265.20000000000005 95.795000000000016 111.19500000000001 90.269635416666688 93.576718750000012 227.68625000000003 118.18000000000002 6.0750000000000011 279.55000000000001 94.226250000000007 199.04500000000002 3.5000000000000004 99.354322916666689 5.5000000000000009 234.05000000000004 60.900000000000006 51.030000000000008 59.670000000000009 55.500000000000007 17.145000000000003 30.400000000000002 29.065000000000001 243.11500000000004 239.94000000000003 24.500000000000004 263.94000000000011
decision_type=2 2 2 2 2 2 2 2 2 2 2 2 2 2 2 2 2 2 2 2 2 2 2 2 2 2 2 2 2 2
left_child=5 2 -2 6 -5 19 13 9 23 -8 -7 18 16 -4 15 -10 17 24 -9 20 21 22 -1 -3 25 26 -13 -28 -22 -29
right_child=1 8 3 4 -6 10 7 11 14 -11 -12 12 -14 -15 -16 -17 -18 -19 -20 -21 28 -23 -24 -25 -26 -27 27 29 -30 -31
leaf_value=-0.041087446755007279 0.33279965183581228 -0.033162325466983021 0.082274152263998993 0.37356372333708265 0.13006071069410871 0.0083230652331987773 -0.069649265949492875 0.0032477936148643492 0.042702544033527377 0.082133228470172209 -0.1047845581989913 0.14864330058658703 0.23376469405797812 -0.04428094627876436 0.091833377321218629 -0.064448481763247398 0.20267618776891722 0.048418916303974886 0.10083823752674191 -0.10699386456264899 0.04462125921702903 -0.11598372350518521 0.041115606414235159 -0.13905640402808786 0.060477442700754516 0.22279962916737017 0.15835046361200511 0.037572734865049529 -0.023247938854999994 0.12118717801446717
leaf_weight=1279 20 20 20 21 35 363 23 20 30 35 21 72 26 31 29 24 22 24 44 26 23 26 23 20 22 23 20 30 196 24
leaf_count=1279 20 20 20 21 35 363 23 20 30 35 21 72 26 31 29 24 22 24 44 26 23 26 23 20 22 23 20 30 196 24
internal_value=-3.90926e-11 0.0946647 0.119451 0.110778 0.221374 -0.0307165 0.0965735 0.108658 -0.00851133 0.0219436 0.00213749 0.124038 0.137105 0.0053485 0.0288853 -0.00492013 0.126501 0.118707 0.0703412 -0.0387368 -0.0375896 -0.0411301 -0.0396353 -0.0861094 0.127539 0.136269 0.122637 0.0973336 -0.0161201 0.0747347
internal_weight=2592 635 512 492 56 1957 436 385 123 58 384 327 263 51 83 54 237 215 64 1573 1547 1328 1302 40 191 169 146 74 219 54
internal_count=2592 635 512 492 56 1957 436 385 123 58 384 327 263 51 83 54 237 215 64 1573 1547 1328 1302 40 191 169 146 74 219 54
is_linear=0
shrinkage=0.05


Tree=83
num_leaves=31
num_cat=0
split_feature=11 5 9 5 7 8 9 10 7 9 9 10 12 10 2 3 12 9 8 5 3 6 8 3 9 9 7 12 12 12
split_gain=2720.83 593.295 399.991 281.312 548.804 198.968 186.155 125.853 117.478 104.146 97.1809 91.6823 69.2535 77.0327 64.2758 62.369 88.1706 123.575 122.786 59.9305 59.3046 53.4553 81.5803 46.7176 44.4646 42.4508 55.76 54.6504 40.4844 37.0745
threshold=111.3075 24.840000000000003 97.080000000000013 30.465000000000003 218.39000000000001 110.98500000000001 95.795000000000016 110.89000000000001 161.77500000000003 127.55500000000002 138.46500000000003 118.18000000000002 90.868854166666679 315.62000000000006 22.500000000000004 5.5000000000000009 94.495364583333341 269.54500000000002 243.11500000000004 24.075000000000003 4.5000000000000009 20.185000000000006 287.49500000000006 3.5000000000000004 60.900000000000006 51.030000000000008 57.385000000000005 45.219642857142865 97.716875000000016 99.585989583333358
decision_type=2 2 2 2 2 2 2 2 2 2 2 2 2 2 2 2 2 2 2 2 2 2 2 2 2 2 2 2 2 2
left_child=6 7 -3 4 -4 14 24 28 9 -9 -7 -8 23 15 -5 16 17 -14 -18 -10 21 22 -20 -6 25 26 27 -1 -2 -29
right_child=1 2 3 5 12 10 11 8 19 -11 -12 -13 13 -15 -16 -17 18 -19 20 -21 -22 -23 -24 -25 -26 -27 -28 29 -30 -31
leaf_value=0.021083597437693523 -0.10012718796944962 0.33736260760575537 0.37127383527430624 0.01242066809664602 0.002376047131561098 0.045105081761721524 0.0079069116660977455 0.047503179706761552 0.13932127908670477 -0.093303817417472609 0.18560373574495315 -0.099545331605310955 0.12563829712691854 0.20870162813613813 -0.10856852701732092 0.045968024867008732 0.26339203463867306 0.00026844508689025353 0.1001570062711835 0.039156372319848746 0.20574823028984524 0.070517580512733699 0.22610477000474929 0.1002995114323908 -0.10164416885146728 -0.015314117044031825 -0.095081516441910763 -0.042393255510248348 -0.01189197085511226 -0.016947697440416298
leaf_weight=39 26 20 22 23 21 32 363 29 28 24 20 21 61 24 21 29 20 29 36 32 21 42 20 29 26 219 43 1081 26 165
leaf_count=39 26 20 22 23 21 32 363 29 28 24 20 21 61 24 21 29 20 29 36 32 21 42 20 29 26 219 43 1081 26 165
internal_value=1.13554e-10 0.0899315 0.118567 0.108843 0.12943 0.0329289 -0.0291806 0.00836244 0.037985 -0.0162585 0.099143 0.00203062 0.113404 0.12302 -0.0453242 0.11505 0.123798 0.0852413 0.148763 0.0859 0.129497 0.113158 0.145138 0.0591717 -0.0367999 -0.0357101 -0.0390736 -0.0371994 -0.0560096 -0.0390237
internal_weight=2592 635 470 450 354 96 1957 165 113 53 52 384 332 282 44 258 229 90 139 60 119 98 56 50 1573 1547 1328 1285 52 1246
internal_count=2592 635 470 450 354 96 1957 165 113 53 52 384 332 282 44 258 229 90 139 60 119 98 56 50 1573 1547 1328 1285 52 1246
is_linear=0
shrinkage=0.05


Tree=84
num_leaves=31
num_cat=0
split_feature=9 7 0 0 12 12 12 9 9 6 8 9 10 3 8 9 0 5 11 5 10 7 12 11 12 2 8 5 7 12
split_gain=2459.08 577.241 305.434 279.8 192.621 135.256 119.834 110.697 141.043 77.1314 75.1011 393.901 233.886 133.624 72.1512 61.1704 68.3602 59.2582 55.3152 49.9199 57.3079 51.8407 45.522 42.4432 48.3989 62.9282 74.1117 37.9463 33.2852 32.9877
threshold=169.82500000000002 238.26500000000001 74.500000000000014 55.500000000000007 87.166562500000012 91.146562500000002 89.551614583333347 295.61500000000007 324.85500000000008 6.0750000000000011 103.85000000000001 118.18000000000002 125.38000000000001 1.5000000000000002 236.84 269.54500000000002 79.500000000000014 24.885000000000002 266.08625000000001 23.225000000000005 43.545000000000009 108.51000000000001 98.277864583333354 109.18749999999999 92.888072916666673 22.500000000000004 110.98500000000001 33.000000000000007 109.02000000000002 99.682500000000019
decision_type=2 2 2 2 2 2 2 2 2 2 2 2 2 2 2 2 2 2 2 2 2 2 2 2 2 2 2 2 2 2
left_child=1 3 -2 29 -5 14 -6 9 -9 18 11 28 19 -14 -4 16 -11 -15 -7 20 -12 -21 -18 -23 -25 27 -27 -26 -8 -1
right_child=2 -3 5 4 6 7 10 8 -10 15 12 -13 13 17 -16 -17 22 -19 -20 21 -22 23 -24 24 25 26 -28 -29 -30 -31
leaf_value=-0.038152287014669911 0.27189956956676076 0.24630345687270166 -0.020609285756945612 0.15282137635208312 -0.076201260561237535 -0.016966713893981206 -0.0041946643337723803 0.27411101460456849 0.10084001819292705 0.19728416279279468 -0.11045030072331428 -0.22869114959612491 -0.0019279846921563149 0.10207977086305618 0.081967726829461754 0.059962661245039531 0.10140302707219409 0.21754877351224425 0.096483514932068914 0.04234219008343823 -0.0018911442749442592 -0.069898619545299731 0.17653681089480719 -0.061187801088975827 -0.063922420764962837 0.00024125226165937344 0.12860558493570848 0.020427588696281116 0.055095797715087741 -0.015871559342271406
leaf_weight=1322 28 20 30 21 49 21 192 23 24 29 20 20 20 25 40 42 126 20 22 81 31 23 24 23 24 23 22 30 27 190
leaf_count=1322 28 20 30 21 49 21 192 23 24 29 20 20 20 25 40 42 126 20 22 81 31 23 24 23 24 23 22 30 27 190
internal_value=-3.95237e-13 -0.0210802 0.112513 -0.0235525 0.00385383 0.1008 -0.00111175 0.114934 0.185632 0.102347 0.0052211 -0.0162829 0.0202487 0.105606 0.0380062 0.114268 0.127011 0.153399 0.0410776 0.000218987 -0.0444634 0.0103022 0.113424 -0.00759604 0.00414952 0.0193289 0.0629971 -0.0170613 0.00311512 -0.0353525
internal_weight=2592 2183 409 2163 651 381 630 311 47 264 581 239 342 65 70 221 179 45 43 277 51 226 150 145 122 99 45 54 219 1512
internal_count=2592 2183 409 2163 651 381 630 311 47 264 581 239 342 65 70 221 179 45 43 277 51 226 150 145 122 99 45 54 219 1512
is_linear=0
shrinkage=0.05


Tree=85
num_leaves=31
num_cat=0
split_feature=9 7 0 0 6 12 12 9 12 9 9 12 10 6 9 6 3 9 0 3 7 12 12 7 6 9 3 8 3 12
split_gain=2219.32 520.96 275.654 252.52 182.087 560.873 346.077 136.663 122.069 99.9038 127.292 89.8136 88.6873 131.992 74.6691 69.6111 65.5653 55.2063 61.6951 54.5519 42.2432 41.0836 38.6362 44.5436 46.0202 38.9579 37.1887 33.8313 31.4804 39.2487
threshold=169.82500000000002 238.26500000000001 74.500000000000014 55.500000000000007 14.675000000000002 89.18401041666668 88.666302083333349 140.80000000000004 91.146562500000002 295.61500000000007 324.85500000000008 98.573750000000004 106.14 5.035000000000001 118.18000000000002 6.0750000000000011 3.5000000000000004 269.54500000000002 79.500000000000014 3.5000000000000004 105.78000000000002 98.277864583333354 99.585989583333358 99.735000000000014 17.960000000000004 108.42000000000002 4.5000000000000009 43.545000000000009 1.0000000180025095e-35 99.682500000000019
decision_type=2 2 2 2 2 2 2 2 2 2 2 2 2 2 2 2 2 2 2 2 2 2 2 2 2 2 2 2 2 2
left_child=1 3 -2 28 5 -5 -6 14 16 15 -11 12 20 -14 22 19 -4 18 -17 -10 -7 -20 23 27 -25 -26 -15 -8 -1 -30
right_child=2 -3 8 4 6 11 7 -9 9 10 -12 -13 13 26 -16 17 -18 -19 21 -21 -22 -23 -24 24 25 -27 -28 -29 29 -31
leaf_value=-0.013178764090740256 0.25830458587734029 0.2339882831275463 -0.019770428421907127 0.28998294413089754 -0.19457725668684223 -0.01426149040926248 -0.082987240063292653 -0.10422135896515101 0.094046063924377615 0.2604054672562558 0.09579802192747594 0.070446895881156837 -0.053063680045306684 0.092267733528796178 0.076594772899989047 0.18741995198331005 0.07801304308697582 0.056964526511728765 0.096332874896937037 -0.018618762209301903 -0.090693267511910411 0.16770996678775799 -0.067569939792156225 -0.042098224548430284 0.045424515409965296 -0.0074662304931768664 0.022982107234351776 -0.010507549545255261 -0.039602621348130994 -0.015077981215803641
leaf_weight=168 28 20 30 20 26 48 21 32 22 23 24 56 36 45 32 29 40 42 126 21 29 24 22 29 98 54 34 69 1154 190
leaf_count=168 28 20 30 20 26 48 21 32 22 23 24 56 36 45 32 29 40 42 126 21 29 24 22 29 98 54 34 69 1154 190
internal_value=-2.49269e-10 -0.0200262 0.106888 -0.0223749 0.00366114 0.035273 -0.0184589 -0.00563239 0.09576 0.109187 0.176351 0.0147319 -0.00151828 0.0262882 0.00407483 0.0972299 0.0361058 0.108555 0.12066 0.0390237 -0.0430475 0.107753 -0.00384544 0.00132777 0.015622 0.0266344 0.0624486 -0.0274195 -0.0335848 -0.0361356
internal_weight=2592 2183 409 2163 651 268 383 357 381 311 47 248 192 115 325 264 70 221 179 43 77 150 293 271 181 152 79 90 1512 1344
internal_count=2592 2183 409 2163 651 268 383 357 381 311 47 248 192 115 325 264 70 221 179 43 77 150 293 271 181 152 79 90 1512 1344
is_linear=0
shrinkage=0.05


Tree=86
num_leaves=31
num_cat=0
split_feature=9 7 0 0 12 12 12 9 9 8 9 10 3 8 6 9 6 11 10 5 10 0 8 7 7 10 6 11 6 12
split_gain=2002.94 470.166 248.778 227.899 178.38 111.946 110.167 90.1631 114.881 64.5794 279.07 156.409 110.704 64.3022 62.824 50.6532 74.1716 50.5338 47.7851 47.6783 51.9719 45.3167 90.4657 48.8016 42.2291 36.6124 35.2063 34.9627 32.6549 49.2964
threshold=169.82500000000002 238.26500000000001 74.500000000000014 55.500000000000007 87.166562500000012 89.551614583333347 91.146562500000002 295.61500000000007 324.85500000000008 101.96000000000002 115.045 125.38000000000001 1.5000000000000002 236.84 6.0750000000000011 241.18500000000003 8.6150000000000002 266.08625000000001 246.14500000000001 23.225000000000005 43.545000000000009 59.500000000000007 42.525000000000013 99.295000000000016 108.51000000000001 106.71000000000002 17.860000000000003 107.2375 22.225000000000005 92.888072916666673
decision_type=2 2 2 2 2 2 2 2 2 2 2 2 2 2 2 2 2 2 2 2 2 2 2 2 2 2 2 2 2 2
left_child=1 3 -2 -1 -5 -6 13 14 -9 10 21 19 -13 -4 17 18 -17 -8 26 20 -11 22 23 -7 27 -24 -16 -21 29 -26
right_child=2 -3 6 4 5 9 7 8 -10 11 -12 12 -14 -15 15 16 -18 -19 -20 24 -22 -23 25 -25 28 -27 -28 -29 -30 -31
leaf_value=-0.031905595137849407 0.24538936205208303 0.222288858294487 -0.021034888707411787 0.14683317474666097 -0.073876641173751992 -0.06684598094887205 -0.018406432015555248 0.24738518673440685 0.091008115125199171 -0.10499247446656229 -0.19036422449918022 -0.009627501081143108 0.12845780733933157 0.075802127518691129 0.15502597320647468 0.17497497037053111 0.071211565158239773 0.090029710802164944 0.187968640042735 0.013637948870121069 -0.0016108175439219321 -0.023844331251771263 0.02832196639342742 0.032266062498092656 -0.058999346229045291 0.11676259630918502 0.069383430165180476 0.073062320955489812 -0.0496928076752845 0.023116658251272161
leaf_weight=1512 28 20 30 21 49 27 21 23 24 20 21 21 47 40 21 20 124 22 28 71 31 89 22 23 23 25 28 38 34 89
leaf_count=1512 28 20 30 21 49 27 21 23 24 20 21 21 47 40 21 20 124 22 28 71 31 89 22 23 23 25 28 38 34 89
internal_value=-3.87254e-11 -0.0190249 0.101543 -0.0212561 0.00347808 -0.00130042 0.090972 0.103728 0.167533 0.00482047 -0.0175863 0.0172221 0.0858138 0.0343005 0.0923684 0.103127 0.0856231 0.0370725 0.135862 0.00197948 -0.0421526 0.00192086 0.0255611 -0.0212544 0.0108059 0.0753649 0.106087 0.0343547 -0.00677505 0.00625355
internal_weight=2592 2183 409 2163 651 630 381 311 47 581 207 374 68 70 264 221 144 43 77 306 51 186 97 50 255 47 49 109 146 112
internal_count=2592 2183 409 2163 651 630 381 311 47 581 207 374 68 70 264 221 144 43 77 306 51 186 97 50 255 47 49 109 146 112
is_linear=0
shrinkage=0.05


Tree=87
num_leaves=31
num_cat=0
split_feature=9 7 0 0 6 12 12 9 12 9 9 3 10 12 9 3 6 6 6 3 9 5 12 8 9 8 12 7 6 9
split_gain=1807.65 424.325 224.522 205.679 161.136 506.954 321.282 121.624 99.4258 81.3722 103.68 78.0721 117.496 73.2281 66.6682 58.4041 57.9355 56.6986 53.5083 49.8179 47.3638 58.2112 43.6304 42.1347 39.3059 36.6726 34.6823 37.8388 42.5311 34.8843
threshold=169.82500000000002 238.26500000000001 74.500000000000014 55.500000000000007 14.56 89.18401041666668 88.666302083333349 140.80000000000004 91.146562500000002 295.61500000000007 324.85500000000008 4.5000000000000009 106.14 99.208333333333357 118.18000000000002 3.5000000000000004 5.035000000000001 6.0750000000000011 8.2750000000000004 3.5000000000000004 269.54500000000002 27.665000000000003 98.125156250000018 287.49500000000006 241.18500000000003 103.16000000000001 99.585989583333358 99.735000000000014 17.960000000000004 108.63000000000001
decision_type=2 2 2 2 2 2 2 2 2 2 2 2 2 2 2 2 2 2 2 2 2 2 2 2 2 2 2 2 2 2
left_child=1 3 -2 -1 5 -5 -6 14 15 17 -11 12 13 25 26 -4 -13 19 -14 -10 21 22 24 -23 -19 -7 27 -8 -29 -30
right_child=2 -3 8 4 6 11 7 -9 9 10 -12 16 18 -15 -16 -17 -18 20 -20 -21 -22 23 -24 -25 -26 -27 -28 28 29 -31
leaf_value=-0.030310315401083917 0.23311989169035641 0.21117442755028604 -0.020151085921873649 0.27531520172953611 -0.18709674874463908 -0.0042700845127304401 -0.024957526542737588 -0.09811266534379684 0.087799627266146929 0.2350159294295894 0.086457711209853502 -0.09044336172131201 0.045296481762219364 0.05621397366317419 0.071409653343090962 0.072137980400584639 0.00065032593265641487 0.10792783027831115 0.1285806911935409 -0.019865673212778004 0.050185139656865177 0.21222774840891365 0.14787133187055587 0.11569669451564552 0.046741595475647886 -0.091677874912663049 -0.063924664326689459 -0.040922269636187059 0.042426302983425562 -0.0080636804708494585
leaf_weight=1512 28 20 30 20 26 24 91 32 22 23 24 24 54 26 33 40 64 53 30 21 42 20 28 26 52 24 22 29 100 52
leaf_count=1512 28 20 30 20 26 24 91 32 22 23 24 24 54 26 33 40 64 53 30 21 42 20 28 26 52 24 22 29 100 52
internal_value=5.801e-11 -0.0180736 0.0964662 -0.0201933 0.00330418 0.0332313 -0.0173727 -0.00508076 0.0864234 0.0985413 0.159156 0.0135497 0.0345712 -0.0113674 0.00402328 0.0325855 -0.0241934 0.08775 0.0750408 0.0352189 0.097971 0.109183 0.0924146 0.157667 0.0776261 -0.047974 -0.00354049 0.00134352 0.0145667 0.0251534
internal_weight=2592 2183 409 2163 651 266 385 359 381 311 47 246 158 74 327 70 88 264 84 43 221 179 133 46 105 48 294 272 181 152
internal_count=2592 2183 409 2163 651 266 385 359 381 311 47 246 158 74 327 70 88 264 84 43 221 179 133 46 105 48 294 272 181 152
is_linear=0
shrinkage=0.05


Tree=88
num_leaves=31
num_cat=0
split_feature=9 7 0 0 12 12 12 9 9 8 8 9 10 3 6 11 9 5 5 10 7 0 8 7 12 9 8 3 10 5
split_gain=1631.41 383.612 202.631 182.133 165.962 103.168 89.7318 73.4384 93.5711 57.9681 54.3812 246.757 135.522 99.3627 51.1705 46.1656 42.7458 52.5356 41.0806 46.2452 40.6069 39.9627 78.8645 43.7298 39.3936 38.5249 38.0265 32.8841 31.8487 31.7349
threshold=169.82500000000002 228.07000000000002 74.500000000000014 55.500000000000007 87.166562500000012 89.551614583333347 91.146562500000002 295.61500000000007 324.85500000000008 235.06500000000003 101.96000000000002 115.045 125.38000000000001 1.5000000000000002 6.0750000000000011 266.08625000000001 269.54500000000002 27.665000000000003 23.225000000000005 43.545000000000009 108.51000000000001 59.500000000000007 42.525000000000013 99.295000000000016 98.277864583333354 241.18500000000003 287.49500000000006 4.5000000000000009 106.71000000000002 33.435000000000009
decision_type=2 2 2 2 2 2 2 2 2 2 2 2 2 2 2 2 2 2 2 2 2 2 2 2 2 2 2 2 2 2
left_child=1 3 -2 -1 -5 -6 9 14 -9 -4 11 21 18 -14 15 -8 17 24 19 -12 -20 22 23 -7 25 -16 -19 -11 -24 -23
right_child=2 -3 6 4 5 10 7 8 -10 27 12 -13 13 -15 16 -17 -18 26 20 -21 -22 29 28 -25 -26 -27 -28 -29 -30 -31
leaf_value=-0.028794799868951223 0.22146390335900443 0.19056286605244332 -0.032036229595541955 0.14113948685782296 -0.071415607303342954 -0.062724191667857004 -0.019568980804511481 0.22326513101225315 0.082134830330808969 0.025076141081750394 -0.098683723360300069 -0.17886620192300706 -0.0092506876836220431 0.12246510673831734 0.1039432667328843 0.084074569019404327 0.04767588296284278 0.20161636341363193 0.032843046160329369 -0.001163940480159175 -0.0074890174175778479 0.025519811548292637 0.026769067685712467 0.031096342141213623 0.14578535916904609 0.044469941105201562 0.10991185795909797 0.10994777184511935 0.10925562486052515 -0.040911649337795099
leaf_weight=1512 28 22 24 21 49 27 21 23 24 25 20 21 21 45 56 22 42 20 109 31 146 25 22 23 24 53 26 21 25 64
leaf_count=1512 28 22 24 21 49 27 21 23 24 25 20 21 21 45 56 22 42 20 109 31 146 25 22 23 24 53 26 21 25 64
internal_value=4.58655e-11 -0.0171699 0.0916429 -0.0192847 0.00287119 -0.00175243 0.0821023 0.0936142 0.151199 0.0309562 0.00414307 -0.0163989 0.0155737 0.0805555 0.0833625 0.033458 0.0930724 0.103724 0.00155797 -0.039407 0.00975096 0.00194421 0.024144 -0.0195667 0.0877938 0.075025 0.149783 0.0638219 0.0706449 -0.0222511
internal_weight=2592 2183 409 2161 649 628 381 311 47 70 579 207 372 66 264 43 221 179 306 51 255 186 97 50 133 109 46 46 47 89
internal_count=2592 2183 409 2161 649 628 381 311 47 70 579 207 372 66 264 43 221 179 306 51 255 186 97 50 133 109 46 46 47 89
is_linear=0
shrinkage=0.05


Tree=89
num_leaves=31
num_cat=0
split_feature=9 7 0 0 12 12 12 9 9 7 10 8 9 10 11 6 3 6 9 6 10 5 7 9 7 11 5 10 11 12
split_gain=1472.34 347.297 182.875 167.356 149.221 93.8191 80.9829 66.2782 84.4479 53.6034 70.2595 50.8193 300.467 173.687 128.413 46.1814 45.4947 41.1868 39.4376 63.2534 42.3538 33.7455 43.1416 42.7315 33.645 33.3681 52.0082 35.0131 33.0223 37.245
threshold=169.82500000000002 238.26500000000001 74.500000000000014 55.500000000000007 87.166562500000012 89.551614583333347 91.146562500000002 295.61500000000007 324.85500000000008 243.11500000000004 248.215 103.85000000000001 118.18000000000002 125.38000000000001 124.25375000000001 6.0750000000000011 3.5000000000000004 16.390000000000004 241.18500000000003 8.6150000000000002 246.14500000000001 23.225000000000005 108.51000000000001 52.260000000000012 244.08000000000004 291.97750000000002 27.985000000000003 239.94000000000003 109.18749999999999 92.888072916666673
decision_type=2 2 2 2 2 2 2 2 2 2 2 2 2 2 2 2 2 2 2 2 2 2 2 2 2 2 2 2 2 2
left_child=1 3 -2 -1 -5 -6 9 15 -9 10 -4 12 -7 21 -15 16 -8 -16 20 -20 24 23 -23 -13 -17 26 27 -21 -24 -30
right_child=2 -3 6 4 5 11 7 8 -10 -11 -12 13 -14 14 17 18 -18 -19 19 25 -22 22 28 -25 -26 -27 -28 -29 29 -31
leaf_value=-0.02735505980695413 0.21039070242217611 0.19108756043016911 0.0045432955891426116 0.13408250721792381 -0.067844825922226418 0.0034521056743143084 0.082032559270208527 0.21210187942437503 0.078028082257757592 -0.039772615507245063 0.12394683701409535 -0.092139520992835372 -0.19900359958410263 0.18837031696669082 0.087659318440339792 0.13332235213045193 -0.020855188795498442 -0.01023613398983365 0.15548736512660982 0.079025004761559631 0.16635903080127068 0.036819333222085311 -0.063691499975064528 0.00085537002732356381 0.050303349185448432 0.012720096625130753 0.12354841095340603 0.0024248377634928779 -0.055692612460773928 0.014939518622828253
leaf_weight=1512 28 20 28 21 49 219 22 23 24 20 22 21 20 22 22 23 21 21 20 35 28 81 23 30 26 29 34 26 23 99
leaf_count=1512 28 20 28 21 49 219 22 23 24 20 22 21 20 22 22 23 21 21 20 35 28 81 23 30 26 29 34 26 23 99
internal_value=-6.12887e-11 -0.0163114 0.0870608 -0.0182291 0.00296658 -0.00140395 0.0779972 0.0889335 0.143639 0.0294084 0.0570809 0.0041995 -0.0134898 0.0165613 0.0901184 0.0791944 0.0317851 0.0398499 0.0884188 0.0729736 0.117303 -0.000699369 0.0075909 -0.0374366 0.0892715 0.0596649 0.0739954 0.0463758 -0.00873671 0.00162363
internal_weight=2592 2183 409 2163 651 630 381 311 47 70 50 581 239 342 65 264 43 43 221 144 77 277 226 51 49 124 95 61 145 122
internal_count=2592 2183 409 2163 651 630 381 311 47 70 50 581 239 342 65 264 43 43 221 144 77 277 226 51 49 124 95 61 145 122
is_linear=0
shrinkage=0.05


Tree=90
num_leaves=31
num_cat=0
split_feature=9 7 6 0 8 9 9 2 12 12 0 9 8 12 2 9 12 11 9 0 8 7 0 8 2 9 0 6 10 6
split_gain=1328.79 313.435 176.264 867.562 337.387 151.727 172.187 72.6686 327.556 72.1116 182.466 65.3502 409.988 55.7398 170.688 54.3758 49.4836 52.9678 93.1919 100.542 46.2639 42.9856 33.8497 61.3371 62.5196 56.0886 36.299 27.3508 27.189 24.493
threshold=169.82500000000002 238.26500000000001 23.285000000000004 77.500000000000014 113.35000000000001 95.795000000000016 61.585000000000001 1.0000000180025095e-35 87.166562500000012 97.857760416666693 83.500000000000014 149.89500000000001 106.97500000000001 88.148125000000007 22.500000000000004 55.070000000000007 89.759739583333342 222.11375000000001 279.84500000000008 79.500000000000014 50.170000000000009 36.425000000000004 69.500000000000014 112.70500000000001 37.500000000000007 136.57500000000002 91.500000000000014 8.0550000000000015 250.28500000000003 28.255000000000006
decision_type=2 2 2 2 2 2 2 2 2 2 2 2 2 2 2 2 2 2 2 2 2 2 2 2 2 2 2 2 2 2
left_child=1 5 4 -4 -2 6 7 8 -1 16 -11 22 -13 14 -9 21 -6 -18 19 -19 -16 -15 -7 24 -24 26 -25 -10 -5 -23
right_child=2 -3 3 28 9 11 -8 13 27 10 -12 12 -14 15 20 -17 17 18 -20 -21 -22 29 23 25 -26 -27 -28 -29 -30 -31
leaf_value=0.19291192173957827 -0.083996285182057012 0.18153317674994471 0.43308042338117958 0.008680868945601914 0.016934681220856659 0.0023727196377304415 -0.17075777187943461 -0.15585506949573757 0.013071007339416872 0.23569366860389712 0.051366879302879864 -0.21705709554255012 0.099260235968090249 -0.07261558957736601 -0.046553720036107638 0.0063759130752112109 0.15535087189213798 0.18034835292398932 -0.0092208413632008535 0.07166577139120367 0.043323013026799473 -0.025754906042523881 0.10850481558591128 0.064379406441003081 0.0054243183811195196 -0.063547588269347741 -0.015157660841941834 -0.021751386122296341 0.083561783207749776 -0.073222956274236958
leaf_weight=20 33 20 20 27 34 356 20 34 70 25 29 20 21 55 45 117 22 25 29 143 21 923 38 32 24 23 26 290 22 28
leaf_count=20 33 20 20 27 34 356 20 34 70 25 29 20 21 55 45 117 22 25 29 143 21 923 38 32 24 23 26 290 22 28
internal_value=5.08823e-11 -0.0154959 0.0827077 0.15557 0.0679209 -0.0173177 -0.0249562 -0.0231371 -0.00403867 0.0842508 0.136703 0.00564042 -0.0550409 -0.0290712 -0.0648421 -0.0258859 0.0730554 0.0817682 0.0735508 0.0878388 -0.0179566 -0.0296381 0.0106263 0.0311735 0.0686027 0.00252404 0.0287249 -0.0149804 0.0423009 -0.0271525
internal_weight=2592 2183 409 69 340 2163 1623 1603 380 307 54 540 41 1223 100 1123 253 219 197 168 66 1006 499 143 62 81 58 360 49 951
internal_count=2592 2183 409 69 340 2163 1623 1603 380 307 54 540 41 1223 100 1123 253 219 197 168 66 1006 499 143 62 81 58 360 49 951
is_linear=0
shrinkage=0.05


Tree=91
num_leaves=31
num_cat=0
split_feature=9 7 0 10 7 7 6 12 6 8 7 10 6 11 6 12 7 12 3 12 7 10 0 6 6 9 11 5 12 10
split_gain=1199.23 282.875 164.482 138.324 83.1034 95.9619 124.399 68.5469 68.1167 56.0169 105.062 53.9723 53.5526 55.6736 52.964 310.871 179.392 63.7303 72.7891 65.8443 50.9712 62.0799 49.7452 57.6354 47.1278 55.1876 59.5837 57.6422 78.3769 34.4204
threshold=169.82500000000002 238.26500000000001 74.500000000000014 56.910000000000004 161.77500000000003 128.95500000000001 19.390000000000004 91.146562500000002 1.8000000000000003 39.615000000000002 50.170000000000009 315.62000000000006 5.9600000000000009 266.08625000000001 15.505000000000001 87.920520833333356 108.51000000000001 99.208333333333357 4.5000000000000009 98.077864583333351 243.11500000000004 248.215 69.500000000000014 10.290000000000001 8.5350000000000019 241.18500000000003 291.97750000000002 27.985000000000003 94.495364583333341 246.14500000000001
decision_type=2 2 2 2 2 2 2 2 2 2 2 2 2 2 2 2 2 2 2 2 2 2 2 2 2 2 2 2 2 2
left_child=1 3 -2 14 5 8 -7 20 -5 -10 -11 12 13 -9 15 -1 -16 19 -19 -17 21 -4 -12 -24 -14 29 27 -27 -29 -26
right_child=2 -3 7 4 -6 6 -8 11 9 10 22 -13 24 -15 16 17 -18 18 -20 -21 -22 -23 23 -25 25 26 -28 28 -30 -31
leaf_value=0.13794667608308372 0.19553603253194266 0.17245651394128803 0.0028736905228080498 -0.075892507374286655 0.085335917006535783 -0.0014997013703440176 -0.15297818135308183 -0.035721294794763839 -0.053689075020306259 0.10502983665671842 -0.0015360794392583945 0.15048945470154285 0.1453697296480338 0.076881028452645175 -0.029249606828310615 -0.026668584044091406 -0.17388476485555823 0.025687386291948236 -0.070419276086613539 -0.1193763110227883 -0.042187081649899483 0.11511175560087644 0.090743304975330841 0.012582102171205856 0.083408677260476086 0.041552649660696911 -0.0053276173459986843 0.054876309764330035 0.17905918999264639 0.15432379972189667
leaf_weight=32 28 20 28 25 29 33 23 21 34 29 379 25 27 23 840 452 22 110 24 20 20 22 34 77 44 62 30 27 24 28
leaf_count=32 28 20 28 25 29 33 23 21 34 29 379 25 27 23 840 452 22 110 24 20 20 22 34 77 44 62 30 27 24 28
internal_value=3.22028e-11 -0.0147211 0.0785723 -0.0164518 0.00256681 -0.00121915 -0.0637141 0.0699766 0.00483572 0.00848527 0.0125584 0.0800383 0.0738799 0.023139 -0.024858 -0.0139371 -0.032941 -0.0219574 0.00847425 -0.0305969 0.025274 0.0522584 0.00708555 0.0365234 0.0831056 0.0752863 0.0573113 0.0739411 0.113315 0.110987
internal_weight=2592 2183 409 2163 663 634 56 381 578 553 519 311 286 44 1500 638 862 606 134 472 70 50 490 111 242 215 143 113 51 72
internal_count=2592 2183 409 2163 663 634 56 381 578 553 519 311 286 44 1500 638 862 606 134 472 70 50 490 111 242 215 143 113 51 72
is_linear=0
shrinkage=0.05


Tree=92
num_leaves=31
num_cat=0
split_feature=11 5 12 5 8 8 9 7 11 7 10 10 3 6 3 8 10 8 7 3 0 11 0 10 5 6 0 5 12 12
split_gain=1093.05 299.839 372.332 214.132 489.565 195.491 78.908 84.597 82.2039 156.939 71.0586 69.2706 67.5522 79.9735 65.8587 65.0358 80.8948 244.539 63.4492 60.1153 58.7786 44.3334 79.4039 47.9136 42.284 39.896 66.7914 85.0937 37.3568 31.0218
threshold=110.99125000000002 24.840000000000003 88.478750000000005 30.465000000000003 112.43500000000002 106.97500000000001 51.030000000000008 59.670000000000009 41.21875 48.035000000000004 111.19500000000001 110.89000000000001 3.5000000000000004 19.560000000000006 2.5000000000000004 276.47000000000008 270.99500000000006 161.77500000000003 161.77500000000003 4.5000000000000009 55.500000000000007 53.036250000000003 28.500000000000004 118.18000000000002 23.500000000000004 22.185000000000006 82.500000000000014 28.910000000000004 97.150364583333356 91.580364583333349
decision_type=2 2 2 2 2 2 2 2 2 2 2 2 2 2 2 2 2 2 2 2 2 2 2 2 2 2 2 2 2 2
left_child=6 11 -3 4 -4 -5 7 20 -8 -10 -7 24 13 -13 25 16 29 -18 -14 -17 -1 22 28 -23 -2 26 27 -6 -11 -16
right_child=1 2 3 5 14 10 8 -9 9 21 -12 12 18 -15 15 19 17 -19 -20 -21 -22 23 -24 -25 -26 -27 -28 -29 -30 -31
leaf_value=-0.025286700344037429 -0.010879281274974346 0.28759232085198166 0.30903841438500779 -0.13570143710821866 0.14075853474852112 -0.0040277158346106396 -0.089305664157425912 -0.11859657680615783 0.11767362361704861 -0.037494589623225771 0.086641324600204836 0.1086727014093688 -0.079024323046207434 -0.0062145662327696173 0.041034561083201443 0.0923855083329337 0.05168987000766008 0.28768152807440078 0.031519044397605792 -0.0040694188574949899 0.055359864299711972 0.0037168441498264902 -0.12309550990660985 -0.073523730891091488 -0.10214080474424092 -0.0085899580912343395 0.0127367257585992 0.015942557015064682 0.041722500391981825 0.1031824713066351
leaf_weight=1279 30 20 23 20 36 47 27 24 27 46 40 33 25 28 31 35 23 21 27 30 23 457 21 21 22 29 46 22 22 57
leaf_count=1279 30 20 23 20 36 47 27 24 27 46 40 33 25 28 31 35 23 21 27 30 23 457 21 21 22 29 46 22 22 57
internal_value=1.20879e-10 0.0564125 0.0763999 0.0672176 0.0859993 0.00525534 -0.0186883 -0.0255767 -0.00397959 -0.000101136 0.0376592 -0.0017326 0.0202442 0.0559376 0.0704542 0.0888074 0.108967 0.164322 -0.0216268 0.0478678 -0.0238621 -0.00570946 -0.0381108 0.00032343 -0.0494899 0.0432694 0.0577301 0.0934145 -0.0118655 0.0812895
internal_weight=2592 645 480 460 353 107 1947 1326 621 594 87 165 113 61 330 197 132 44 52 65 1302 567 89 478 52 133 104 58 68 88
internal_count=2592 645 480 460 353 107 1947 1326 621 594 87 165 113 61 330 197 132 44 52 65 1302 567 89 478 52 133 104 58 68 88
is_linear=0
shrinkage=0.05


Tree=93
num_leaves=31
num_cat=0
split_feature=11 0 12 6 8 8 11 12 10 8 10 9 7 11 7 5 11 9 0 2 5 7 5 10 0 6 5 12 7 7
split_gain=987.209 283.942 463.591 274.523 596.433 440.154 122.897 170.466 110.79 89.0964 77.5726 75.8377 75.2715 75.0734 140.339 68.5554 64.7952 65.4943 53.0477 49.7025 46.5286 49.7309 43.1318 211.876 47.4352 35.5983 44.493 31.5135 27.7814 45.2485
threshold=111.3075 83.500000000000014 89.002239583333349 23.285000000000004 113.35000000000001 106.52000000000002 212.77625000000003 97.857760416666693 110.89000000000001 224.59000000000003 279.55000000000001 51.030000000000008 59.670000000000009 41.21875 48.035000000000004 23.555000000000003 247.32000000000002 248.49000000000004 55.500000000000007 22.500000000000004 33.32500000000001 157.36000000000004 31.095000000000002 61.280000000000008 69.500000000000014 20.405000000000005 28.565000000000001 97.857760416666693 161.77500000000003 243.11500000000004
decision_type=2 2 2 2 2 2 2 2 2 2 2 2 2 2 2 2 2 2 2 2 2 2 2 2 2 2 2 2 2 2
left_child=11 2 -2 5 -5 -4 10 16 15 -10 20 12 18 -13 -15 -3 -8 -18 -1 -6 21 -7 23 27 -24 26 -19 -16 -11 -30
right_child=1 8 3 4 19 6 7 -9 9 28 -12 13 -14 14 22 -17 17 25 -20 -21 -22 -23 24 -25 -26 -27 -28 -29 29 -31
leaf_value=-0.024022365265646117 0.31210913384954136 0.0072837225979927814 -0.1522994219660759 0.38913924041320569 0.011322248664995035 0.1344030952360481 0.15698406301438808 0.22745414818858817 -0.051595047005900632 0.0034502688230890217 -0.065707463473081582 -0.084840384031283786 -0.10858854892162176 0.11178994231201984 -0.016012823592755014 -0.098089637440340272 0.12882034044999344 0.093381836728469753 0.052591864537933602 0.11804695678874851 -0.013089460676366634 0.028622888959944248 -0.0020765905273162502 -0.17332037446876281 0.047693929762432453 -0.010609443732895532 0.0048240134573501094 0.03463944564328382 0.07632723090615362 0.023008764748448048
leaf_weight=1279 21 33 25 20 24 20 20 21 27 33 20 27 26 27 160 29 26 37 23 20 22 25 299 21 57 26 23 38 94 69
leaf_count=1279 21 33 25 20 24 20 20 21 27 33 20 27 26 27 160 29 26 37 23 20 22 25 299 21 57 26 23 38 94 69
internal_value=-1.83643e-10 0.0541708 0.0843416 0.0698033 0.162742 0.0473578 0.0681554 0.0951358 0.017119 0.0335568 0.0207071 -0.0175772 -0.0243511 -0.00327534 0.000382892 -0.0420038 0.0740852 0.0592818 -0.022669 0.0598335 0.0465025 0.0756363 -0.0048484 -0.0223081 0.00589228 0.0382585 0.0594347 -0.00629168 0.0452869 0.0537568
internal_weight=2592 635 350 329 64 265 240 153 285 223 87 1957 1328 629 602 62 132 112 1302 44 67 45 575 219 356 86 60 198 196 163
internal_count=2592 635 350 329 64 265 240 153 285 223 87 1957 1328 629 602 62 132 112 1302 44 67 45 575 219 356 86 60 198 196 163
is_linear=0
shrinkage=0.05


Tree=94
num_leaves=31
num_cat=0
split_feature=11 12 10 11 6 7 10 7 12 8 7 7 7 9 0 3 0 11 12 6 12 12 12 2 3 9 6 3 7 5
split_gain=891.341 293.582 275.347 351.916 588.417 221.43 165.601 82.3255 81.2443 134.612 112.107 79.1938 64.5239 105.583 70.4613 63.5862 60.3774 344.387 79.4315 51.6088 48.3689 45.0896 43.9918 43.9285 42.3349 41.6354 40.0466 39.14 37.1519 66.7673
threshold=110.81750000000001 87.556145833333346 110.89000000000001 124.25375000000001 18.335000000000004 164.57000000000002 138.78500000000003 147.02000000000004 94.577656250000004 238.26500000000001 276.47000000000008 256.26500000000004 42.365000000000002 58.765000000000008 72.500000000000014 5.5000000000000009 55.500000000000007 56.569999999999972 87.394427083333355 22.185000000000006 99.354322916666689 89.759739583333342 97.976406250000011 1.0000000180025095e-35 3.5000000000000004 96.435000000000016 16.560000000000006 1.0000000180025095e-35 243.11500000000004 25.685000000000006
decision_type=2 2 2 2 2 2 2 2 2 2 2 2 2 2 2 2 2 2 2 2 2 2 2 2 2 2 2 2 2 2
left_child=12 -2 7 4 -4 6 24 19 10 -10 11 23 13 21 16 28 18 -18 -14 26 22 -1 -20 -7 -5 -19 -3 -23 -11 -30
right_child=1 2 3 5 -6 8 -8 -9 9 15 -12 -13 14 -15 -16 -17 17 25 20 -21 -22 27 -24 -25 -26 -27 -28 -29 29 -31
leaf_value=-0.00072469031639312486 0.23904112381394951 -0.0049142974987626082 0.016125879081941786 0.085524496081329532 0.39507400643080476 -0.0038105353612352061 -0.11453487613435948 -0.10419707688689234 0.16544427138685092 0.14077062716009095 -0.040442907489422301 0.14106394623716673 -0.089692898494574957 -0.14046178868040443 -0.072807126142448039 -0.0073969435233336225 0.20194880799813705 -0.064198300242424011 -0.014859029221114366 -0.064113352805376056 0.018006508598185103 0.017094970835993688 -0.088867442700124921 0.061121078125539831 -0.016120596937835217 0.0027777840237741594 0.077364390911090944 -0.032660303989346537 0.012996351045484729 0.09158868236805906
leaf_weight=165 20 50 21 21 20 37 33 25 41 20 36 24 34 20 41 26 22 25 458 25 115 42 21 88 20 323 21 671 39 88
leaf_count=165 20 50 21 21 20 37 33 25 41 20 36 24 34 20 41 26 22 25 458 25 115 42 21 88 20 323 21 671 39 88
internal_value=-2.75532e-11 0.0504218 0.0444811 0.0604558 0.200979 0.0482752 -0.0311628 -0.0233787 0.0630081 0.0839858 0.0387419 0.0578738 -0.0170502 -0.0268662 -0.00856633 0.0646807 -0.00592718 0.010095 -0.015367 -0.00233226 -0.0111126 -0.0242786 -0.0181037 0.0419013 0.0359415 -0.00203372 0.0194217 -0.0297294 0.0774291 0.067454
internal_weight=2592 655 635 514 41 473 74 121 399 214 185 149 1937 898 1039 173 998 370 628 96 594 878 479 125 41 348 71 713 147 127
internal_count=2592 655 635 514 41 473 74 121 399 214 185 149 1937 898 1039 173 998 370 628 96 594 878 479 125 41 348 71 713 147 127
is_linear=0
shrinkage=0.05


Tree=95
num_leaves=31
num_cat=0
split_feature=9 0 7 8 7 9 5 0 9 12 7 7 0 12 12 10 11 6 8 5 2 12 5 12 3 7 10 8 6 12
split_gain=827.956 194.052 192.603 455.312 83.8934 95.2887 67.636 156.215 152.349 101.776 67.2043 111.511 167.284 82.9392 66.9113 69.093 58.3682 52.8596 58.8805 48.3657 41.1215 40.6934 40.2978 36.2578 35.3238 33.6151 31.7259 52.388 30.7203 33.6349
threshold=218.37500000000003 74.500000000000014 218.39000000000001 248.83000000000001 42.365000000000002 58.765000000000008 31.290000000000003 69.500000000000014 143.49000000000004 93.070416666666674 142.53500000000003 111.58000000000001 91.500000000000014 87.74651041666668 89.957135416666674 315.62000000000006 212.77625000000003 24.405000000000005 234.05000000000004 30.645000000000003 22.500000000000004 89.759739583333342 36.485000000000007 99.354322916666689 1.0000000180025095e-35 54.220000000000006 38.615000000000009 48.035000000000004 16.755000000000003 95.211562499999999
decision_type=2 2 2 2 2 2 2 2 2 2 2 2 2 2 2 2 2 2 2 2 2 2 2 2 2 2 2 2 2 2
left_child=2 -2 4 -4 5 21 8 22 10 -9 11 13 -13 -6 20 16 -16 18 -18 23 -3 -1 -8 25 -23 28 -26 -28 29 -15
right_child=1 14 3 -5 6 -7 7 9 -10 -11 -12 12 -14 19 15 -17 17 -19 -20 -21 -22 24 -24 -25 26 -27 27 -29 -30 -31
leaf_value=-0.00068845570902340122 0.19983726218342782 -0.042848922995229563 0.26751385904848574 -0.058682980388402944 -0.10183591736411607 -0.13343869529664518 -0.006104899560769146 0.16913889871910215 -0.12426690780557692 0.03804402615417514 -0.080050077585174767 0.15157963146383946 -0.0070912946483788451 -0.033373859097870689 -0.010200782231469122 0.14488908109756618 0.15643887769430875 -0.0035172659903764726 0.066674227179226719 -0.087185808839276444 0.049709019546086593 0.016240221776423001 0.057495119688190668 0.024036668590899257 -0.01041058957304053 0.00081629318684884689 -0.030463844671323494 -0.076378378599312985 -0.01119108023235529 -0.10924200451090223
leaf_weight=165 26 24 20 23 27 20 592 20 32 57 34 26 46 48 27 26 20 24 211 20 24 42 26 74 146 164 453 72 82 21
leaf_count=165 26 24 20 23 27 20 592 20 32 57 34 26 46 48 27 26 20 24 211 20 24 42 26 74 146 164 453 72 82 21
internal_value=7.30403e-12 0.0679705 -0.0117487 0.0930365 -0.013828 -0.0255229 -0.00555217 0.00493822 -0.018254 0.0720946 -0.0119949 -0.00744001 0.0502065 -0.0169596 0.0583398 0.0668971 0.0597064 0.0671083 0.0744461 -0.0113565 0.00343005 -0.0230647 -0.00342917 -0.00745787 -0.0282429 -0.0148566 -0.0310273 -0.0367607 -0.0318788 -0.0564642
internal_weight=2592 382 2210 43 2167 898 1269 695 574 77 542 508 72 436 356 308 282 255 231 409 48 878 618 389 713 315 671 525 151 69
internal_count=2592 382 2210 43 2167 898 1269 695 574 77 542 508 72 436 356 308 282 255 231 409 48 878 618 389 713 315 671 525 151 69
is_linear=0
shrinkage=0.05


Tree=96
num_leaves=31
num_cat=0
split_feature=9 0 7 8 10 10 7 12 9 11 7 9 3 11 12 0 8 8 8 2 8 0 9 0 6 12 3 7 12 12
split_gain=747.23 175.132 173.824 410.919 77.4125 69.5876 66.2622 60.4227 55.4527 55.433 50.1414 141.157 112.084 42.1317 45.4798 40.2316 38.6475 83.8513 78.7123 71.0427 38.231 114.486 62.0229 79.3592 33.5785 31.8563 42.7202 27.5642 24.6564 31.6839
threshold=218.37500000000003 74.500000000000014 218.39000000000001 248.83000000000001 56.910000000000004 160.12500000000003 161.77500000000003 90.868854166666679 62.520000000000003 112.50124999999998 122.21500000000002 116.47000000000001 3.5000000000000004 64.768749999999997 91.580364583333349 54.500000000000007 50.170000000000009 55.110000000000007 40.70000000000001 1.0000000180025095e-35 147.02000000000004 76.500000000000014 279.84500000000008 79.500000000000014 18.115000000000006 99.682500000000019 4.5000000000000009 52.350000000000001 95.448229166666678 69.912635850991123
decision_type=2 2 2 2 2 2 2 2 2 2 2 2 2 2 2 2 2 2 2 2 2 2 2 2 2 2 2 2 2 2
left_child=2 -2 4 -4 8 6 10 24 9 13 11 16 -12 15 -15 25 18 -18 27 -20 -9 -22 23 -23 -3 28 -27 -6 29 -1
right_child=1 7 3 -5 5 -7 -8 20 -10 -11 12 -13 -14 14 -16 -17 17 -19 19 -21 21 22 -24 -25 -26 26 -28 -29 -30 -31
leaf_value=-0.052781024527820679 0.18984540064747518 0.051022569083229267 0.25413817126420329 -0.055748829407536463 -0.0666143225910871 -0.079153804509685594 0.087618470819586 0.010172860603779555 -0.098235705173151056 0.04900749306660146 0.020199054009036016 0.12488725756605466 -0.10575817877596075 -0.11011111019895628 -0.025575823682110484 0.040489496907283519 -0.098208394724254813 -0.0015718382192770242 0.12233323085308075 0.024142034037836962 0.18567885845899582 0.15032103451501047 0.0025428792363718939 0.059867912070383195 -0.024163506518710742 0.02275695138591893 -0.027193716415939363 0.0042580179760561268 -0.031181013957907757 -0.013311098578623337
leaf_weight=55 26 27 20 23 23 26 23 29 22 30 38 24 33 26 41 29 24 347 25 70 20 28 38 181 33 98 76 34 450 673
leaf_count=55 26 27 20 23 23 26 23 29 22 30 38 24 33 26 41 29 24 347 25 70 20 28 38 181 33 98 76 34 450 673
internal_value=4.93013e-11 0.064572 -0.0111613 0.0883847 -0.0131366 0.00103531 0.00428791 0.0554228 -0.0194384 -0.0182655 0.00118661 0.0063177 -0.0383444 -0.0196593 -0.0583806 -0.0177807 0.000876648 -0.00782326 0.0221113 0.0499818 0.064697 0.0706191 0.0613025 0.071986 0.00967023 -0.0190306 0.000939418 -0.0243396 -0.0219803 -0.016293
internal_weight=2592 382 2210 43 2167 667 641 356 1500 1478 618 547 71 1448 67 1381 523 371 152 95 296 267 247 209 60 1352 174 57 1178 728
internal_count=2592 382 2210 43 2167 667 641 356 1500 1478 618 547 71 1448 67 1381 523 371 152 95 296 267 247 209 60 1352 174 57 1178 728
is_linear=0
shrinkage=0.05


Tree=97
num_leaves=31
num_cat=0
split_feature=9 6 11 8 7 10 12 7 7 10 3 11 11 9 5 12 11 9 0 12 8 8 8 2 12 0 12 7 9 12
split_gain=674.375 172.259 701.251 298.873 163.261 90.137 81.2449 77.0188 75.4379 138.042 88.4062 65.5606 73.3814 57.1109 48.9597 39.442 42.4256 91.8578 79.1327 37.8012 34.8794 75.6758 71.0379 64.1161 30.7382 91.463 60.27 28.258 69.9206 33.8138
threshold=218.37500000000003 23.285000000000004 236.465 113.35000000000001 245.01500000000001 56.910000000000004 98.873788377192994 161.77500000000003 122.21500000000002 136.94000000000003 3.5000000000000004 124.25375000000001 109.855 116.47000000000001 24.075000000000003 89.759739583333342 222.11375000000001 279.84500000000008 79.500000000000014 96.749166666666682 50.170000000000009 55.110000000000007 40.70000000000001 1.0000000180025095e-35 45.219642857142865 23.500000000000004 87.166562500000012 42.005000000000003 46.95000000000001 99.682500000000019
decision_type=2 2 2 2 2 2 2 2 2 2 2 2 2 2 2 2 2 2 2 2 2 2 2 2 2 2 2 2 2 2
left_child=4 3 -3 -2 5 11 15 8 13 10 -10 12 24 20 -9 -5 -17 18 -18 -4 22 -22 -7 -24 25 -1 -26 28 -28 -29
right_child=1 2 19 6 -6 7 -8 14 9 -11 -12 -13 -14 -15 -16 16 17 -19 -20 -21 21 -23 23 -25 26 -27 27 29 -30 -31
leaf_value=-0.043442336407800514 -0.10120849891776039 0.38167331956326961 0.07536934912204743 -0.0016592009117205938 0.12492439208382911 -0.023122613576420568 0.13245601763741838 0.12095728861611516 0.064982295257073872 -0.13182709564765294 -0.070043354337526995 -0.10079381421674044 0.07763747712597252 0.068652995833844863 0.020711631417788312 0.12532668483697557 0.14834135204553606 -0.030093188815075778 0.052020921319209303 -0.017704674221264819 -0.093297975913931935 -0.0014932459018995679 0.11621656915545464 0.022934932799876802 -0.098630346714829412 0.10133428691886366 -0.022337135459647366 -0.016171069738083663 -0.11272156021811747 0.014468684665405671
leaf_weight=24 31 20 20 30 22 57 36 21 27 30 22 24 20 33 29 22 25 29 145 24 24 347 25 70 24 20 781 477 22 111
leaf_count=24 31 20 20 30 22 57 36 21 27 30 22 24 20 33 29 22 25 29 145 24 24 347 25 70 24 20 781 477 22 111
internal_value=9.41872e-11 0.0613434 0.136187 0.0462806 -0.0106032 -0.011966 0.0622115 0.00306658 -0.001638 -0.0473575 0.00435853 -0.0188171 -0.0174869 0.00485811 0.0628148 0.0521366 0.0594391 0.0521551 0.0661857 0.0246017 0.000832816 -0.0074321 0.0210057 0.0474827 -0.0187908 0.0223652 -0.0200706 -0.0187151 -0.0248134 -0.010387
internal_weight=2592 382 64 318 2210 2188 287 685 635 79 49 1503 1479 556 50 251 221 199 170 44 523 371 152 95 1459 44 1415 1391 803 588
internal_count=2592 382 64 318 2210 2188 287 685 635 79 49 1503 1479 556 50 251 221 199 170 44 523 371 152 95 1459 44 1415 1391 803 588
is_linear=0
shrinkage=0.05


Tree=98
num_leaves=31
num_cat=0
split_feature=11 0 12 6 8 8 11 12 10 10 8 5 11 9 0 0 0 2 10 9 6 12 8 5 5 7 12 12 3 2
split_gain=609.434 215.9 380.311 233.878 529.863 360.773 97.6263 143.771 107.554 76.4149 63.3957 58.229 56.2998 57.0009 52.1653 65.0472 104.377 49.3345 47.9588 42.8896 36.4887 37.5407 30.8548 27.6737 45.3711 31.6133 27.4966 40.6001 25.5321 37.5232
threshold=110.99125000000002 83.500000000000014 88.96432291666666 23.285000000000004 113.35000000000001 104.96500000000002 212.77625000000003 97.677447916666679 270.99500000000006 110.89000000000001 224.59000000000003 23.555000000000003 247.32000000000002 250.67500000000004 72.500000000000014 55.500000000000007 56.500000000000007 22.500000000000004 156.08000000000001 96.435000000000016 20.405000000000005 94.360677083333343 128.95500000000001 23.385000000000002 23.815000000000001 250.14000000000001 101.61119791666668 101.15838541666668 1.0000000180025095e-35 37.500000000000007
decision_type=2 2 2 2 2 2 2 2 2 2 2 2 2 2 2 2 2 2 2 2 2 2 2 2 2 2 2 2 2 2
left_child=14 2 -2 5 -5 -4 8 12 18 11 -11 -3 -8 -14 15 26 -17 -6 -7 -18 21 -15 -16 -12 -25 -26 27 28 29 -1
right_child=1 9 3 4 17 6 7 -9 -10 10 23 -13 13 20 22 16 19 -19 -20 -21 -22 -23 -24 24 25 -27 -28 -29 -30 -31
leaf_value=0.013444968891082452 0.27975266244262459 0.0059335598101218547 -0.16393531546706247 0.35482905201613901 -0.00344750980536143 0.019161217119179522 0.13363666307181118 0.19169891308183257 -0.072347594921787592 -0.0485656564158422 0.087392613823924756 -0.091179890545277767 0.10169312978784245 0.0093929957704884659 -0.10993448135189035 0.10025460993250211 -0.063510870417723284 0.10149136838458835 0.11051643285900355 0.0031176724550588167 -0.030703643367936212 0.090583909240861737 -0.024126162528991701 -0.044226030111312868 0.047311442415040685 -0.0084768897581852798 -0.069451520293951033 0.019023413026068164 -0.020965468912051612 -0.041126373357006481
leaf_weight=126 20 33 21 20 24 51 20 23 27 27 21 29 30 35 22 27 26 21 20 340 24 24 20 20 123 32 25 76 1243 42
leaf_count=126 20 33 21 20 24 51 20 23 27 27 21 29 30 35 22 27 26 21 20 340 24 24 20 20 123 32 25 76 1243 42
internal_value=-2.51301e-11 0.042123 0.0678617 0.0553975 0.140695 0.0352364 0.0517033 0.0762723 0.0125935 0.00961084 0.0232623 -0.0394905 0.0563113 0.0426254 -0.0139544 -0.0127392 0.00538321 0.045524 0.0448951 -0.0016155 0.0212757 0.0424198 -0.0690734 0.033157 0.0266487 0.0357939 -0.0174496 -0.0165753 -0.0184928 -0.000197867
internal_weight=2592 645 360 340 65 275 254 156 98 285 223 62 133 113 1947 1905 393 45 71 366 83 59 42 196 175 155 1512 1487 1411 168
internal_count=2592 645 360 340 65 275 254 156 98 285 223 62 133 113 1947 1905 393 45 71 366 83 59 42 196 175 155 1512 1487 1411 168
is_linear=0
shrinkage=0.05


Tree=99
num_leaves=31
num_cat=0
split_feature=9 0 7 10 7 10 11 11 12 10 5 5 10 3 6 6 3 6 7 7 10 0 7 8 11 2 8 12 0 12
split_gain=560.775 164.578 135.371 70.9214 66.8574 74.5997 60.5602 64.081 57.4633 57.0018 47.0352 58.5678 57.356 38.4813 34.2799 39.7595 50.2711 53.293 36.7311 41.3526 48.7741 37.1027 31.1336 30.7732 55.9741 34.3084 28.8641 27.7218 82.182 52.9198
threshold=218.37500000000003 74.500000000000014 245.01500000000001 56.910000000000004 170.51500000000001 160.12500000000003 124.25375000000001 109.855 89.957135416666674 315.62000000000006 28.910000000000004 28.410000000000004 268.69000000000005 3.5000000000000004 1.8000000000000003 12.160000000000002 4.5000000000000009 9.0450000000000017 125.105 111.58000000000001 110.61000000000001 70.500000000000014 107.575 40.70000000000001 51.452500000000008 1.0000000180025095e-35 271.51000000000005 45.219642857142865 23.500000000000004 87.166562500000012
decision_type=2 2 2 2 2 2 2 2 2 2 2 2 2 2 2 2 2 2 2 2 2 2 2 2 2 2 2 2 2 2
left_child=2 -2 3 6 5 14 7 27 13 10 11 26 -12 -3 -5 16 17 -16 19 21 -21 23 -18 -17 -25 -26 -10 28 -1 -29
right_child=1 8 -4 4 -6 -7 -8 -9 9 -11 12 -13 -14 -15 15 18 22 -19 -20 20 -22 -23 -24 24 25 -27 -28 29 -30 -31
leaf_value=-0.040221946189800906 0.17737862907994828 -0.044997472688555723 0.1137403784150427 -0.054583821732264309 0.065998977212569657 -0.096472990978509199 -0.095775477386390181 0.073183582611382011 0.067100439661763475 0.12583929747343064 0.061616030142263134 0.13099165451526643 -0.038064608526145738 0.044852436266162178 0.021810018999890969 -0.043912967892461706 0.01385351745919748 0.095176863867570377 -0.048387737555260012 0.00058831364980765758 0.10282138286158443 -0.072594571784138681 -0.050170650911228409 0.082492848729626062 -0.036735051936869115 0.0085928273211210611 0.028840792410903506 -0.091756112376848858 0.097012797389179478 -0.01687229609977766
leaf_weight=24 26 26 22 26 39 20 24 20 109 26 27 25 31 22 91 38 55 34 44 28 20 20 29 21 56 164 90 24 20 1391
leaf_count=24 26 26 22 26 39 20 24 20 109 26 27 25 31 22 91 38 55 34 44 28 20 20 29 21 56 164 90 24 20 1391
internal_value=4.48549e-11 0.0559385 -0.00966902 -0.0109099 0.00242439 -0.0014137 -0.016987 -0.0157085 0.0470693 0.0549996 0.0484682 0.058859 0.00833845 -0.00381626 0.00162333 0.00405898 0.0216637 0.0417658 -0.00535124 0.000105841 0.0431854 -0.00680995 -0.00825006 -0.0020942 0.00449963 -0.00294518 0.0497971 -0.0169271 0.0221575 -0.0181424
internal_weight=2592 382 2210 2188 685 646 1503 1479 356 308 282 224 58 48 626 600 209 125 391 347 48 299 84 279 241 220 199 1459 44 1415
internal_count=2592 382 2210 2188 685 646 1503 1479 356 308 282 224 58 48 626 600 209 125 391 347 48 299 84 279 241 220 199 1459 44 1415
is_linear=0
shrinkage=0.05


Tree=100
num_leaves=31
num_cat=0
split_feature=9 6 0 11 7 12 10 7 7 10 3 11 0 6 12 9 5 5 5 11 8 0 6 10 5 6 5 5 12 9
split_gain=506.099 150.435 614.541 262.099 122.172 68.0778 64.0066 61.2537 61.8422 119.785 76.3508 54.6555 61.4291 210.629 51.5266 48.7223 44.8562 42.4795 70.8989 49.8436 37.271 33.1268 28.9512 27.6619 23.7641 31.4432 41.3486 27.2846 23.2557 33.0479
threshold=218.37500000000003 23.285000000000004 77.500000000000014 164.24625000000003 245.01500000000001 98.873788377192994 56.910000000000004 161.77500000000003 122.21500000000002 136.94000000000003 3.5000000000000004 124.25375000000001 55.500000000000007 15.620000000000003 95.553333333333342 116.47000000000001 24.075000000000003 28.910000000000004 27.985000000000003 222.11375000000001 282.68000000000006 25.500000000000004 1.8000000000000003 250.28500000000003 26.120000000000001 19.825000000000003 26.760000000000002 25.615000000000006 101.61119791666668 54.510000000000012
decision_type=2 2 2 2 2 2 2 2 2 2 2 2 2 2 2 2 2 2 2 2 2 2 2 2 2 2 2 2 2 2
left_child=4 3 -3 -2 6 17 11 8 15 10 -10 12 28 -14 -15 21 -9 18 24 -19 -20 -8 -23 -4 27 26 -26 -5 29 -1
right_child=1 2 23 5 -6 -7 7 16 9 -11 -12 -13 13 14 -16 -17 -18 19 20 -21 -22 22 -24 -25 25 -27 -28 -29 -30 -31
leaf_value=-0.018489375268723757 -0.12743839646943592 0.35289222866296771 -0.021019965240901169 0.037256340748703508 0.10805336159907959 0.11692127521548952 0.055288827935090434 0.11123930606104078 0.061226110270729772 -0.12197295571366946 -0.064255967905575584 -0.090986702412677312 0.13231407016515734 -0.088238535045335686 0.014328597873449325 0.06291304777348132 0.015286519876199551 0.048547432774847209 0.16000382959842685 -0.041301816271553785 0.068428835093975071 -0.05868068208748644 -9.7114392801334992e-06 0.058269296857443725 -0.017511951630668984 -0.032126001996750184 0.070770992338657385 0.10190639663487673 -0.065135328069329257 0.013350829756122895
leaf_weight=1288 22 20 22 51 22 35 26 21 27 30 22 24 30 24 25 33 29 33 20 29 25 22 475 22 21 22 36 24 25 87
leaf_count=1288 22 20 22 51 22 35 26 21 27 30 22 24 30 24 25 33 29 33 20 29 25 22 475 22 21 22 36 24 25 87
internal_value=3.06039e-11 0.0531416 0.123083 0.0390653 -0.00918557 0.0514406 -0.0103644 0.00230317 -0.00189238 -0.0432875 0.00488722 -0.0161377 -0.0149231 0.0279736 -0.0359084 0.0039893 0.0555867 0.0426597 0.0539189 0.00652117 0.109129 0.000271361 -0.00260682 0.0186247 0.0377861 0.0186485 0.0382457 0.0579444 -0.0173437 -0.0164748
internal_weight=2592 382 64 318 2210 296 2188 685 635 79 49 1503 1479 79 49 556 50 261 199 62 45 523 497 44 154 79 57 75 1400 1375
internal_count=2592 382 64 318 2210 296 2188 685 635 79 49 1503 1479 79 49 556 50 261 199 62 45 523 497 44 154 79 57 75 1400 1375
is_linear=0
shrinkage=0.05


Tree=101
num_leaves=31
num_cat=0
split_feature=11 9 12 8 8 7 9 9 0 7 9 12 0 11 9 12 7 10 5 12 12 6 11 3 10 8 9 8 6 0
split_gain=459.656 242.328 185.026 237.177 129.284 100.185 64.0761 139.815 48.1561 51.1374 103.986 41.3438 47.8551 241.246 81.2593 57.7494 36.6968 56.9253 40.3797 35.958 34.2416 30.855 40.3453 28.9228 30.2911 46.996 28.0306 25.3581 24.9126 26.0392
threshold=111.3075 47.515000000000008 89.957135416666674 105.39000000000001 222.04500000000004 164.57000000000002 295.61500000000007 324.85500000000008 72.500000000000014 42.365000000000002 58.765000000000008 99.354322916666689 55.500000000000007 58.726249999999986 95.795000000000016 87.394427083333355 142.53500000000003 110.89000000000001 23.815000000000001 89.759739583333342 97.976406250000011 25.410000000000004 224.60000000000002 1.0000000180025095e-35 38.615000000000009 48.035000000000004 60.900000000000006 128.95500000000001 5.1850000000000014 69.500000000000014
decision_type=2 2 2 2 2 2 2 2 2 2 2 2 2 2 2 2 2 2 2 2 2 2 2 2 2 2 2 2 2 2
left_child=8 -2 4 -4 -3 16 21 -8 9 10 19 12 15 -14 -15 -11 17 -5 -19 -1 -17 22 -7 -21 -25 -26 -13 -10 -16 -30
right_child=1 2 3 5 -6 6 7 -9 27 11 -12 26 13 14 28 20 -18 18 -20 23 -22 -23 -24 24 25 -27 -28 -29 29 -31
leaf_value=0.0040745034105511332 0.1962936488506587 -0.11351436902494992 0.20251693637533622 -0.013898313552141189 0.013920634596919022 -0.024831494335085153 0.18535628861188891 0.016401779279112818 -0.10199848630211571 -0.080014086625648337 -0.13226041205227376 0.008928129971723691 0.16340447797075563 -0.099198382471998539 -0.037424634101667575 -0.0097149968101525094 -0.04733712613702782 0.00074118614196777349 0.093090904876589775 0.018424337064581259 -0.075008870634649491 0.08913079831690994 0.041798866494468984 -0.0042015584313297924 -0.023984905734126791 -0.067472427659150624 0.059932936396863729 -0.024207974486052993 -0.00017831080904977175 0.038167190131815999
leaf_weight=165 23 34 22 75 48 25 25 24 22 34 20 107 23 21 35 458 31 20 29 42 21 30 249 146 453 72 36 20 227 55
leaf_count=165 23 34 22 75 48 25 25 24 22 34 20 107 23 21 35 458 31 20 29 42 21 30 249 146 453 72 36 20 227 55
internal_value=-2.60071e-11 0.0369639 0.030976 0.0417898 -0.0389183 0.0348292 0.0495428 0.102603 -0.0119939 -0.0108323 -0.0195275 -0.00315462 -0.00723243 0.00671466 -0.00394766 -0.017047 0.00132023 0.0134846 0.0553971 -0.0169596 -0.0125776 0.0409903 0.0357195 -0.0218272 -0.0243467 -0.0299489 0.0217685 -0.0649554 0.00236232 0.00730042
internal_weight=2592 635 612 530 82 508 353 49 1957 1915 898 1017 874 361 338 513 155 124 49 878 479 304 274 713 671 525 143 42 317 282
internal_count=2592 635 612 530 82 508 353 49 1957 1915 898 1017 874 361 338 513 155 124 49 878 479 304 274 713 671 525 143 42 317 282
is_linear=0
shrinkage=0.05


Tree=102
num_leaves=31
num_cat=0
split_feature=9 0 7 6 12 12 3 10 12 2 6 12 8 7 7 10 11 12 10 7 5 10 5 6 8 6 8 10 9 10
split_gain=416.6 160.174 96.3503 58.883 381.103 89.7832 80.5389 94.6667 84.3655 79.0569 58.7354 49.9852 56.8572 101.407 51.7632 53.0323 46.2493 46.058 44.5431 43.6982 43.3918 51.2636 47.886 41.1665 36.1222 32.9502 29.0912 31.7167 40.8683 29.6387
threshold=218.37500000000003 74.500000000000014 245.01500000000001 14.56 88.053072916666679 87.166562500000012 4.5000000000000009 106.14 99.208333333333357 22.500000000000004 2.4600000000000004 101.61119791666668 235.06500000000003 125.105 111.58000000000001 110.61000000000001 102.64375 89.957135416666674 315.62000000000006 157.36000000000004 28.910000000000004 268.69000000000005 28.410000000000004 8.2750000000000004 236.84 8.8400000000000016 36.745000000000012 110.39000000000001 57.385000000000005 53.265000000000008
decision_type=2 2 2 2 2 2 2 2 2 2 2 2 2 2 2 2 2 2 2 2 2 2 2 2 2 2 2 2 2 2
left_child=2 -2 3 4 -1 9 7 8 16 -5 -8 12 13 14 26 -16 -6 24 20 -15 22 -22 -19 -9 -3 -10 -7 28 -28 -30
right_child=1 17 -4 5 6 11 10 23 25 -11 -12 -13 -14 19 15 -17 -18 18 -20 -21 21 -23 -24 -25 -26 -27 27 -29 29 -31
leaf_value=0.18216804198122449 0.16801888008530325 -0.055274446991582717 0.09578098177232526 -0.14444286134839057 -0.012569801139493362 -0.046138590719136931 -0.083757285688893485 0.027604028869862275 0.018912648251200592 -0.02211406823397348 -0.017424188237628785 -0.078271448480543404 0.052885802063357204 -0.1336293747027715 -0.0025360430731917877 0.099105322130379231 -0.089484583559845177 0.042576978190675685 0.10918570474649852 -0.03355857817456126 0.052615038829821131 -0.041622881471149384 0.11599483811855316 0.097339388220147649 0.032160773542192246 0.086932560162884864 -0.014471685678279151 -0.046126262406955977 0.053693938921346808 0.0022974627986450725
leaf_weight=28 26 21 22 25 282 63 38 59 117 28 274 29 33 24 33 21 21 199 26 20 27 31 25 33 27 21 758 61 33 187
leaf_count=28 26 21 22 25 282 63 38 59 117 28 274 29 33 24 33 21 21 199 26 20 27 31 25 33 27 21 758 61 33 187
internal_value=2.68124e-10 0.0482144 -0.00833388 -0.00938074 0.000686188 -0.016064 -0.00532741 0.00648282 -0.00314172 -0.0798163 -0.0255032 -0.0133866 -0.0118605 -0.013641 -0.0108053 0.0369912 -0.0179005 0.0394646 0.0465643 -0.0881426 0.0407907 0.0022465 0.0507709 0.0526178 -0.00609214 0.0292635 -0.0131474 -0.011147 -0.00896525 0.0100069
internal_weight=2592 382 2210 2188 873 1315 845 533 441 53 312 1262 1233 1200 1156 54 303 356 308 44 282 58 224 92 48 138 1102 1039 978 220
internal_count=2592 382 2210 2188 873 1315 845 533 441 53 312 1262 1233 1200 1156 54 303 356 308 44 282 58 224 92 48 138 1102 1039 978 220
is_linear=0
shrinkage=0.05


Tree=103
num_leaves=31
num_cat=0
split_feature=9 5 11 7 6 6 12 12 7 3 10 12 6 9 12 8 7 7 10 7 0 0 7 6 6 11 10 9 12 3
split_gain=375.981 146.565 459.412 86.9562 57.0508 53.1419 343.945 81.0293 74.9904 72.6864 85.4367 76.1399 53.0087 45.4094 45.1116 51.3136 91.5198 46.7163 47.8616 41.7544 40.8851 44.1747 39.4376 37.1528 29.7376 27.0166 30.5589 31.1026 29.2211 44.3594
threshold=218.37500000000003 30.465000000000003 183.42000000000002 245.01500000000001 25.840000000000003 14.56 88.053072916666679 87.166562500000012 45.605000000000011 4.5000000000000009 106.14 99.208333333333357 2.4600000000000004 295.61500000000007 101.61119791666668 235.06500000000003 125.105 111.58000000000001 110.61000000000001 103.85000000000001 78.500000000000014 79.500000000000014 157.36000000000004 8.2750000000000004 8.8400000000000016 38.274999999999984 110.39000000000001 57.385000000000005 95.634375000000006 3.5000000000000004
decision_type=2 2 2 2 2 2 2 2 2 2 2 2 2 2 2 2 2 2 2 2 2 2 2 2 2 2 2 2 2 2
left_child=3 2 -2 5 13 6 -1 8 -7 10 11 19 -11 20 15 16 17 25 -19 -8 -4 -22 -18 -12 -13 -9 27 28 29 -27
right_child=1 -3 4 -5 -6 7 9 14 -10 12 23 24 -14 -15 -16 -17 22 18 -20 -21 21 -23 -24 -25 -26 26 -28 -29 -30 -31
leaf_value=0.17305963794268403 0.27029803962163301 -0.068798310280992439 -0.014023452206994547 0.090991940958933398 -0.026525872225562731 -0.027645205287262799 -0.01194043703994826 -0.033442789508995638 -0.14924312213080979 -0.079569421840929674 0.026223828223281367 0.01796701505429979 -0.016552978833070039 0.094010161292473124 -0.07435787551683086 0.050241510451517327 -0.12694790934522945 -0.0024092413259275032 0.0941500553062984 -0.085022088530517764 0.11461990319547199 0.03851205238370576 -0.031880651405081152 0.092472418688350558 0.082585929192247845 -0.019170611924618722 -0.043819949146909794 0.0090514381720612821 -0.024465469716183536 0.014567868799506301
leaf_weight=28 23 26 33 22 30 32 282 135 21 38 59 117 274 42 29 33 24 33 21 21 21 207 20 33 21 211 61 221 293 181
leaf_count=28 23 26 33 22 30 32 282 135 21 38 59 117 274 42 29 33 24 33 21 21 21 207 20 33 21 211 61 221 293 181
internal_value=2.11205e-11 0.0458036 0.0541734 -0.00791719 0.0392459 -0.00891171 0.000651878 -0.0152608 -0.0758255 -0.00506104 0.00615868 -0.00298463 -0.0242281 0.045758 -0.0127172 -0.0112675 -0.0129589 -0.010265 0.0351416 -0.0170055 0.0379933 0.045522 -0.0837355 0.0499869 0.0278003 -0.01249 -0.00956489 -0.00725853 -0.0125206 -0.00359238
internal_weight=2592 382 356 2210 333 2188 873 1315 53 845 533 441 312 303 1262 1233 1200 1156 54 303 261 228 44 92 138 1102 967 906 685 392
internal_count=2592 382 356 2210 333 2188 873 1315 53 845 533 441 312 303 1262 1233 1200 1156 54 303 261 228 44 92 138 1102 967 906 685 392
is_linear=0
shrinkage=0.05


Tree=104
num_leaves=31
num_cat=0
split_feature=9 0 12 8 11 0 7 10 9 7 9 3 11 0 6 9 12 8 5 12 2 0 11 11 11 12 3 7 12 5
split_gain=339.323 140.915 81.086 623.434 266.994 105.261 45.6999 45.7306 48.8979 47.6095 55.7588 43.1148 69.3521 105.09 60.6662 40.2427 46.1278 39.6442 34.8895 48.1028 33.7869 30.233 28.0965 48.8752 46.1894 27.7477 47.0921 44.5439 27.5749 36.8722
threshold=218.37500000000003 74.500000000000014 87.166562500000012 108.51000000000001 44.693749999999994 21.500000000000004 239.72500000000002 56.910000000000004 62.520000000000003 161.77500000000003 149.89500000000001 2.5000000000000004 212.77625000000003 77.500000000000014 22.185000000000006 248.49000000000004 96.583750000000023 276.47000000000008 28.910000000000004 94.078333333333333 37.500000000000007 25.500000000000004 53.036250000000003 50.43 44.452499999999993 98.873788377192994 4.5000000000000009 59.670000000000009 101.35567708333333 23.555000000000003
decision_type=2 2 2 2 2 2 2 2 2 2 2 2 2 2 2 2 2 2 2 2 2 2 2 2 2 2 2 2 2 2
left_child=2 -2 3 4 5 -1 7 8 25 10 21 14 -13 -14 17 16 -15 18 19 -3 -17 -9 23 24 -23 27 28 -4 29 -27
right_child=1 11 6 -5 -6 -7 -8 9 -10 -11 -12 12 13 15 -16 20 -18 -19 -20 -21 -22 22 -24 -25 -26 26 -28 -29 -30 -31
leaf_value=-0.040136988088488583 0.15588465044991329 -0.01930021008719569 -0.014222687030977399 0.26323518114893335 -0.17659390411623146 0.11835283771157266 -0.084695680215954791 0.054658558162359094 -0.086162680468481523 0.051616291312707799 -0.063896850408876646 -0.034921362454240976 0.15230874633058333 0.042236071506825588 -0.045635885575955569 0.0030112194518248244 0.12392804676459895 0.080665187891572718 -0.038641545953957933 0.076809786617135015 0.06855882576533727 -0.053846431807614864 0.0033487475228670179 -0.094314618053890409 0.053612179532647131 0.089561259135603921 -0.021421438364312054 -0.080399121172153032 -0.022475599466512602 0.018548507558401019
leaf_weight=22 26 23 1157 23 23 20 20 26 23 45 34 22 26 48 33 66 27 30 23 30 28 20 513 21 20 25 100 26 24 68
leaf_count=22 26 23 1157 23 23 20 20 26 23 45 34 22 26 48 33 66 27 30 23 30 28 20 513 21 20 25 100 26 24 68
internal_value=1.09252e-10 0.0435135 -0.00752133 0.039509 -0.0396556 0.0353344 -0.00947169 -0.00875596 -0.0138503 0.00192044 -0.00160687 0.0353066 0.0492329 0.0587272 0.0135655 0.04433 0.0716452 0.0319961 0.0127846 0.0351017 0.022536 0.0019229 -0.000465827 -0.0325458 -0.000117126 -0.0126623 0.00377314 -0.0156771 0.025307 0.037638
internal_weight=2592 382 2210 88 65 42 2122 2102 1423 679 634 356 217 195 139 169 75 106 76 53 94 600 574 61 40 1400 217 1183 117 93
internal_count=2592 382 2210 88 65 42 2122 2102 1423 679 634 356 217 195 139 169 75 106 76 53 94 600 574 61 40 1400 217 1183 117 93
is_linear=0
shrinkage=0.05


Tree=105
num_leaves=31
num_cat=0
split_feature=11 12 10 11 6 11 7 12 6 0 9 9 5 3 6 8 6 0 11 9 7 12 12 9 3 0 0 5 11 7
split_gain=309.513 218.192 140.842 387.9 477.154 163.967 94.1226 57.2806 48.3442 44.7122 61.2866 52.1079 67.7879 80.5595 40.3405 37.4855 41.0517 36.3775 34.9181 85.2393 56.5343 27.1863 51.6599 25.3949 24.4949 21.4487 66.1211 24.4975 28.2591 20.4237
threshold=110.81750000000001 87.556145833333346 110.89000000000001 124.25375000000001 18.335000000000004 139.41499999999999 147.02000000000004 91.146562500000002 22.185000000000006 76.500000000000014 279.84500000000008 279.84500000000008 27.755000000000006 3.5000000000000004 16.560000000000006 235.06500000000003 18.805000000000003 72.500000000000014 41.535000000000004 56.95000000000001 37.875000000000007 99.354322916666689 97.916614583333356 60.900000000000006 4.5000000000000009 43.500000000000007 39.500000000000007 31.095000000000002 39.764999999999993 243.11500000000004
decision_type=2 2 2 2 2 2 2 2 2 2 2 2 2 2 2 2 2 2 2 2 2 2 2 2 2 2 2 2 2 2
left_child=17 -2 6 4 -4 -5 8 15 14 10 -9 12 29 -14 -3 16 -7 18 19 25 -20 22 -22 -23 -17 26 27 28 -1 -11
right_child=1 2 3 5 -6 7 -8 9 -10 11 -12 -13 13 -15 -16 24 -18 -19 20 -21 21 23 -24 -25 -26 -27 -28 -29 -30 -31
leaf_value=-0.023317035284050353 0.1923197112977505 -0.0048088314235210424 0.017087020050911679 -0.10139206965267658 0.35833218438550829 0.0062687112585358001 -0.11035745131969453 0.018208213429898024 -0.061233462184667589 0.044845317460560391 0.13368766440285579 -0.021827042465790727 0.039156449865549808 0.1705442052334547 0.077771246788047615 -0.0077924188375473021 -0.091678177546709774 -0.05664329152417983 -0.06850211260219416 -0.11979053046554328 -0.0033448328051293476 0.006687011185819082 -0.071060132672046791 0.054895015017074701 0.065457454926910852 -0.03507214599579514 0.037662559341368897 -0.047360525179212382 0.0029263641225096919 0.014608931359758631
leaf_weight=261 20 50 21 25 20 23 25 20 25 103 27 39 28 20 21 25 20 41 33 20 979 139 29 34 21 111 62 59 169 122
leaf_count=261 20 50 21 25 20 23 25 20 25 103 27 39 28 20 21 25 20 41 33 20 979 139 29 34 21 111 62 59 169 122
internal_value=1.05675e-10 0.0297123 0.0245908 0.0360159 0.183548 0.0232277 -0.0239423 0.0301819 -0.00143835 0.0390838 0.0845475 0.0322352 0.0399583 0.0939013 0.0196163 -0.0057257 -0.039288 -0.0100473 -0.00903965 -0.0180927 -0.00395385 -0.00215022 -0.00529299 0.0161614 0.0256477 -0.0150202 -0.0109807 -0.0171482 -0.0130028 0.0284505
internal_weight=2592 655 635 514 41 473 121 448 96 359 47 312 273 48 71 89 43 1937 1896 682 1214 1181 1008 173 46 662 551 489 430 225
internal_count=2592 655 635 514 41 473 121 448 96 359 47 312 273 48 71 89 43 1937 1896 682 1214 1181 1008 173 46 662 551 489 430 225
is_linear=0
shrinkage=0.05


Tree=106
num_leaves=31
num_cat=0
split_feature=9 6 11 11 12 8 8 8 12 12 10 7 6 3 5 6 3 10 7 5 5 11 12 9 9 12 7 3 3 9
split_gain=290.424 140.617 569.234 254.655 68.0257 543.887 252.898 109.766 59.5788 42.9892 52.3069 99.1219 43.2015 59.0177 69.8183 48.7628 53.7639 47.2067 43.7795 39.7292 55.6582 45.9895 38.5447 71.7618 36.806 33.4949 31.1484 29.8553 38.3387 29.219
threshold=218.37500000000003 23.285000000000004 236.465 164.24625000000003 87.166562500000012 108.51000000000001 44.675000000000004 42.255000000000003 98.873788377192994 101.61119791666668 44.415000000000006 103.85000000000001 5.035000000000001 3.5000000000000004 28.825000000000003 10.665000000000001 4.5000000000000009 111.42500000000001 46.160000000000004 28.910000000000004 27.985000000000003 222.11375000000001 93.452500000000029 138.46500000000003 265.20000000000005 96.749166666666682 161.77500000000003 4.5000000000000009 5.5000000000000009 56.425000000000004
decision_type=2 2 2 2 2 2 2 2 2 2 2 2 2 2 2 2 2 2 2 2 2 2 2 2 2 2 2 2 2 2
left_child=4 3 -3 -2 5 6 7 -1 19 10 11 29 13 -12 -15 16 17 18 -14 20 -5 -21 23 27 -22 -4 -24 -17 -29 -6
right_child=1 2 25 8 9 -7 -8 -9 -10 -11 12 -13 15 14 -16 22 -18 -19 -20 21 24 -23 26 -25 -26 -27 -28 28 -30 -31
leaf_value=-0.041780739665652322 -0.13747529028491542 0.32905258867889642 0.055131375603377823 0.027225337235571502 -0.014465911837262674 0.24508439018188613 -0.18058228460140527 0.11682180617703125 0.10010230630636215 -0.06920391259201128 0.018285223070849132 -0.12559369556605815 0.098206612151116146 -0.12588375618924266 -0.02318346660142228 -0.021023788747168287 -0.0046221814976398195 0.11088089252943578 0.01589381743826726 0.036050389532112717 0.13667210570790553 -0.050255243711430454 0.0039869340126447699 -0.10542521050998144 0.046211391897953077 -0.032480870994428798 0.058028315248545903 0.056283184973632584 -0.014065624566541779 0.042489045016143638
leaf_weight=24 22 20 20 154 1076 23 21 20 35 29 47 20 20 23 59 169 89 23 84 33 22 29 331 21 23 24 29 34 45 23
leaf_count=24 22 20 20 154 1076 23 21 20 35 29 47 20 20 23 59 169 89 23 84 33 22 29 331 21 23 24 29 34 45 23
internal_value=1.07257e-10 0.0402562 0.107877 0.026647 -0.00695831 0.0361183 -0.0378235 0.0303113 0.0388452 -0.00874471 -0.00790701 -0.0152815 0.000565273 -0.0263856 -0.0519896 0.00467967 0.0251764 0.0460588 0.0317232 0.0306307 0.0415193 -0.00431837 -0.00235895 -0.0166776 0.0904366 0.00734288 0.00834027 -0.00916268 0.0162111 -0.013274
internal_weight=2592 382 64 318 2210 88 65 44 296 2122 2093 1119 974 129 82 845 216 127 104 261 199 62 629 269 45 44 360 248 79 1099
internal_count=2592 382 64 318 2210 88 65 44 296 2122 2093 1119 974 129 82 845 216 127 104 261 199 62 629 269 45 44 360 248 79 1099
is_linear=0
shrinkage=0.05


Tree=107
num_leaves=31
num_cat=0
split_feature=9 0 12 6 0 8 8 8 12 10 11 7 5 10 7 12 12 6 7 9 8 0 8 9 10 12 10 2 8 3
split_gain=262.107 140.968 61.3932 537.148 810.328 88.6349 39.7655 43.3563 37.8454 35.4392 40.4039 43.6704 118.608 32.8362 69.7038 63.6607 41.6954 60.4706 42.0047 99.2631 35.4277 34.0001 32.148 27.2766 25.6818 28.6637 25.6815 25.7283 31.0623 22.4159
threshold=218.37500000000003 74.500000000000014 87.166562500000012 16.560000000000006 47.500000000000007 46.160000000000004 248.83000000000001 244.08000000000004 89.957135416666674 315.62000000000006 212.77625000000003 304.22000000000008 28.825000000000003 44.415000000000006 101.96000000000002 101.35567708333333 99.354322916666689 2.2850000000000006 161.77500000000003 149.89500000000001 39.615000000000002 25.500000000000004 236.84 47.515000000000008 42.410000000000004 89.058593750000014 41.965000000000011 37.500000000000007 59.705000000000005 2.5000000000000004
decision_type=2 2 2 2 2 2 2 2 2 2 2 2 2 2 2 2 2 2 2 2 2 2 2 2 2 2 2 2 2 2
left_child=2 -2 3 4 -1 -5 7 13 22 10 -10 12 -12 14 23 16 17 -15 19 20 -19 -22 -3 24 26 -26 27 28 -4 -23
right_child=1 8 6 5 -6 -7 -8 -9 9 -11 11 -13 -14 15 -16 -17 -18 18 -20 -21 21 29 -24 -25 25 -27 -28 -29 -30 -31
leaf_value=-0.028994429773754545 0.1506358502772995 -0.057658808678388601 -0.0093998010527008239 -0.026204779544579133 0.39091207303106784 -0.1732800490409136 -0.069762806995556911 0.060725825182769616 -0.026842001466839401 0.092327306979244059 0.033206665903800031 -0.021436025628021785 0.1579443036268155 -0.082740610416816629 -0.10653092160820961 -0.081749076768755924 0.032860392494290902 -0.027378992124327591 0.056553151356356759 -0.096980745317759354 0.056867368022600812 -0.0091267568754974712 0.024826381286537205 0.044090529282887779 0.028075297418981793 -0.034777309667701144 0.021104694308624383 -0.025992169232761611 0.037939689192618878 0.010328327250599841
leaf_weight=27 26 21 546 21 20 20 26 23 27 26 206 28 21 23 20 24 91 98 31 27 30 251 27 21 20 195 63 235 37 361
leaf_count=27 26 21 546 21 20 20 26 23 27 26 206 28 21 23 20 24 91 98 31 27 30 251 27 21 20 195 63 235 37 361
internal_value=-2.23849e-10 0.0382434 -0.0066104 0.0343124 0.149689 -0.0979488 -0.00830748 -0.00754515 0.030035 0.0364707 0.0313208 0.0374792 0.0447463 -0.00830262 -0.0140122 -0.00136694 0.000748376 -0.00281093 -0.000507196 -0.00281342 0.000622419 0.00489678 -0.0112609 -0.0123556 -0.0134372 -0.0289306 -0.00965617 -0.0120253 -0.00639541 0.0023492
internal_weight=2592 382 2210 88 47 41 2122 2096 356 308 282 255 227 2073 1137 936 912 821 798 767 740 642 48 1117 1096 215 881 818 583 612
internal_count=2592 382 2210 88 47 41 2122 2096 356 308 282 255 227 2073 1137 936 912 821 798 767 740 642 48 1117 1096 215 881 818 583 612
is_linear=0
shrinkage=0.05


Tree=108
num_leaves=31
num_cat=0
split_feature=9 8 3 5 7 8 5 6 12 8 10 6 12 12 7 3 10 12 6 6 11 0 9 5 3 9 8 9 2 7
split_gain=236.552 138.029 65.0609 94.0948 56.2184 52.5329 59.1179 68.881 120.687 73.6505 49.4696 44.0908 277.421 78.0194 134.86 58.0118 70.1637 57.7655 42.5283 38.7266 38.3148 38.3097 53.7605 37.812 37.7329 82.0177 71.8646 58.9752 48.1714 33.4194
threshold=218.37500000000003 107.24500000000002 2.5000000000000004 29.745000000000001 245.01500000000001 276.47000000000008 25.485000000000003 22.085000000000004 96.583750000000023 160.26500000000001 267.37500000000006 14.56 88.053072916666679 87.556145833333346 57.865000000000002 4.5000000000000009 106.14 99.208333333333357 2.4600000000000004 22.040000000000003 102.64375 82.500000000000014 267.96000000000009 25.685000000000006 1.0000000180025095e-35 140.80000000000004 108.71500000000002 118.18000000000002 37.500000000000007 108.51000000000001
decision_type=2 2 2 2 2 2 2 2 2 2 2 2 2 2 2 2 2 2 2 2 2 2 2 2 2 2 2 2 2 2
left_child=4 -2 3 19 11 6 -4 8 9 -8 -7 12 -1 14 -13 16 17 20 -17 21 -14 22 -3 -23 28 27 -27 -26 -15 -18
right_child=1 2 5 -5 -6 10 7 -9 -10 -11 -12 13 15 24 -16 18 29 -19 -20 -21 -22 23 -24 -25 25 26 -28 -29 -30 -31
leaf_value=0.15647109259984324 0.15791174796494573 0.11054042886410441 0.010052185356616975 -0.097960357889533056 0.073249134624546228 0.041530750895894711 -0.051488312724090761 0.15799834514441699 0.15675197574310007 0.062321225077506495 -0.04845649547254046 -0.020572248437572313 -0.0091221442541886948 0.028243884090983051 -0.1698984715200606 -0.070191945773503434 0.09999652330509641 0.025052687583113277 -0.013747784524330068 -0.031403194984485364 -0.079128948971629143 0.047260506992990323 0.0047098704746791299 -0.045441360365260731 -0.012632361659410205 -0.15052351588383317 -0.016485682805068791 0.057385329544664389 -0.034984508631750948 0.029348071076508081
leaf_weight=28 22 28 40 20 22 42 21 23 24 44 24 54 282 122 21 38 22 138 274 29 21 22 21 22 1007 20 20 31 40 70
leaf_count=28 22 28 40 20 22 42 21 23 24 44 24 54 282 122 21 38 22 138 274 29 21 22 21 22 1007 20 20 31 40 70
internal_value=-1.62399e-10 0.0363312 0.0289013 0.00256451 -0.00627988 0.0460565 0.0622301 0.0808651 0.0609318 0.025552 0.00880812 -0.00707953 0.00163163 -0.0128627 -0.0623836 -0.00349915 0.00652422 -0.00176164 -0.0206224 0.019044 -0.0139741 0.0347748 0.0651845 0.000909573 -0.00986746 -0.0132486 -0.0835046 -0.0105413 0.0126319 0.0462423
internal_weight=2592 382 360 142 2210 218 152 112 89 65 66 2188 873 1315 75 845 533 441 312 122 303 93 49 44 1240 1078 40 1038 162 92
internal_count=2592 382 360 142 2210 218 152 112 89 65 66 2188 873 1315 75 845 533 441 312 122 303 93 49 44 1240 1078 40 1038 162 92
is_linear=0
shrinkage=0.05


Tree=109
num_leaves=31
num_cat=0
split_feature=9 5 8 6 11 12 8 8 8 7 12 10 2 11 12 9 3 7 7 9 0 8 0 9 6 11 10 12 7 11
split_gain=213.488 140.281 405.977 78.9342 53.3501 52.5296 478.685 217.33 85.5358 41.2775 38.6898 41.4561 35.9701 98.2978 51.966 54.3927 86.7883 38.2365 35.931 47.6731 30.751 27.2036 48.8537 23.7453 20.3345 29.6271 40.6967 28.4912 23.6384 48.8854
threshold=218.37500000000003 30.465000000000003 112.70500000000001 25.840000000000003 222.11375000000001 87.166562500000012 108.51000000000001 44.795000000000009 42.255000000000003 239.72500000000002 101.61119791666668 44.415000000000006 37.500000000000007 275.64375000000007 98.873788377192994 267.96000000000009 3.5000000000000004 248.10000000000002 161.77500000000003 149.89500000000001 72.500000000000014 39.615000000000002 25.500000000000004 56.425000000000004 2.1000000000000001 180.12750000000003 115.045 94.116145833333348 46.160000000000004 42.988750000000003
decision_type=2 2 2 2 2 2 2 2 2 2 2 2 2 2 2 2 2 2 2 2 2 2 2 2 2 2 2 2 2 2
left_child=5 2 -2 4 -4 6 7 8 -1 10 11 20 14 17 15 -6 -17 -14 19 21 23 -13 -23 -7 -24 26 28 -28 29 -26
right_child=1 -3 3 -5 12 9 -8 -9 -10 -11 -12 18 13 -15 -16 16 -18 -19 -20 -21 -22 22 24 -25 25 -27 27 -29 -30 -31
leaf_value=-0.041011821296221274 0.25596273967197963 -0.077603550190822435 0.10531865360501867 -0.049504556070114003 0.02650444916368503 -0.012268147181145661 0.22792844201701332 -0.17462077680043878 0.097164957837334698 -0.079027347713708881 -0.064208006563371625 -0.021603763602166013 0.059681548278492237 0.14352121682216723 0.087637862294912341 -0.1020317004993558 0.035455594338815323 -0.031029797309920906 0.045179008412459455 -0.058680714020395985 -0.058077737606234026 0.061033942127549971 -0.039639069459268025 0.036102091766616259 -0.013497792519629001 -0.048574478666369734 0.087343856364488603 0.0072781652212142948 -0.0012642483961177254 0.06208095829528959
leaf_weight=24 21 26 26 29 138 1051 23 20 21 20 29 110 26 24 25 24 22 21 45 34 36 37 28 26 40 26 25 20 549 46
leaf_count=24 21 26 26 29 138 1051 23 20 21 20 29 110 26 24 25 24 22 21 45 34 36 37 28 26 40 26 25 20 549 46
internal_value=-1.93902e-11 0.0345147 0.0427031 0.0293346 0.0368062 -0.00596588 0.0318877 -0.0374805 0.0234707 -0.00753569 -0.00685546 -0.00605313 0.0304444 0.0611916 0.0199992 0.0108091 -0.0362769 0.0191509 0.00156023 -0.000584954 -0.0126199 0.00165711 0.00497578 -0.0111004 0.00214996 0.00380731 0.00581015 0.0517591 0.00255392 0.0269281
internal_weight=2592 382 356 335 306 2210 88 65 45 2122 2102 2073 280 71 209 184 46 47 960 915 1113 881 771 1077 734 706 680 45 635 86
internal_count=2592 382 356 335 306 2210 88 65 45 2122 2102 2073 280 71 209 184 46 47 960 915 1113 881 771 1077 734 706 680 45 635 86
is_linear=0
shrinkage=0.05


Tree=110
num_leaves=31
num_cat=0
split_feature=10 7 6 7 11 12 0 6 11 2 12 7 8 7 6 11 9 10 12 7 7 6 6 10 10 9 3 9 11 11
split_gain=193.434 183.485 169.968 588.662 217.387 63.8468 54.7796 46.2979 55.5303 42.8251 227.391 74.5512 121.56 70.9474 152.13 181.431 69.6349 78.325 53.6439 60.3652 54.4605 52.2858 39.1322 40.8493 44.6984 62.7334 35.5914 61.6169 49.0714 45.3899
threshold=234.05000000000004 257.64000000000004 23.285000000000004 261.17000000000002 164.24625000000003 97.536979166666683 83.500000000000014 21.880000000000006 212.77625000000003 1.0000000180025095e-35 87.166562500000012 243.11500000000004 244.08000000000004 122.21500000000002 16.390000000000004 183.42000000000002 136.57500000000002 160.12500000000003 88.148125000000007 57.175000000000004 54.220000000000006 9.4800000000000022 10.210000000000003 99.320000000000007 61.815000000000005 57.175000000000004 4.5000000000000009 267.96000000000009 281.185 266.08625000000001
decision_type=2 2 2 2 2 2 2 2 2 2 2 2 2 2 2 2 2 2 2 2 2 2 2 2 2 2 2 2 2 2
left_child=1 9 4 -4 -2 7 -7 8 -6 10 -1 12 13 18 21 -16 22 -18 19 -11 -20 -15 -12 24 25 -24 27 28 -10 -28
right_child=2 -3 3 -5 5 6 -8 -9 26 11 16 -13 -14 14 15 -17 17 -19 20 -21 -22 -23 23 -25 -26 -27 29 -29 -30 -31
leaf_value=0.17102296348661183 -0.13488712493951124 0.14560390651226043 0.30251197926700119 -0.025067396461963654 -0.061061588415633077 0.12765176368170772 0.02302229338410226 0.089920279463487018 0.0022140281144529582 -0.023305991064070872 0.016420008793093011 -0.091397331601807061 0.079272654632988729 -0.037697802111506466 -0.20729159685969353 -0.020363312849292048 0.13263658404350281 -0.000115572527050972 -0.013197610992033221 -0.11735590030439198 0.007378581748463283 0.07663260083645583 -0.0050067289541074703 -0.049719052786445797 0.061860491530123088 -0.09316314648498189 0.088871581147291837 -0.060224206414487627 0.094882720838068063 -0.0041106073629288446
leaf_weight=20 21 20 24 32 23 29 22 21 50 76 139 28 38 20 25 27 20 25 943 22 488 20 244 68 22 22 35 27 20 21
leaf_count=20 21 20 24 32 23 29 22 21 50 76 139 28 38 20 25 27 20 25 943 22 488 20 244 68 22 22 35 27 20 21
internal_value=-4.35129e-11 -0.00517172 0.0360747 0.115324 0.0195768 0.0326564 0.0825175 0.0197482 0.0113754 -0.00651374 0.00546694 -0.0104907 -0.00912521 -0.0111975 -0.0538413 -0.110233 -0.000664763 0.0588854 -0.00863158 -0.0444192 -0.00618071 0.0194674 -0.00607841 -0.0148629 -0.00663299 -0.0122979 0.0222646 0.00394126 0.0286908 0.0540033
internal_weight=2592 2267 325 56 269 248 51 197 176 2247 560 1687 1659 1621 92 52 540 45 1529 98 1431 40 495 356 288 266 153 97 70 56
internal_count=2592 2267 325 56 269 248 51 197 176 2247 560 1687 1659 1621 92 52 540 45 1529 98 1431 40 495 356 288 266 153 97 70 56
is_linear=0
shrinkage=0.05


Tree=111
num_leaves=31
num_cat=0
split_feature=11 11 12 11 5 7 9 7 7 12 11 10 5 0 8 5 5 8 8 0 0 6 5 7 0 0 0 9 12 11
split_gain=178.451 185.46 903.741 592.107 282.073 86.5226 95.0645 74.9392 50.4749 40.1089 38.2458 53.9015 38.7899 35.4717 34.9786 29.6115 34.9047 42.2684 33.6451 31.4685 48.0225 30.2902 34.1297 36.9905 29.4648 27.3927 87.2924 84.5633 28.2403 34.1541
threshold=111.3075 124.25375000000001 93.148020833333348 130.68750000000003 30.465000000000003 324.85500000000008 52.260000000000012 300.47500000000008 287.49500000000006 88.592239583333352 188.32250000000002 122.59000000000002 29.065000000000001 72.500000000000014 110.98500000000001 23.555000000000003 24.840000000000003 269.03500000000003 264.17000000000007 80.500000000000014 83.500000000000014 20.525000000000002 25.685000000000006 241.18500000000003 71.500000000000014 55.500000000000007 56.500000000000007 95.795000000000016 69.912635850991123 43.984999999999992
decision_type=2 2 2 2 2 2 2 2 2 2 2 2 2 2 2 2 2 2 2 2 2 2 2 2 2 2 2 2 2 2
left_child=13 2 -2 -3 5 6 -5 8 9 -8 11 -11 15 25 -4 -12 -17 18 21 -19 -21 22 -18 -24 -16 28 -27 -28 29 -1
right_child=1 3 14 4 -6 -7 7 -9 -10 10 12 -13 -14 -15 24 16 17 19 -20 20 -22 -23 23 -25 -26 26 27 -29 -30 -31
leaf_value=-0.012996463565265431 0.38594390772283083 -0.25496477128937844 -0.042584716528654101 -0.096602043658494952 0.20638554759323596 0.10376129124600153 -0.047236790321767336 -0.069419903546571723 0.090083210884282991 0.027839539629040344 0.077494359693743964 -0.064763007313013085 0.090422163785181267 -0.052927520817943989 -0.0050084935128688821 -0.018857207481266448 0.055548883083143409 -0.04690410259366036 0.094710499986454297 0.04282112995817982 -0.046286874246739211 0.073524739084144433 0.03165612962562591 -0.06450847376137972 0.076413768753409383 0.091946459613326537 -0.098621511264216338 0.0046382395915267336 -0.0082234293385506762 -0.092949443378231744
leaf_weight=34 20 20 25 20 20 26 24 25 24 33 22 30 22 42 25 54 28 25 27 54 21 30 20 20 20 27 21 355 1456 22
leaf_count=34 20 20 25 20 20 26 24 25 24 33 22 30 22 42 25 54 28 25 27 54 21 30 20 20 20 27 21 355 1456 22
internal_value=-1.00227e-10 0.0230314 0.0895258 0.0120507 0.0222227 0.0149291 0.0101074 0.014757 0.0196059 0.0154804 0.0193799 -0.0162569 0.0263308 -0.00747315 0.00483493 0.0216463 0.0172426 0.0259065 0.04529 0.00167714 0.0178709 0.0316741 0.0132106 -0.0164262 0.0311792 -0.00647624 0.00510689 -0.00112893 -0.00956355 -0.0444066
internal_weight=2592 635 90 545 525 505 479 459 434 410 386 63 323 1957 70 301 279 225 125 100 75 98 68 40 45 1915 403 376 1512 56
internal_count=2592 635 90 545 525 505 479 459 434 410 386 63 323 1957 70 301 279 225 125 100 75 98 68 40 45 1915 403 376 1512 56
is_linear=0
shrinkage=0.05


Tree=112
num_leaves=31
num_cat=0
split_feature=11 9 12 8 8 7 8 6 10 0 10 10 10 0 12 5 8 12 3 6 3 9 9 6 12 6 3 6 12 3
split_gain=161.052 179.72 129.882 198.555 92.5662 48.436 72.2687 35.7306 39.1274 32.0133 31.2702 37.9155 31.8951 25.2702 29.309 24.7826 22.527 20.1924 28.2332 35.2676 66.568 23.886 36.9413 30.9333 41.4346 19.0882 17.9384 23.8267 21.3859 37.0992
threshold=111.3075 47.515000000000008 89.957135416666674 105.39000000000001 218.39000000000001 157.36000000000004 110.98500000000001 23.725000000000005 125.38000000000001 72.500000000000014 315.62000000000006 298.52000000000004 274.76000000000005 69.500000000000014 93.428645833333363 24.990000000000006 128.95500000000001 91.580364583333349 5.5000000000000009 21.880000000000006 3.5000000000000004 257.31500000000005 248.49000000000004 5.1850000000000014 96.822135416666683 17.860000000000003 5.5000000000000009 24.975000000000005 99.682500000000019 4.5000000000000009
decision_type=2 2 2 2 2 2 2 2 2 2 2 2 2 2 2 2 2 2 2 2 2 2 2 2 2 2 2 2 2 2
left_child=9 -2 4 -4 -3 6 -5 8 -8 13 11 12 17 26 -15 -6 -11 -7 19 21 -21 22 23 -19 25 -25 28 -28 -1 -30
right_child=1 2 3 5 15 10 7 -9 -10 16 -12 -13 -14 14 -16 -17 -18 18 -20 20 -22 -23 -24 24 -26 -27 27 -29 29 -31
leaf_value=-0.00700267001799839 0.15909232963686404 -0.12205176734924317 0.17284292812374505 -0.091412962582849325 -0.046739413168119352 -0.023328069730528766 0.0062051367118126817 -0.04628492943618609 0.085259011350572123 -0.085195260901342745 0.081632670645530411 -0.037250660975342208 0.075769815176273847 0.065642372189232939 -0.0032517007307002418 0.02046187545227654 -0.011875616975303274 -0.030190753298146383 -0.019944041781127454 0.020452162555672906 0.12861788073182107 0.052626515455388781 -0.041992470793999162 0.033659165808692194 0.086283801393262277 -0.026420943774282935 -0.01336679550495987 -0.057469338811933994 0.024415831148147216 -0.043635670258663599
leaf_weight=1426 23 25 22 21 23 21 72 23 20 22 26 23 33 26 38 34 20 21 28 33 25 48 26 39 29 20 245 35 121 24
leaf_count=1426 23 25 22 21 23 21 72 23 20 22 26 23 33 26 38 34 20 21 28 33 25 48 26 39 29 20 245 35 121 24
internal_value=7.90418e-11 0.0218799 0.0167232 0.0257834 -0.0418365 0.0194146 -0.00611967 0.00945562 0.0233908 -0.00709949 0.0287498 0.0247759 0.0291927 -0.00615243 0.0247365 -0.00665443 -0.0502811 0.0238925 0.0275789 0.0331002 0.0670753 0.0223321 0.0115608 0.024335 0.0373468 0.013293 -0.00722044 -0.0188796 -0.00514242 0.0131521
internal_weight=2592 635 612 530 82 508 136 115 92 1957 372 346 323 1915 64 57 42 290 269 241 58 183 135 109 88 59 1851 280 1571 145
internal_count=2592 635 612 530 82 508 136 115 92 1957 372 346 323 1915 64 57 42 290 269 241 58 183 135 109 88 59 1851 280 1571 145
is_linear=0
shrinkage=0.05


Tree=113
num_leaves=31
num_cat=0
split_feature=9 7 8 9 12 9 12 12 9 11 10 12 7 11 9 12 7 11 10 9 3 6 8 6 8 11 5 5 12 0
split_gain=154.638 288.224 110.3 393.364 118.357 101.854 60.0217 144.833 72.1817 35.4672 34.5348 33.6315 33.483 59.6086 34.3392 54.3465 31.3737 47.9986 30.6519 88.8529 28.3028 96.291 46.198 41.4548 44.2024 27.284 24.698 57.897 26.294 22.2891
threshold=298.95000000000005 265.20000000000005 101.96000000000002 143.49000000000004 87.166562500000012 100.19000000000001 89.551614583333347 90.710104166666682 279.84500000000008 219.755 235.06500000000003 98.573750000000004 243.11500000000004 257.58000000000004 143.49000000000004 95.383645833333347 107.24500000000002 109.18749999999999 43.545000000000009 41.815000000000005 3.5000000000000004 19.710000000000004 266.17000000000002 21.350000000000005 276.47000000000008 105.6725 23.385000000000002 24.075000000000003 94.440260416666675 55.500000000000007
decision_type=2 2 2 2 2 2 2 2 2 2 2 2 2 2 2 2 2 2 2 2 2 2 2 2 2 2 2 2 2 2
left_child=2 -2 3 29 -4 11 9 -8 10 -7 12 18 14 -14 16 -16 25 -18 19 -6 23 22 -22 24 -12 -9 -19 -28 -29 -1
right_child=1 -3 4 -5 5 6 7 8 -10 -11 20 -13 13 -15 15 -17 17 26 -20 -21 21 -23 -24 -25 -26 -27 27 28 -30 -31
leaf_value=-0.0085099726682734498 0.22862673827580046 -0.005680365541151592 0.11618295258118048 -0.22411216754643692 -0.0080300187899006743 -0.077028255229410925 0.14707334273211334 0.014902250257066705 -0.053875966044142846 0.001638773838548284 0.011844886514509835 0.02675215795084282 -0.082294774055480968 0.034219001570627808 0.010165285678445608 0.09860307676717639 -0.05783625576101864 0.061965111323765344 -0.018000659770476296 -0.14707577310502529 0.087889697588980201 0.14975603171016857 -0.0078790897229576821 -0.025472868646805487 0.090923595031102505 0.087806760484264015 -0.074158650487661362 0.070451704449951649 0.0054453317501715259 0.009039876350988317
leaf_weight=1486 21 35 27 21 27 23 23 33 32 38 43 27 23 21 38 32 30 21 97 20 20 23 34 30 30 21 20 20 70 206
leaf_count=1486 21 35 27 21 27 23 23 33 32 38 43 27 23 21 38 32 30 21 97 20 20 23 34 30 30 21 20 20 70 206
internal_value=5.26401e-11 0.0821848 -0.00181481 -0.00904259 0.0132292 0.00973703 0.0190924 0.0241882 0.0189639 -0.0280226 0.0235432 -0.0244566 0.0139098 -0.0266859 0.0201772 0.050594 0.0102741 -0.000787491 -0.0340583 -0.0671984 0.0411508 0.0640817 0.0275908 0.0240083 0.044343 0.043254 0.0122771 0.00279122 0.0198912 -0.00637329
internal_weight=2592 56 2536 1713 823 796 625 564 541 61 509 171 329 44 285 70 215 161 144 47 180 77 54 103 73 54 131 110 90 1692
internal_count=2592 56 2536 1713 823 796 625 564 541 61 509 171 329 44 285 70 215 161 144 47 180 77 54 103 73 54 131 110 90 1692
is_linear=0
shrinkage=0.05


Tree=114
num_leaves=31
num_cat=0
split_feature=9 7 8 9 12 9 12 12 9 11 10 12 7 11 9 12 7 11 10 9 3 6 8 6 8 6 5 5 12 11
split_gain=139.561 260.122 99.5462 355.011 106.817 91.9236 54.1696 130.712 65.144 32.0092 31.1676 30.3524 30.2184 53.7968 30.9911 49.0477 28.3147 43.3187 27.6634 80.1897 25.5433 86.9027 41.6937 37.413 39.8927 25.0587 22.2899 52.252 23.7304 22.0888
threshold=298.95000000000005 265.20000000000005 101.96000000000002 143.49000000000004 87.166562500000012 100.19000000000001 89.551614583333347 90.710104166666682 279.84500000000008 219.755 235.06500000000003 98.573750000000004 243.11500000000004 257.58000000000004 143.49000000000004 95.383645833333347 107.24500000000002 109.18749999999999 43.545000000000009 41.815000000000005 3.5000000000000004 19.710000000000004 266.17000000000002 21.350000000000005 276.47000000000008 19.160000000000004 23.385000000000002 24.075000000000003 94.440260416666675 111.86250000000001
decision_type=2 2 2 2 2 2 2 2 2 2 2 2 2 2 2 2 2 2 2 2 2 2 2 2 2 2 2 2 2 2
left_child=2 -2 3 -1 -4 11 9 -8 10 -7 12 18 14 -14 16 -16 25 -18 19 -6 23 22 -22 24 -12 -9 -19 -28 -29 -30
right_child=1 -3 4 -5 5 6 7 8 -10 -11 20 -13 13 -15 15 -17 17 26 -20 -21 21 -23 -24 -25 -26 -27 27 28 29 -31
leaf_value=-0.0060546243693814436 0.21719539158401036 -0.0053963484934398112 0.11037379852323621 -0.21290655874070669 -0.0076285170356708556 -0.073176844482836512 0.13971967995166779 0.0082696913941098116 -0.051182166952639822 0.0015568335638626628 0.011252640651235747 0.025414554057297884 -0.078180036467054626 0.032508051395416258 0.0096570212798389177 0.093672923778649428 -0.054944443510224421 0.058866858056613382 -0.01710062743423833 -0.13972198491916063 0.083495212416164588 0.14226822950269866 -0.0074851353926693696 -0.024199226019748797 0.086377415731549279 0.076437656352153202 -0.070450718030333523 0.066929118894040587 0.027429455778626512 -0.030272297450789701
leaf_weight=1692 21 35 27 21 27 23 23 28 32 38 43 27 23 21 38 32 30 21 97 20 20 23 34 30 30 26 20 20 43 27
leaf_count=1692 21 35 27 21 27 23 23 28 32 38 43 27 23 21 38 32 30 21 97 20 20 23 34 30 30 26 20 20 43 27
internal_value=-3.7022e-11 0.0780756 -0.00172407 -0.00859046 0.0125677 0.00925017 0.0181378 0.0229788 0.0180157 -0.0266214 0.022366 -0.0232338 0.0132143 -0.0253516 0.0191684 0.0480643 0.00976039 -0.000748116 -0.0323554 -0.0638385 0.0390933 0.0608776 0.0262113 0.0228079 0.0421258 0.0410913 0.0116633 0.00265166 0.0188966 0.00517307
internal_weight=2592 56 2536 1713 823 796 625 564 541 61 509 171 329 44 285 70 215 161 144 47 180 77 54 103 73 54 131 110 90 70
internal_count=2592 56 2536 1713 823 796 625 564 541 61 509 171 329 44 285 70 215 161 144 47 180 77 54 103 73 54 131 110 90 70
is_linear=0
shrinkage=0.05


Tree=115
num_leaves=31
num_cat=0
split_feature=9 12 8 9 12 9 12 12 9 11 0 0 3 10 7 11 6 3 12 9 3 8 6 6 8 6 12 11 0 9
split_gain=125.954 247.036 89.8404 320.397 96.4028 82.9611 48.8881 117.968 58.7924 28.8883 28.701 55.5933 44.6243 28.1288 27.2721 48.5516 30.1541 37.473 23.3007 47.1816 23.0528 80.6952 52.4218 33.7652 36.0031 22.3185 37.9697 21.2719 20.1159 168.295
threshold=298.95000000000005 94.186510416666678 101.96000000000002 143.49000000000004 87.166562500000012 100.19000000000001 89.551614583333347 90.710104166666682 279.84500000000008 219.755 90.500000000000014 67.500000000000014 1.5000000000000002 235.06500000000003 243.11500000000004 257.58000000000004 24.975000000000005 1.0000000180025095e-35 95.383645833333347 140.80000000000004 3.5000000000000004 276.47000000000008 12.355000000000002 21.350000000000005 276.47000000000008 17.315000000000001 94.226250000000007 111.86250000000001 55.500000000000007 98.465000000000018
decision_type=2 2 2 2 2 2 2 2 2 2 2 2 2 2 2 2 2 2 2 2 2 2 2 2 2 2 2 2 2 2
left_child=2 -2 3 28 -4 10 9 -8 13 -7 11 -6 -12 14 16 -16 17 -9 25 27 23 22 -22 24 -15 26 -19 -20 -1 -30
right_child=1 -3 4 -5 5 6 7 8 -10 -11 12 -13 -14 20 15 -17 -18 18 19 -21 21 -23 -24 -25 -26 -27 -28 -29 29 -31
leaf_value=-0.0077817426499952021 0.21506584238260987 -0.0041027040117316777 0.10485511469068352 -0.20226122871750879 -0.019153170877903261 -0.069517999110014536 0.13273369308723057 0.080586751947110458 -0.048623059550300246 0.0014789930789878495 0.05845389034113159 -0.11059326854619114 -0.023850013537268188 0.01069000967626655 -0.074271033347948739 0.030882649283323974 -0.020372883473024812 0.056608021317515522 0.036217758093671698 0.094278096914291398 0.04982305251527578 0.0046134306470284594 0.1643020974099636 -0.022989264633506538 0.082058544059594479 -0.033133876481742569 -0.018246269878000022 -0.01382451104266303 0.14671115539968013 -0.005928800401267826
leaf_weight=1486 20 36 27 21 68 23 23 27 32 38 23 22 58 43 23 21 43 32 54 25 20 37 20 30 30 33 36 35 20 186
leaf_count=1486 20 36 27 21 68 23 23 27 32 38 23 22 58 43 23 21 43 32 54 25 20 37 20 30 30 33 36 35 20 186
internal_value=-6.22386e-11 0.0741718 -0.00163786 -0.00816094 0.0119393 0.00878767 0.0172309 0.0218298 0.0171149 -0.0252904 -0.0220721 -0.0415052 -0.000479769 0.0212477 0.0125536 -0.024084 0.0182099 0.0250656 0.0180931 0.0335864 0.0371386 0.0578338 0.107063 0.0216675 0.0400195 0.000605674 0.0169793 0.0165382 -0.00575189 0.00889061
internal_weight=2592 56 2536 1713 823 796 625 564 541 61 171 90 81 509 329 44 285 242 215 114 180 77 40 103 73 101 68 89 1692 206
internal_count=2592 56 2536 1713 823 796 625 564 541 61 171 90 81 509 329 44 285 242 215 114 180 77 40 103 73 101 68 89 1692 206
is_linear=0
shrinkage=0.05


Tree=116
num_leaves=31
num_cat=0
split_feature=9 7 8 9 12 9 12 12 9 6 12 10 10 9 7 11 6 3 12 12 8 11 12 6 12 9 6 12 11 9
split_gain=113.673 230.149 81.081 289.158 87.0035 74.8724 44.1215 106.466 53.0602 28.628 26.5501 25.3862 24.8615 70.1131 24.6131 43.8178 27.2141 33.8193 21.2644 35.1824 31.9371 64.2015 30.7274 31.5152 21.0289 42.5814 20.1424 34.2676 19.3113 72.3944
threshold=298.95000000000005 265.20000000000005 101.96000000000002 143.49000000000004 87.166562500000012 100.19000000000001 89.551614583333347 90.710104166666682 279.84500000000008 20.800000000000001 98.573750000000004 235.06500000000003 43.545000000000009 41.815000000000005 243.11500000000004 257.58000000000004 24.975000000000005 1.0000000180025095e-35 92.19640625000001 96.444843750000018 266.17000000000002 271.09875000000005 94.944843750000004 16.390000000000004 95.383645833333347 140.80000000000004 17.315000000000001 94.226250000000007 42.361250000000005 57.865000000000002
decision_type=2 2 2 2 2 2 2 2 2 2 2 2 2 2 2 2 2 2 2 2 2 2 2 2 2 2 2 2 2 2
left_child=2 -2 3 28 -4 10 9 -8 11 -7 12 14 13 -6 16 -16 17 -9 -13 22 -21 -22 23 -20 26 -26 27 -19 29 -1
right_child=1 -3 4 -5 5 6 7 8 -10 -11 -12 18 -14 -15 15 -17 -18 24 19 20 21 -23 -24 -25 25 -27 -28 -29 -30 -31
leaf_value=-0.00851469275286614 0.20132246038743429 -0.0080523752314703816 0.099612352165772966 -0.1921481721457981 -0.0067860191838850295 0.0045184525661170483 0.12609701088791633 0.076557414771782031 -0.046191905718296768 -0.065129636645317082 0.024530762654763682 0.082569454539389853 -0.015038025746909307 -0.13030159197747709 -0.070557483463831575 0.02933851521506551 -0.01935423917548601 0.053777620443725027 -0.009023967590959121 0.107488057105802 -0.038294865489006041 0.072380169990815618 -0.03118505703962662 0.072004775935783985 0.015711302594334054 0.089564193964004515 -0.031477182025484968 -0.017333955648872589 -0.00019788007506458109 -0.10254127601427693
leaf_weight=813 21 35 27 21 27 36 23 27 32 25 27 21 97 20 23 21 43 32 24 20 20 38 33 24 89 25 33 36 858 21
leaf_count=813 21 35 27 21 27 36 23 27 32 25 27 21 97 20 23 21 43 32 24 20 20 38 33 24 89 25 33 36 858 21
internal_value=-4.10962e-11 0.0704632 -0.00155597 -0.00775289 0.0113424 0.00834828 0.0163694 0.0207383 0.0162591 -0.0240258 -0.0209685 0.0201853 -0.0294996 -0.0593458 0.0119259 -0.0228798 0.0172994 0.0238123 0.0352817 0.0290361 0.053004 0.0342164 0.00595596 0.0314904 0.0171885 0.0319071 0.000575391 0.0161303 -0.0054643 -0.0108823
internal_weight=2592 56 2536 1713 823 796 625 564 541 61 171 509 144 47 329 44 285 242 180 159 78 58 81 48 215 114 101 68 1692 834
internal_count=2592 56 2536 1713 823 796 625 564 541 61 171 509 144 47 329 44 285 242 180 159 78 58 81 48 215 114 101 68 1692 834
is_linear=0
shrinkage=0.05


Tree=117
num_leaves=31
num_cat=0
split_feature=9 12 8 9 12 9 12 12 9 11 0 7 3 10 7 11 6 3 5 8 3 12 9 11 6 12 0 9 5 12
split_gain=102.59 218.612 73.1756 260.965 78.5207 67.5723 39.8196 96.0854 47.8868 26.7694 24.8973 51.51 40.064 22.9111 22.2133 39.5456 24.5607 30.522 20.452 19.0546 35.498 18.9786 38.4297 19.1979 18.1786 30.9265 18.1157 151.904 29.6164 25.907
threshold=298.95000000000005 94.186510416666678 101.96000000000002 143.49000000000004 87.166562500000012 100.19000000000001 89.551614583333347 90.710104166666682 279.84500000000008 229.4425 90.500000000000014 112.70500000000001 1.5000000000000002 235.06500000000003 243.11500000000004 257.58000000000004 24.975000000000005 1.0000000180025095e-35 28.825000000000003 271.51000000000005 2.5000000000000004 95.383645833333347 140.80000000000004 111.86250000000001 17.315000000000001 94.226250000000007 55.500000000000007 98.465000000000018 33.000000000000007 69.912635850991123
decision_type=2 2 2 2 2 2 2 2 2 2 2 2 2 2 2 2 2 2 2 2 2 2 2 2 2 2 2 2 2 2
left_child=2 -2 3 26 -4 10 9 -8 13 -7 11 -6 -12 14 16 -16 17 -9 19 20 -15 24 23 -23 25 -19 29 -28 -29 -1
right_child=1 -3 4 -5 5 6 7 8 -10 -11 12 -13 -14 18 15 -17 -18 21 -20 -21 -22 22 -24 -25 -26 -27 27 28 -30 -31
leaf_value=-0.040478692260304733 0.19948079146444797 -0.0066937314139472112 0.094631736794555638 -0.18254076263734276 -0.017800623110628556 -0.052341165437417875 0.11979215954956801 0.072729544174271063 -0.043882311647757889 0.014344513781920629 0.0560318179934731 -0.10878633346408606 -0.021953331611665159 0.0066339101090475364 -0.067029610211434582 0.027871591371617151 -0.018386526111253475 0.051088738898397427 0.067225523789723726 0.010581494725159825 0.086302087480073869 0.033621304920288149 0.085085983783006677 -0.013918851241469382 -0.029903325168980345 -0.016467257796062364 0.13964135639369488 0.052105385418981312 -0.012300191968062287 -0.0058109159103286994
leaf_weight=56 20 36 27 21 70 34 23 27 32 27 23 20 58 27 23 21 43 32 36 88 29 54 25 35 33 36 20 20 166 1430
leaf_count=56 20 36 27 21 70 34 23 27 32 27 23 20 58 27 23 21 43 32 36 88 29 54 25 35 33 36 20 20 166 1430
internal_value=-3.02974e-11 0.06694 -0.00147817 -0.00736525 0.0107752 0.00793087 0.0155509 0.0197014 0.0154462 -0.0228246 -0.0199201 -0.0380197 0.0001906 0.0191761 0.0113296 -0.0217359 0.0164345 0.0226217 0.0335176 0.0250906 0.0478906 0.0163291 0.0303118 0.0149257 0.00054662 0.0153238 -0.00519108 0.00870438 -0.00537486 -0.00711737
internal_weight=2592 56 2536 1713 823 796 625 564 541 61 171 90 81 509 329 44 285 242 180 144 56 215 114 89 101 68 1692 206 186 1486
internal_count=2592 56 2536 1713 823 796 625 564 541 61 171 90 81 509 329 44 285 242 180 144 56 215 114 89 101 68 1692 206 186 1486
is_linear=0
shrinkage=0.05


Tree=118
num_leaves=31
num_cat=0
split_feature=9 6 7 7 9 8 7 5 0 5 12 12 9 5 5 5 7 8 10 6 6 3 5 2 6 7 5 12 12 12
split_gain=94.6948 456.488 229.861 76.9921 59.2874 40.0503 285.147 47.6726 74.2829 225.106 459.314 173.075 75.0314 41.5199 103.901 58.8214 40.3135 37.1306 36.6511 44.5733 31.2341 31.1453 28.9085 21.8096 24.4692 18.1235 17.6019 16.2366 21.1636 20.1619
threshold=284.29500000000007 22.295000000000005 257.64000000000004 287.49500000000006 260.70500000000004 103.85000000000001 116.14500000000001 24.840000000000003 69.500000000000014 30.465000000000003 93.428645833333363 88.780937500000022 96.435000000000016 23.555000000000003 23.225000000000005 23.765000000000004 114.33500000000002 271.51000000000005 55.690000000000005 13.615 19.335000000000004 2.5000000000000004 24.195000000000004 1.0000000180025095e-35 16.910000000000004 36.425000000000004 35.155000000000008 101.61119791666668 101.15838541666668 95.909166666666692
decision_type=2 2 2 2 2 2 2 2 2 2 2 2 2 2 2 2 2 2 2 2 2 2 2 2 2 2 2 2 2 2
left_child=3 2 -2 5 -5 6 25 13 12 11 -11 -10 -9 14 18 -15 -12 20 19 -7 21 -13 -17 -19 -25 -1 -14 28 29 -27
right_child=1 -3 -4 4 -6 7 -8 8 9 10 16 17 26 15 -16 22 -18 23 -20 -21 -22 -23 -24 24 -26 27 -28 -29 -30 -31
leaf_value=-0.02853884007056038 -0.13951298468138859 0.26050703436136247 0.060755222918171641 0.11665092694262665 0.004311931910722152 -0.099151001805844519 -0.19470996925607326 -0.099740997808320186 -0.13365213789045813 0.30458810671809178 0.068658813171916536 -0.01874671277723142 -0.0056100207732104864 -0.10673328248540992 0.07881198287424114 0.015854911795641118 -0.02040328166137139 -0.045969041126469774 0.018416965272473662 -0.011388942643474693 0.066662951521217248 0.042501936250311491 -0.048011364656336174 0.042141545978524993 -0.018460204769184609 -4.0779088736066601e-05 0.044995601475238803 -0.044548709232670569 0.022122589258854339 -0.011854243799538172
leaf_weight=77 23 20 38 24 23 23 20 21 20 21 27 35 122 23 36 37 24 24 38 39 52 51 34 31 36 977 20 24 79 573
leaf_count=77 23 20 38 24 23 23 20 21 20 21 27 35 122 23 36 37 24 24 38 39 52 51 34 31 36 977 20 24 79 573
internal_value=-1.88411e-11 0.0532104 -0.0147557 -0.00171646 0.0616765 -0.00292566 -0.00699743 0.00705415 0.0159604 0.0299187 0.107784 0.00740345 -0.011528 -0.0116878 0.00597378 -0.0372406 0.0267472 0.0197227 -0.020248 -0.0439458 0.036072 0.0175752 -0.0147289 -0.00507073 0.00957941 -0.00482734 0.00151753 -0.00372281 -0.00312132 -0.00440795
internal_weight=2592 81 61 2511 47 2464 1750 714 484 321 72 249 163 230 136 94 51 229 100 62 138 86 71 91 67 1730 142 1653 1629 1550
internal_count=2592 81 61 2511 47 2464 1750 714 484 321 72 249 163 230 136 94 51 229 100 62 138 86 71 91 67 1730 142 1653 1629 1550
is_linear=0
shrinkage=0.05


Tree=119
num_leaves=31
num_cat=0
split_feature=11 11 12 11 5 7 9 7 7 7 0 0 7 8 11 9 7 10 6 5 5 10 5 6 5 5 7 9 12 12
split_gain=87.7723 198.113 846.572 524.705 225.507 71.8543 82.4545 81.247 34.0037 32.5548 33.616 20.8465 18.891 36.4589 37.0741 109.138 38.7917 30.6281 27.3171 25.5455 19.6659 19.3687 25.4824 28.6117 18.6829 19.4727 16.3985 63.6283 22.3025 94.5902
threshold=111.3075 124.25375000000001 93.148020833333348 130.68750000000003 30.465000000000003 324.85500000000008 52.260000000000012 300.47500000000008 287.49500000000006 114.33500000000002 69.500000000000014 72.500000000000014 276.47000000000008 157.36000000000004 224.60000000000002 136.57500000000002 137.73500000000004 166.43500000000003 17.700000000000003 24.705000000000002 23.435000000000006 270.99500000000006 26.120000000000001 20.405000000000005 25.615000000000006 25.215000000000003 41.395000000000003 56.425000000000004 45.219642857142865 87.166562500000012
decision_type=2 2 2 2 2 2 2 2 2 2 2 2 2 2 2 2 2 2 2 2 2 2 2 2 2 2 2 2 2 2
left_child=11 2 -2 -3 5 6 -5 8 12 10 -4 26 13 -8 15 16 20 -16 -17 -19 -15 22 24 -24 25 -21 27 -1 -28 -30
right_child=1 3 9 4 -6 -7 7 -9 -10 -11 -12 -13 -14 14 17 18 -18 19 -20 21 -22 -23 23 -25 -26 -27 28 -29 29 -31
leaf_value=-0.0078943480151167644 0.37176737000234428 -0.24655540999025108 -0.01463299710303545 -0.095916970446705829 0.1790436777845025 0.088810312088865501 0.076250782529158262 -0.079854277017526343 0.070688758887505782 -0.045833712970109096 0.069957719192556708 -0.040086949995089702 -0.032661326944828033 0.01968793170526624 0.068098637646263727 -0.040249363903567426 -0.031112815532833338 -0.03396281104964706 -0.12288876350969076 0.048085235216869762 0.08682042539119722 0.06085441826532284 0.01507891585766259 -0.043637817544595239 0.064185668018956976 -0.0097731099012448933 0.040329059434589004 -0.098324346194276602 -0.09818536767363549 0.00014396580423790706
leaf_weight=710 20 20 24 20 20 26 21 25 24 23 23 42 25 24 28 20 22 26 20 26 20 24 59 32 30 33 32 20 25 1128
leaf_count=710 20 20 24 20 20 26 21 25 24 23 23 42 25 24 28 20 22 26 20 26 20 24 59 32 30 33 32 20 25 1128
internal_value=1.22361e-11 0.0161525 0.0848779 0.00480336 0.0143789 0.00785755 0.00346346 0.00779376 0.0128426 0.00290943 0.0267625 -0.0052411 0.00945649 0.0121914 0.00849568 -0.0163993 0.0230975 0.0187239 -0.0815691 0.012713 0.0502027 0.0186619 0.0130362 -0.00556873 0.0320593 0.0157238 -0.00447686 -0.0103719 -0.000845326 -0.00198807
internal_weight=2592 635 90 545 525 505 479 459 434 70 47 1957 410 385 364 106 66 258 40 230 44 204 180 91 89 59 1915 730 1185 1153
internal_count=2592 635 90 545 525 505 479 459 434 70 47 1957 410 385 364 106 66 258 40 230 44 204 180 91 89 59 1915 730 1185 1153
is_linear=0
shrinkage=0.05


Tree=120
num_leaves=31
num_cat=0
split_feature=9 6 11 7 10 8 7 5 0 5 12 12 9 5 5 5 7 10 6 8 6 3 5 2 6 7 6 8 7 9
split_gain=81.5506 410.819 215.196 65.6754 53.8318 34.3119 267.673 39.5124 68.4221 204.459 407.352 147.772 65.482 38.3763 91.8967 53.6588 34.634 33.5679 40.0948 31.9955 28.3234 27.0699 25.8834 18.984 20.7704 17.7643 21.4832 16.6151 16.0049 15.504
threshold=284.29500000000007 21.745000000000001 212.77625000000003 287.49500000000006 267.37500000000006 103.85000000000001 116.14500000000001 24.840000000000003 69.500000000000014 30.465000000000003 93.428645833333363 88.780937500000022 96.435000000000016 23.555000000000003 23.225000000000005 23.765000000000004 112.70500000000001 55.690000000000005 13.615 271.51000000000005 19.335000000000004 2.5000000000000004 24.315000000000001 1.0000000180025095e-35 16.910000000000004 108.71500000000002 19.160000000000004 110.98500000000001 36.425000000000004 136.57500000000002
decision_type=2 2 2 2 2 2 2 2 2 2 2 2 2 2 2 2 2 2 2 2 2 2 2 2 2 2 2 2 2 2
left_child=3 2 -2 5 -5 6 28 13 12 11 -11 -10 -9 14 17 -15 -12 18 -7 20 21 -13 29 -21 -25 26 -14 -27 -1 -17
right_child=1 -3 -4 4 -6 7 -8 8 9 10 16 19 25 15 -16 22 -18 -19 -20 23 -22 -23 -24 24 -26 27 -28 -29 -30 -31
leaf_value=-0.026658459939062597 -0.15735795807093383 0.21790930354595184 0.047199141389379903 0.11161772939174071 0.004572083824314177 -0.093253480351489532 -0.18834863797819709 -0.094154423484135247 -0.12376331232488157 0.28757856623047878 0.071387441715468541 -0.01834191274962255 -0.0014073002255625196 -0.10147463172350242 0.074946047272533178 0.039728372400118547 -0.0114188372789483 0.018787082363116117 -0.010016968407375643 -0.043214871385134759 0.062264938544831241 0.038759090528622565 -0.052139065276693423 0.038610759623829399 -0.017223134823143482 -0.032090312264421404 0.062227656160082134 0.013033509517417236 -0.0033379766531246367 -0.019631928158923985
leaf_weight=77 20 25 36 23 24 23 20 21 20 21 23 35 36 23 36 22 28 38 39 24 52 51 27 31 36 51 21 34 1653 22
leaf_count=77 20 25 36 23 24 23 20 21 20 21 23 35 36 23 36 22 28 38 39 24 52 51 27 31 36 51 21 34 1653 22
internal_value=-2.65404e-10 0.0493795 -0.025857 -0.00159289 0.0569561 -0.00270969 -0.00647849 0.00652755 0.0146358 0.0280322 0.102241 0.0065743 -0.011746 -0.0105351 0.00644467 -0.0351016 0.0259252 -0.0182158 -0.040895 0.0179575 0.0331342 0.0155203 -0.0136005 -0.00505776 0.00861046 0.000441207 0.0220372 -0.0140408 -0.00437594 0.0100482
internal_weight=2592 81 56 2511 47 2464 1750 714 484 321 72 249 163 230 136 94 51 100 62 229 138 86 71 91 67 142 57 85 1730 44
internal_count=2592 81 56 2511 47 2464 1750 714 484 321 72 249 163 230 136 94 51 100 62 229 138 86 71 91 67 142 57 85 1730 44
is_linear=0
shrinkage=0.05


Tree=121
num_leaves=31
num_cat=0
split_feature=9 7 11 8 9 7 6 3 12 7 3 5 9 2 11 9 3 5 9 8 6 12 8 8 12 11 2 9 9 8
split_gain=74.5205 231.973 54.7578 193.079 72.0465 62.938 146.053 190.106 99.9775 66.8474 210.599 138.661 52.0123 39.3128 78.5768 35.2613 28.577 28.8244 37.8695 22.4304 22.3063 18.1543 17.3691 91.3171 65.4439 52.9994 128.07 89.6215 53.6737 71.2645
threshold=298.95000000000005 265.20000000000005 219.755 234.05000000000004 136.57500000000002 142.53500000000003 17.445000000000004 3.5000000000000004 93.678177083333352 117.73500000000003 3.5000000000000004 23.435000000000006 116.47000000000001 37.500000000000007 275.64375000000007 267.96000000000009 1.5000000000000002 24.775000000000002 231.31500000000003 300.47500000000008 19.390000000000004 96.941197916666695 50.170000000000009 54.835000000000008 87.920520833333356 44.318749999999987 1.0000000180025095e-35 62.520000000000003 51.740000000000009 39.415000000000006
decision_type=2 2 2 2 2 2 2 2 2 2 2 2 2 2 2 2 2 2 2 2 2 2 2 2 2 2 2 2 2 2
left_child=2 -2 5 -4 -5 9 8 -8 -7 12 11 -11 22 15 20 16 21 -18 -19 -20 -15 -6 25 -24 -25 27 -27 28 -1 -30
right_child=1 -3 3 4 13 6 7 -9 -10 10 -12 -13 -14 14 -16 -17 17 18 19 -21 -22 -23 23 24 -26 26 -28 -29 29 -31
leaf_value=-0.0070262482233236839 0.18842886653507041 -0.021774088676486697 0.15729493422638727 -0.08459338181652129 0.016273431952756184 0.10047350028529763 -0.20982332580479915 0.00095362650230526927 -0.045895034001607986 0.024739181473851207 -0.055370286206404377 0.20869559276671637 0.058205179508888365 0.038843500840344602 0.11708410859107972 -0.044057521136368023 -0.055728259896859526 0.062490831888639013 -0.021473903441801667 0.032623424415511117 -0.027611224871614704 0.077987250524827023 -0.05566703633312136 -0.077341659508388616 -0.00034979000684342811 0.11215296963928267 0.0053938709741582309 -0.11155176331754775 -0.012960928323723021 0.11891756143420935
leaf_weight=977 21 35 23 20 26 20 23 20 28 20 30 21 33 28 25 34 20 26 66 27 23 22 100 29 572 32 230 20 21 20
leaf_count=977 21 35 23 20 26 20 23 20 28 20 30 21 33 28 25 34 20 26 66 27 23 22 100 29 572 32 230 20 21 20
internal_value=-1.31669e-11 0.057052 -0.00125982 0.0174124 0.00726315 -0.00415078 -0.0448621 -0.111788 0.0150919 -0.00239081 0.0452998 0.118961 -0.00405553 0.0134488 0.0444692 0.00278111 0.0112972 -0.00018884 0.00914552 -0.00576823 0.00887372 0.0445589 -0.00508232 -0.0114261 -0.00406487 -0.00166156 0.0184332 -0.00673363 -0.00467433 0.05137
internal_weight=2592 56 2536 340 317 2196 91 43 48 2105 71 41 2034 297 76 221 187 139 119 93 51 48 2001 701 601 1300 262 1038 1018 41
internal_count=2592 56 2536 340 317 2196 91 43 48 2105 71 41 2034 297 76 221 187 139 119 93 51 48 2001 701 601 1300 262 1038 1018 41
is_linear=0
shrinkage=0.05


Tree=122
num_leaves=31
num_cat=0
split_feature=11 11 12 11 5 9 0 5 9 9 0 7 0 12 9 11 11 3 10 6 6 0 8 5 0 3 2 7 9 5
split_gain=67.585 185.709 754.929 461.035 196.729 61.7819 56.5315 120.629 68.7766 31.684 36.2365 26.7049 29.2746 18.0762 35.3713 95.1283 25.1712 22.1677 42.8641 42.1057 20.018 19.8672 21.6833 19.8879 17.2097 14.2348 29.1585 17.5617 77.586 28.8872
threshold=111.3075 124.25375000000001 93.148020833333348 130.68750000000003 30.400000000000002 324.85500000000008 77.500000000000014 29.805000000000003 52.740000000000009 277.44000000000005 79.500000000000014 114.33500000000002 69.500000000000014 96.822135416666683 127.55500000000002 219.755 273.23250000000002 3.5000000000000004 234.05000000000004 20.185000000000006 6.0750000000000011 83.500000000000014 239.72500000000002 25.685000000000006 72.500000000000014 1.0000000180025095e-35 37.500000000000007 42.365000000000002 57.385000000000005 35.785000000000004
decision_type=2 2 2 2 2 2 2 2 2 2 2 2 2 2 2 2 2 2 2 2 2 2 2 2 2 2 2 2 2 2
left_child=24 2 -2 -3 5 6 7 -5 -8 10 -10 12 -4 14 -12 -16 21 19 -19 20 -15 -17 -23 -24 25 26 -1 28 -27 -29
right_child=1 3 11 4 -6 -7 8 -9 9 -11 13 -13 -14 17 15 16 -18 18 -20 -21 -22 22 23 -25 -26 27 -28 29 -30 -31
leaf_value=0.018928394760041559 0.35162952821701765 -0.23242964874953032 -0.013718091696500779 0.1441059714831088 0.15515361263052277 -0.076322766054760335 -0.087143809664994479 -0.0092264911609477012 0.065115498520176993 -0.046714729309082034 0.050160847923585355 -0.04083900587714237 0.065221443772315979 0.032693816255778073 -0.10084410724043846 0.042213021918404398 -0.0381170348039475 -0.039187490195035937 0.045196531188708769 -0.0062479452943080107 0.097497953245273009 0.027660496169701222 0.0051048126328608091 -0.058786357016790483 -0.036259775956915249 -0.0081975134670067024 -0.023861807461757707 -0.0039449444762431089 -0.105555550492413 0.023446951622926548
leaf_weight=160 20 20 24 23 23 22 20 29 29 25 28 23 23 22 25 41 29 34 27 32 26 40 29 21 42 801 53 770 21 110
leaf_count=160 20 20 24 23 23 22 20 29 29 25 28 23 23 22 25 41 29 34 27 32 26 40 29 21 42 801 53 770 21 110
internal_value=8.61864e-11 0.0141738 0.0807128 0.0031857 0.0121615 0.0056101 0.00936535 0.0585936 0.00338435 0.007822 0.0113818 0.00330803 0.0249119 0.00697993 -0.00221274 -0.0101396 0.00403304 0.0208667 -0.00183719 0.0381785 0.0677961 0.013364 0.000221621 -0.0217295 -0.00459906 -0.00390467 0.00828107 -0.00542968 -0.0106848 -0.000520957
internal_weight=2592 635 90 545 525 502 480 52 428 408 383 70 47 354 213 185 160 141 61 80 48 131 90 50 1957 1915 213 1702 822 880
internal_count=2592 635 90 545 525 502 480 52 428 408 383 70 47 354 213 185 160 141 61 80 48 131 90 50 1957 1915 213 1702 822 880
is_linear=0
shrinkage=0.05


Tree=123
num_leaves=31
num_cat=0
split_feature=9 6 7 7 9 7 7 6 12 12 0 3 10 6 12 7 2 12 0 8 8 7 8 8 0 8 8 9 2 0
split_gain=65.4339 373.196 194.839 56.1285 51.6164 34.2692 77.7319 35.3865 214.354 73.0925 85.8834 50.7823 47.568 47.2437 41.9721 45.9041 41.0815 39.3242 34.5316 31.9499 72.9287 53.3697 80.3549 28.7394 38.6231 35.467 28.7056 26.1923 25.8853 28.8992
threshold=284.29500000000007 22.295000000000005 257.64000000000004 287.49500000000006 260.70500000000004 273.93500000000006 267.78500000000003 14.56 88.053072916666679 87.166562500000012 50.500000000000007 4.5000000000000009 106.71000000000002 8.2750000000000004 99.208333333333357 105.78000000000002 1.0000000180025095e-35 94.654687500000009 85.500000000000014 243.11500000000004 248.83000000000001 125.105 222.04500000000004 37.995000000000012 54.500000000000007 51.855000000000011 110.98500000000001 163.95000000000002 22.500000000000004 85.500000000000014
decision_type=2 2 2 2 2 2 2 2 2 2 2 2 2 2 2 2 2 2 2 2 2 2 2 2 2 2 2 2 2 2
left_child=3 2 -2 5 -5 6 7 8 -1 10 -9 12 14 16 15 -10 -14 18 -13 21 -21 -11 -23 -19 25 -25 -15 -18 -22 -30
right_child=1 -3 -4 4 -6 -7 -8 9 11 19 -12 17 13 26 -16 -17 27 23 -20 20 28 22 -24 24 -26 -27 -28 -29 29 -31
leaf_value=0.13620222295324008 -0.13208201498441074 0.2316646920144558 0.052299165382589163 0.10399445393122733 -0.00082535534773183904 -0.055572349913418299 0.079566027874383952 -0.01644152705283726 -0.0037681116482163168 -0.0049969528944035545 -0.14701860791072249 0.0067450523303623977 0.070966904498636726 0.11525146854775292 0.024326318782835227 -0.082121631614863883 0.012241133606355441 0.000179531340768864 -0.06252783324569465 0.10385589794743628 -0.026110499091041479 -0.10854323534294963 -0.0098452383138496313 -0.046320310514420274 -0.018313093919236707 -0.13119809266179802 0.043061204180121423 -0.058449840731918813 0.0611022067428739 -0.014304527267813684
leaf_weight=30 23 20 38 24 23 30 29 34 286 1183 20 179 20 21 138 20 38 43 20 21 46 32 58 32 53 20 40 20 27 24
leaf_count=30 23 20 38 24 23 30 29 34 286 1183 20 179 20 21 138 20 38 43 20 21 46 32 58 32 53 20 40 20 27 24
internal_value=7.40913e-11 0.0442318 -0.0172216 -0.00142683 0.0526997 -0.00245928 -0.00180464 -0.00278582 0.00465515 -0.0077293 -0.0648034 0.000411693 0.00942565 0.0349513 0.0014345 -0.00888926 0.00917313 -0.0147328 -0.000217047 -0.00551363 0.0193758 -0.00782074 -0.0449379 -0.0342506 -0.0483505 -0.0789656 0.0679136 -0.0121351 0.00108627 0.0256167
internal_weight=2592 81 61 2511 47 2464 2434 2405 960 1445 54 930 583 139 444 306 78 347 199 1391 118 1273 90 148 105 52 61 58 97 51
internal_count=2592 81 61 2511 47 2464 2434 2405 960 1445 54 930 583 139 444 306 78 347 199 1391 118 1273 90 148 105 52 61 58 97 51
is_linear=0
shrinkage=0.05


Tree=124
num_leaves=31
num_cat=0
split_feature=9 7 8 9 12 9 0 11 3 11 9 10 5 10 12 7 3 6 10 6 5 3 11 8 8 11 8 3 6 0
split_gain=59.4867 225.104 43.6886 219.849 87.4113 45.6734 26.2751 57.5331 31.9571 25.579 192.09 55.192 45.2234 35.3259 36.561 35.1031 26.4069 31.5591 21.3131 24.6249 64.5898 24.7015 22.2366 20.8713 20.012 19.8178 20.9543 17.2039 16.7108 15.3955
threshold=298.95000000000005 265.20000000000005 101.96000000000002 143.49000000000004 87.166562500000012 100.19000000000001 90.500000000000014 111.86250000000001 1.5000000000000002 124.25375000000001 118.18000000000002 283.55000000000007 32.775000000000013 274.76000000000005 91.580364583333349 108.51000000000001 5.5000000000000009 20.405000000000005 111.19500000000001 5.1850000000000014 29.745000000000001 5.5000000000000009 203.18500000000003 271.51000000000005 278.71000000000009 247.32000000000002 245.01500000000001 2.5000000000000004 20.185000000000006 55.500000000000007
decision_type=2 2 2 2 2 2 2 2 2 2 2 2 2 2 2 2 2 2 2 2 2 2 2 2 2 2 2 2 2 2
left_child=2 -2 3 29 -4 6 7 -6 -8 10 12 13 -7 14 16 -14 17 -11 -16 -20 21 22 -21 25 -25 26 -24 -27 -26 -1
right_child=1 -3 4 -5 5 9 8 -9 -10 11 -12 -13 15 -15 18 -17 -18 -19 19 20 -22 -23 23 24 28 27 -28 -29 -30 -31
leaf_value=-0.0054546747488877587 0.18039059763153395 -0.026677002566201348 0.096819048349021219 -0.16645890160330706 -0.014095516940173898 -0.040606107916682961 0.052976008261675422 -0.10861385599488305 -0.016673505439519367 -0.011782652015487354 0.14537351018395916 -0.060418401584029204 0.050013573579543107 0.074647314883768565 -0.035232325064716866 -0.0050704110535930418 0.018687446594790179 -0.086762302401273153 -0.01987088774960186 -0.019874480632799015 0.11000719845294954 -0.035380052313918157 0.049964249899817841 -0.033420589144918182 0.052966650575399399 0.031437920406460762 -0.014980788277867047 0.088915253529946017 -0.0027005437362406935 0.0091309334286511206
leaf_weight=1486 21 35 27 21 69 40 23 21 58 36 29 30 55 20 20 61 27 23 37 28 20 21 27 21 26 23 23 30 28 206
leaf_count=1486 21 35 27 21 69 40 23 21 58 36 29 30 55 20 20 61 27 23 37 28 20 21 27 21 26 23 23 30 28 206
internal_value=-2.78438e-10 0.0509733 -0.00112559 -0.00567444 0.00834241 0.00534132 -0.0175561 -0.0361498 0.00310352 0.0116061 0.0272056 0.00504715 0.00523851 0.00983731 0.00651372 0.021047 -0.0222692 -0.041012 0.0146562 0.0181695 0.0238679 0.0162785 0.0215447 0.0280601 0.0079958 0.04267 0.0200895 0.0639723 0.0241022 -0.00367889
internal_weight=2592 56 2536 1713 823 796 171 90 81 625 185 440 156 410 390 116 86 59 304 284 247 227 206 178 75 103 50 53 54 1692
internal_count=2592 56 2536 1713 823 796 171 90 81 625 185 440 156 410 390 116 86 59 304 284 247 227 206 178 75 103 50 53 54 1692
is_linear=0
shrinkage=0.05


Tree=125
num_leaves=31
num_cat=0
split_feature=7 10 9 11 5 7 8 7 2 5 12 12 2 10 10 6 6 12 6 12 12 9 3 7 10 5 11 7 6 9
split_gain=57.726 57.4093 242.753 39.0285 130.331 50.9967 114.176 60.9735 71.0953 57.7169 93.1098 35.338 33.8122 62.4829 36.8715 27.1593 22.3345 33.5283 24.2385 22.0456 21.549 18.7528 18.5697 16.4523 50.8859 36.401 29.5618 30.8893 17.8452 17.2422
threshold=324.85500000000008 301.52000000000004 284.29500000000007 188.32250000000002 28.655000000000005 122.21500000000002 104.22000000000001 113.35000000000001 22.500000000000004 30.465000000000003 92.35656250000001 97.976406250000011 37.500000000000007 122.59000000000002 141.28500000000003 9.5900000000000016 5.1850000000000014 91.742395833333347 22.715000000000003 97.882135416666685 93.428645833333363 116.47000000000001 4.5000000000000009 108.51000000000001 96.675000000000011 34.605000000000011 105.6725 105.39000000000001 6.5200000000000005 100.69000000000001
decision_type=2 2 2 2 2 2 2 2 2 2 2 2 2 2 2 2 2 2 2 2 2 2 2 2 2 2 2 2 2 2
left_child=1 2 3 5 12 7 -7 21 -9 10 -8 -12 13 -5 -14 -16 -15 -18 19 22 -17 23 -19 26 -25 28 27 -1 -26 -28
right_child=-2 -3 -4 4 -6 6 9 8 -10 -11 11 -13 14 16 15 20 17 18 -20 -21 -22 -23 -24 24 25 -27 29 -29 -30 -31
leaf_value=-0.0035855086437686099 0.074127602050654023 -0.062582093980666761 0.13921074617293575 -0.087995025785639891 0.13467772409674669 -0.1455654511973262 -0.12309757811682565 0.11407898730443169 -0.010358862629668279 0.056935220076279207 0.049576245519247927 -0.042254728334955874 0.090744872320266012 -0.038374432983497783 0.061320353906402107 0.030539750698953868 -0.024281177841700044 0.036379130692221227 -0.014338421229930485 0.074197443116169715 -0.039733445302893716 0.038526792766956183 -0.015660141532619794 -0.090667149373753517 0.0077812204509973533 0.026607205977906351 0.0051669835226564875 -0.064591112661929365 -0.048981954401565928 0.052587685785773733
leaf_weight=1740 26 37 31 20 21 20 21 24 22 22 22 20 21 27 21 20 52 60 34 26 24 26 24 22 20 46 41 21 45 36
leaf_count=1740 26 37 31 20 21 20 21 24 22 22 22 20 21 27 21 20 52 60 34 26 24 26 24 22 20 46 41 21 45 36
internal_value=-4.68446e-11 -0.000751098 0.000153507 -0.00157218 0.0139106 -0.00409498 -0.0380781 -0.00234841 0.0545652 -0.012787 -0.0371344 0.00584721 0.00620201 -0.00333374 0.0331461 0.0145372 0.0042592 0.0101322 0.0225592 0.033964 -0.00779108 -0.00365939 0.0215108 -0.00421588 -0.0211978 -0.00742912 -0.00298705 -0.004313 -0.0315164 0.0273377
internal_weight=2592 2566 2529 2498 350 2148 105 2043 46 85 63 42 329 243 86 65 223 196 144 110 44 1997 84 1971 133 111 1838 1761 65 77
internal_count=2592 2566 2529 2498 350 2148 105 2043 46 85 63 42 329 243 86 65 223 196 144 110 44 1997 84 1971 133 111 1838 1761 65 77
is_linear=0
shrinkage=0.05


Tree=126
num_leaves=31
num_cat=0
split_feature=7 7 9 12 11 0 7 6 5 6 7 10 10 7 9 8 3 10 12 11 0 9 12 8 8 12 11 2 9 9
split_gain=52.0977 52.9773 137.626 484.958 36.1456 135.494 56.9365 144.368 142.394 120.097 55.6508 37.6546 33.1608 26.094 23.4971 15.2102 17.8998 28.1933 23.2598 29.9698 32.7188 23.7265 13.8097 12.8197 80.9009 57.1947 43.9753 115.416 77.0146 49.1536
threshold=324.85500000000008 300.47500000000008 284.29500000000007 94.40770833333336 188.32250000000002 79.500000000000014 122.21500000000002 13.525 30.400000000000002 7.6950000000000012 115.045 118.18000000000002 138.78500000000003 222.04500000000004 116.47000000000001 239.72500000000002 1.0000000180025095e-35 223.09500000000003 96.897604166666682 273.23250000000002 83.500000000000014 248.49000000000004 95.731041666666684 50.170000000000009 54.835000000000008 87.920520833333356 44.452499999999993 1.0000000180025095e-35 62.520000000000003 51.740000000000009
decision_type=2 2 2 2 2 2 2 2 2 2 2 2 2 2 2 2 2 2 2 2 2 2 2 2 2 2 2 2 2 2
left_child=1 2 4 -4 6 -6 10 9 22 -8 14 -7 -13 -14 23 -15 -17 -18 19 20 -19 -20 -9 26 -25 -26 28 -28 29 -1
right_child=-2 -3 3 -5 5 11 7 8 -10 -11 -12 12 13 15 -16 16 17 18 21 -21 -22 -23 -24 24 25 -27 27 -29 -30 -31
leaf_value=-0.0058087827681683997 0.070421224674926355 -0.070381951256206748 0.25929054096341136 -0.047659715542930275 0.12552778261899949 -0.055606737267225981 -0.047912371417750482 -0.064580856121721722 -0.19899419344961644 0.1196171010285616 0.069076475156126194 0.062331036995682459 -0.038170309667475526 0.046835885606706144 0.040733860880136495 0.041235892954282462 -0.049730073586106302 0.04059692639857531 0.064270077347113139 -0.060727991341125401 -0.027798534617485372 0.0013509479741896353 -0.0065272217243909835 -0.050943039908539503 -0.070761064120471992 0.0012553584546788742 0.10817317245828528 0.0051520506896676997 -0.10261583783663811 0.049424257799096052
leaf_weight=984 26 27 22 31 25 24 23 21 20 20 27 27 32 25 30 30 25 36 29 21 34 31 20 100 29 559 31 221 20 42
leaf_count=984 26 27 22 31 25 24 23 21 20 20 27 27 32 25 30 30 25 36 29 21 34 31 20 100 29 559 31 221 20 42
internal_value=-1.29198e-10 -0.000713543 2.7318e-05 0.0797536 -0.0016724 0.0135003 -0.00406809 -0.0401564 -0.0896168 0.0300083 -0.00223099 0.00458093 0.00956198 0.00414462 -0.003186 0.0100064 0.00553683 -0.000548232 0.00759446 -0.00834009 0.00737627 0.0317619 -0.036262 -0.00384945 -0.00936719 -0.00229647 -0.000924783 0.0178253 -0.00544201 -0.00354778
internal_weight=2592 2566 2539 53 2486 339 2147 104 61 43 2043 314 290 263 2016 231 206 176 151 91 70 60 41 1986 688 588 1298 252 1046 1026
internal_count=2592 2566 2539 53 2486 339 2147 104 61 43 2043 314 290 263 2016 231 206 176 151 91 70 60 41 1986 688 588 1298 252 1046 1026
is_linear=0
shrinkage=0.05


Tree=127
num_leaves=31
num_cat=0
split_feature=7 10 9 11 5 7 8 5 12 7 2 12 2 10 10 6 6 12 6 12 12 7 11 9 7 10 5 11 7 6
split_gain=47.0182 57.6916 214.091 32.3295 115.546 41.1183 99.4593 55.8928 83.871 50.5199 63.6672 32.1799 28.2576 52.7617 34.2449 24.4877 20.3484 29.9092 24.4737 23.1158 19.0398 15.6564 20.8063 15.117 14.8929 44.0375 32.736 26.4634 28.2244 16.1053
threshold=324.85500000000008 301.52000000000004 284.29500000000007 188.32250000000002 28.655000000000005 122.21500000000002 104.22000000000001 30.465000000000003 92.35656250000001 113.35000000000001 22.500000000000004 97.976406250000011 37.500000000000007 122.59000000000002 141.28500000000003 9.5900000000000016 5.1850000000000014 98.873788377192994 22.715000000000003 91.742395833333347 93.428645833333363 244.08000000000004 269.11750000000006 116.47000000000001 108.51000000000001 96.675000000000011 34.605000000000011 105.6725 105.39000000000001 6.5200000000000005
decision_type=2 2 2 2 2 2 2 2 2 2 2 2 2 2 2 2 2 2 2 2 2 2 2 2 2 2 2 2 2 2
left_child=1 2 3 5 12 9 -7 8 -8 23 -11 -10 13 -5 -14 -16 -15 18 19 -18 -17 -21 -23 24 27 -26 29 28 -1 -27
right_child=-2 -3 -4 4 -6 6 7 -9 11 10 -12 -13 14 16 15 20 17 -19 -20 21 -22 22 -24 -25 25 26 -28 -29 -30 -31
leaf_value=-0.0032023925347863858 0.066900161940317893 -0.062660715205443876 0.13081914779519843 -0.081072843968868269 0.12641086391217651 -0.13452366864308715 -0.1161440834403038 0.058014011721719397 0.047965663603760977 0.10600516774381202 -0.011752676455812022 -0.039665937107056383 0.085582590351502105 -0.036992271120349571 0.056562141213743457 0.026967878071591258 -0.018725827413542971 0.062875206120636157 -0.032106322241743333 0.051562457444851065 -0.039087221911177042 -0.019622050122968082 0.041975465173331589 0.034563759828989321 -0.084595246663825077 0.0073293911851942534 0.025116660202974862 0.026048340210570144 -0.061517103938829337 -0.04659562397748232
leaf_weight=1740 26 37 31 20 21 20 21 22 22 24 22 20 21 27 21 20 41 23 40 37 24 29 26 26 22 20 46 77 21 45
leaf_count=1740 26 37 31 20 21 20 21 22 22 24 22 20 21 27 21 20 41 23 40 37 24 29 26 26 22 20 46 77 21 45
internal_value=-2.17133e-11 -0.000677866 0.000228961 -0.00139165 0.0126998 -0.00368775 -0.0342025 -0.0105975 -0.0345571 -0.00211944 0.0496862 0.00623633 0.00544166 -0.00327571 0.0300733 0.0121395 0.00370162 0.00930741 0.00218567 0.0124991 -0.00906218 0.0264145 0.00949678 -0.00331276 -0.0038124 -0.0199695 -0.0071608 -0.00264325 -0.0038978 -0.0300033
internal_weight=2592 2566 2529 2498 350 2148 105 85 63 2043 46 42 329 243 86 65 223 196 173 133 44 92 55 1997 1971 133 111 1838 1761 65
internal_count=2592 2566 2529 2498 350 2148 105 85 63 2043 46 42 329 243 86 65 223 196 173 133 44 92 55 1997 1971 133 111 1838 1761 65
is_linear=0
shrinkage=0.05


Tree=128
num_leaves=31
num_cat=0
split_feature=9 7 8 9 12 9 11 9 9 5 7 11 2 11 9 8 10 6 7 11 6 12 9 6 12 10 7 0 9 12
split_gain=45.0453 193.831 29.8115 175.21 89.7506 35.9905 25.0217 162.002 62.5296 37.7749 29.0701 22.8221 37.0616 54.6663 36.2128 58.9291 25.1496 24.8729 22.7052 37.4701 19.4036 26.3464 19.2359 18.7589 21.3595 32.5834 15.2206 13.8528 134.279 25.0398
threshold=298.95000000000005 265.20000000000005 101.96000000000002 143.49000000000004 87.166562500000012 100.19000000000001 124.25375000000001 118.18000000000002 279.84500000000008 32.775000000000013 108.51000000000001 219.755 37.500000000000007 273.23250000000002 127.55500000000002 112.43500000000002 166.43500000000003 18.335000000000004 59.385000000000005 94.908749999999984 5.1850000000000014 98.277864583333354 52.740000000000009 22.185000000000006 91.146562500000002 263.94000000000011 244.08000000000004 55.500000000000007 98.465000000000018 69.912635850991123
decision_type=2 2 2 2 2 2 2 2 2 2 2 2 2 2 2 2 2 2 2 2 2 2 2 2 2 2 2 2 2 2
left_child=2 -2 3 27 -4 18 7 9 11 -7 -11 14 16 -14 -8 -16 -13 -17 19 -6 -18 23 -20 24 -22 26 -26 29 -29 -1
right_child=1 -3 4 -5 5 6 8 -9 -10 10 -12 12 13 -15 15 17 20 -19 22 -21 21 -23 -24 -25 25 -27 -28 28 -30 -31
leaf_value=-0.037438258981066092 0.16444802277144932 -0.027698318053569111 0.096494299708003259 -0.14827311539224217 -0.020412752322506073 -0.037282519340515137 0.03108019666238265 0.13330996406489407 -0.06332053143150089 0.045425196699798109 -0.00470230125012945 0.051073321589717162 0.016903492592354404 0.11240145333788612 0.040081528499722484 -0.031459943230809841 -0.041537041373550895 -0.1029110817149991 -0.074960459694266332 0.059814779303798631 -0.029675140623003245 0.052044602196950174 -0.020520850535222266 -0.034563173268522533 0.03255736798477861 0.071986347555436869 -0.015695375641189457 0.1323022919893265 -0.0040418277865135544 -0.0033556480831108413
leaf_weight=56 21 35 27 21 43 40 33 29 33 55 61 27 47 22 20 29 25 21 20 22 30 26 86 35 26 22 44 20 186 1430
leaf_count=56 21 35 27 21 43 40 33 29 33 55 61 27 47 22 20 29 25 21 20 22 30 26 86 35 26 22 44 20 186 1430
internal_value=-2.81185e-12 0.0443566 -0.000979482 -0.00473706 0.00684158 0.0038006 0.00936176 0.0247905 0.0028747 0.00461695 0.019065 0.00824188 0.0151337 0.0473521 -0.012099 -0.0324549 0.0056738 -0.0614694 -0.0165253 0.00674118 -0.000219409 0.00542508 -0.0307925 -0.00229535 0.00696181 0.0189086 0.00222707 -0.00295559 0.00919547 -0.00464005
internal_weight=2592 56 2536 1713 823 796 625 185 440 156 116 407 304 69 103 70 235 50 171 65 208 183 106 157 122 92 70 1692 206 1486
internal_count=2592 56 2536 1713 823 796 625 185 440 156 116 407 304 69 103 70 235 50 171 65 208 183 106 157 122 92 70 1692 206 1486
is_linear=0
shrinkage=0.05


Tree=129
num_leaves=31
num_cat=0
split_feature=9 9 6 11 5 7 6 12 12 7 9 12 9 7 9 11 9 5 7 10 3 5 2 12 3 2 7 12 0 12
split_gain=43.2909 294.329 107.379 35.7985 115.885 38.3219 127.581 105.371 75.5954 38.469 28.659 22.8545 45.6534 39.1883 23.3639 18.062 23.4664 15.942 18.1046 29.9126 21.6653 30.4991 17.6606 15.9106 13.4684 24.2092 14.8427 14.4275 78.388 59.0968
threshold=302.25500000000005 284.29500000000007 20.885000000000002 199.04500000000002 28.565000000000001 128.95500000000001 17.445000000000004 95.15057291666669 94.283125000000027 117.73500000000003 116.47000000000001 98.873788377192994 152.71500000000003 250.14000000000001 269.54500000000002 111.86250000000001 59.140000000000008 27.455000000000002 243.11500000000004 215.35000000000002 2.5000000000000004 25.485000000000003 22.500000000000004 95.020468750000006 1.0000000180025095e-35 37.500000000000007 40.265000000000008 45.219642857142865 23.500000000000004 87.166562500000012
decision_type=2 2 2 2 2 2 2 2 2 2 2 2 2 2 2 2 2 2 2 2 2 2 2 2 2 2 2 2 2 2
left_child=1 3 -2 5 11 9 8 -8 -7 10 15 12 -5 -13 17 24 -17 18 19 -14 -21 -22 -20 -19 25 26 -1 28 -26 -29
right_child=2 -3 -4 4 -6 6 7 -9 -10 -11 -12 13 14 -15 -16 16 -18 23 22 20 21 -23 -24 -25 27 -27 -28 29 -30 -31
leaf_value=0.059007568284869194 0.016161663324705193 0.14923995381757391 -0.13552786514163018 -0.049826574917787164 0.11324489149782394 0.090314928051971263 -0.18289423979818822 -0.020589517802000048 -0.036172304081696048 0.04913185892833604 0.04320625337687406 0.090448540449142467 0.071703636792042988 -0.007346151875598091 -0.042036787775300802 0.012121685519814492 -0.055100789857474533 0.073265345077961688 -0.030379935077569906 -0.035158697922121396 -0.015227207649499178 0.062119501814819303 0.014236406653764702 0.010196640336653219 -0.037088044267147784 -0.019481400458815707 0.012959974693533566 -0.072467713046353313 0.096941507086157799 -0.0038647135911615382
leaf_weight=20 28 33 20 39 27 21 20 20 27 36 33 20 23 21 21 20 37 20 47 22 25 26 42 20 24 56 140 32 20 1652
leaf_count=20 28 33 20 39 27 21 20 20 27 36 33 20 23 21 21 20 37 20 47 22 25 26 42 20 24 56 140 32 20 1652
internal_value=6.16974e-11 0.000887591 -0.0470423 -0.00106208 0.013699 -0.00347666 -0.0357922 -0.101742 0.0191659 -0.00210285 -0.00300966 0.00545437 0.00043306 0.0403586 0.00840105 -0.00377185 -0.031514 0.0131086 0.00691995 0.0219804 0.00631418 0.0242044 -0.00932503 0.041731 -0.00295842 0.00881291 0.0187159 -0.00442984 0.0238345 -0.00516833
internal_weight=2592 2544 48 2511 353 2158 88 40 48 2070 2034 326 285 41 246 2001 57 225 185 96 73 51 89 40 1944 216 160 1728 44 1684
internal_count=2592 2544 48 2511 353 2158 88 40 48 2070 2034 326 285 41 246 2001 57 225 185 96 73 51 89 40 1944 216 160 1728 44 1684
is_linear=0
shrinkage=0.05


Tree=130
num_leaves=31
num_cat=0
split_feature=9 12 12 6 0 7 12 10 7 11 6 3 9 5 6 6 3 3 10 3 6 6 12 8 10 8 9 11 11 10
split_gain=42.5073 184.018 29.4781 376.88 556.878 84.0378 26.4597 21.8088 82.4968 45.0215 31.0425 37.7016 40.2845 71.9554 34.5402 55.5526 49.1027 39.5094 66.0249 33.0284 31.745 31.5585 29.2119 27.0667 89.461 82.9525 58.4565 26.5986 24.5713 21.8242
threshold=298.95000000000005 94.186510416666678 87.166562500000012 16.560000000000006 47.500000000000007 44.590000000000011 101.61119791666668 44.415000000000006 147.02000000000004 101.21624999999999 5.035000000000001 3.5000000000000004 62.520000000000003 31.975000000000005 10.665000000000001 11.850000000000001 4.5000000000000009 4.5000000000000009 265.09500000000008 5.5000000000000009 9.5900000000000016 3.4050000000000007 88.592239583333352 101.96000000000002 110.61000000000001 105.39000000000001 267.96000000000009 46.69250000000001 180.12750000000003 42.410000000000004
decision_type=2 2 2 2 2 2 2 2 2 2 2 2 2 2 2 2 2 2 2 2 2 2 2 2 2 2 2 2 2 2
left_child=2 -2 3 4 -1 -5 7 8 9 29 11 21 -13 -14 16 -16 20 22 19 -19 27 -9 -17 24 -24 -25 28 -12 -27 -4
right_child=1 -3 6 5 -6 -7 -8 10 -10 -11 14 12 13 -15 15 17 -18 18 -20 -21 -22 -23 23 25 -26 26 -28 -29 -30 -31
leaf_value=-0.024002623244154236 0.16469138028100133 -0.024468146347337301 -0.0023978327761209036 -0.013447235648830734 0.32409567385911942 -0.15665764266625049 -0.049449762573529933 0.044900655778391023 -0.1001940758008024 0.067990858178763158 0.076325770715872446 0.0035298726807993191 -0.11182428142338088 -0.0038695473095466354 -0.060671874264787352 -0.04969735936028883 -0.0043141665124234617 0.032277038201654909 0.10810330564156174 -0.0076904410384595395 0.086031611083910386 -0.023799336352385583 -0.0011991434961283974 0.088502633993824326 -0.090726081960019661 -0.0083968859531783641 -0.068940238040630472 0.018412086410803327 0.023730265154451955 -0.020150703030500424
leaf_weight=27 20 36 872 21 20 20 29 35 23 21 24 39 33 29 35 32 112 107 20 100 29 32 218 30 32 112 27 114 127 216
leaf_count=27 20 36 872 21 20 20 29 35 23 21 24 39 33 29 35 32 112 107 20 100 29 32 218 30 32 112 27 114 127 216
internal_value=-2.65494e-11 0.0430888 -0.000951488 0.0274807 0.124124 -0.083306 -0.00197356 -0.00140439 -0.00646654 -0.00452268 0.00304809 -0.0169929 -0.0362847 -0.0613293 0.00605692 0.000994251 0.0212994 0.00367539 0.0213509 0.0129691 0.0384773 0.0120887 -0.0032664 -0.00054517 -0.0126586 0.00968576 0.000796639 0.028484 0.00867486 -0.0059223
internal_weight=2592 56 2536 88 47 41 2448 2419 1132 1109 1287 168 101 62 1119 840 279 805 227 207 167 67 578 546 250 296 266 138 239 1088
internal_count=2592 56 2536 88 47 41 2448 2419 1132 1109 1287 168 101 62 1119 840 279 805 227 207 167 67 578 546 250 296 266 138 239 1088
is_linear=0
shrinkage=0.05


Tree=131
num_leaves=31
num_cat=0
split_feature=9 9 6 11 8 2 10 11 7 11 9 9 7 7 12 6 6 6 7 7 7 9 11 8 8 12 5 0 8 11
split_gain=42.5161 266.759 96.1837 31.1081 103.815 39.7982 78.9853 41.5607 34.3177 116.047 58.6733 69.281 43.9603 27.0654 22.1711 22.0199 40.6943 46.6639 37.5246 20.6333 27.2949 15.4479 11.8039 16.8259 72.1714 47.5235 39.5698 32.6747 112.475 98.4143
threshold=302.25500000000005 284.29500000000007 20.885000000000002 199.04500000000002 228.07000000000002 37.500000000000007 118.18000000000002 275.64375000000007 122.21500000000002 127.15750000000001 127.55500000000002 255.63000000000002 115.045 248.10000000000002 90.868854166666679 12.355000000000002 22.185000000000006 25.410000000000004 250.14000000000001 261.17000000000002 241.18500000000003 116.47000000000001 37.201250000000009 50.170000000000009 54.835000000000008 87.920520833333356 27.755000000000006 55.500000000000007 43.445000000000007 60.843750000000007
decision_type=2 2 2 2 2 2 2 2 2 2 2 2 2 2 2 2 2 2 2 2 2 2 2 2 2 2 2 2 2 2
left_child=1 3 -2 8 -5 6 -6 13 12 -10 -11 -12 21 -7 -8 18 19 -18 -16 20 -17 22 -1 27 26 -26 -25 -24 -29 -30
right_child=2 -3 -4 4 5 7 14 -9 9 10 11 -13 -14 -15 15 16 17 -19 -20 -21 -22 -23 23 24 25 -27 -28 28 29 -31
leaf_value=-0.019037020623006606 0.013199137949517796 0.14211312742254725 -0.13036545678973196 0.12059669876027675 -0.099573644250631338 0.039594727583661136 -0.034433356829686089 0.094416244937614968 -0.12273133763900171 0.04331139364303687 -0.092831955712150652 0.025258873560992275 0.061645303570010052 -0.027260677888989449 0.02468189846136068 0.067013054337028574 -0.068088867994291452 0.038626705780625346 -0.045585064756634992 0.081901726427111923 -0.007109473038602758 0.033031128694613776 -0.0011631234596545057 0.015228703403845429 -0.064137068827604435 0.0015089028527521177 -0.06340198995079846 -0.016766257113777102 0.17047449348494412 0.021668553858995437
leaf_weight=110 28 33 20 21 20 41 32 22 26 39 27 23 27 24 38 23 21 20 38 26 27 30 1083 20 29 559 80 60 20 25
leaf_count=110 28 33 20 21 20 41 32 22 26 39 27 23 27 24 38 23 21 20 38 26 27 30 1083 20 29 559 80 60 20 25
internal_value=-4.33385e-12 0.000879612 -0.0466194 -0.000976503 0.0127836 0.0059641 -0.00435185 0.0350148 -0.00322735 -0.0298033 -0.00265578 -0.0385102 -0.00173139 0.0149097 0.00411231 0.0105033 0.024115 -0.0160325 -0.0104516 0.0457735 0.0269869 -0.00258019 -0.00311812 -0.00218471 -0.0084071 -0.00172874 -0.0476759 0.00141883 0.0280498 0.0878045
internal_weight=2592 2544 48 2511 353 332 245 87 2158 115 89 50 2043 65 225 193 117 41 76 76 50 2016 1986 1876 688 588 100 1188 105 45
internal_count=2592 2544 48 2511 353 332 245 87 2158 115 89 50 2043 65 225 193 117 41 76 76 50 2016 1986 1876 688 588 100 1188 105 45
is_linear=0
shrinkage=0.05


Tree=132
num_leaves=31
num_cat=0
split_feature=9 10 12 6 7 7 12 12 12 12 7 11 0 7 11 10 7 8 11 7 9 7 5 12 2 10 3 12 7 12
split_gain=40.2272 182.037 28.2912 336.281 515.96 73.687 23.9752 19.0036 28.2094 19.1603 22.6784 38.9917 34.6502 20.1943 18.6439 18.1292 92.737 88.0127 131.757 45.1344 131.068 23.8083 22.5054 20.474 19.1927 18.6413 15.3773 16.6098 14.1646 13.2106
threshold=298.95000000000005 305.61500000000007 87.166562500000012 16.560000000000006 46.160000000000004 44.590000000000011 101.61119791666668 101.23916666666669 101.34375000000001 100.99572916666669 304.22000000000008 281.185 79.500000000000014 276.47000000000008 44.583750000000002 115.045 147.02000000000004 102.29500000000002 124.25375000000001 151.17000000000004 127.55500000000002 122.21500000000002 29.745000000000001 98.277864583333354 1.0000000180025095e-35 239.94000000000003 1.5000000000000002 96.089531250000007 114.33500000000002 96.538072916666678
decision_type=2 2 2 2 2 2 2 2 2 2 2 2 2 2 2 2 2 2 2 2 2 2 2 2 2 2 2 2 2 2
left_child=2 -2 3 4 -1 -5 7 9 -9 10 11 13 -13 15 -10 16 21 -17 -19 20 -20 28 23 24 25 -21 29 -28 -4 -26
right_child=1 -3 6 5 -6 -7 -8 8 14 -11 -12 12 -14 -15 -16 17 -18 18 19 22 -22 -23 -24 -25 26 -27 27 -29 -30 -31
leaf_value=-0.037188712104689332 0.15829767669950212 -0.027910968586802483 -0.0028007351943209716 -0.012305932305753232 0.29481691277839922 -0.14640711495652795 -0.047119170542934852 0.053173249835769335 -0.038080415214327257 -0.043411316376711639 -0.052319240722466603 0.086921032323785452 0.0074594531413715555 -0.052375130429863928 0.01975725442171097 -0.080120523818410366 -0.11098159462213518 0.11020352128385143 0.046862499948058814 0.0064880247383068013 -0.12777234405617824 0.051527967397123578 0.060080547099325643 0.050925372302532204 0.00930807049430552 -0.055830608494579798 0.011501184956337651 -0.036004184704759849 -0.04070097029954195 0.065391682904391055
leaf_weight=25 21 35 1773 21 22 20 29 39 22 28 22 23 34 20 38 26 20 33 21 24 22 20 23 25 21 24 92 23 25 21
leaf_count=25 21 35 1773 21 22 20 29 39 22 28 22 23 34 20 38 26 20 33 21 24 22 20 23 25 21 24 92 23 25 21
internal_value=4.2657e-11 0.0419173 -0.000925618 0.0269283 0.118218 -0.0777211 -0.0019269 -0.00138512 0.0200683 -0.00230059 -0.00179836 -0.00130873 0.0395229 -0.00236043 -0.00144989 -0.0019043 -0.00390223 0.00843993 0.0154386 0.00487363 -0.0424856 -0.00272424 0.0129228 0.00820704 0.00299749 -0.0246713 0.0114567 0.00200011 -0.00332771 0.0373499
internal_weight=2592 56 2536 88 47 41 2448 2419 99 2320 2292 2270 57 2213 60 2193 1838 355 329 296 43 1818 253 230 205 48 157 115 1798 42
internal_count=2592 56 2536 88 47 41 2448 2419 99 2320 2292 2270 57 2213 60 2193 1838 355 329 296 43 1818 253 230 205 48 157 115 1798 42
is_linear=0
shrinkage=0.05


Tree=133
num_leaves=31
num_cat=0
split_feature=9 9 2 7 10 7 7 6 12 12 0 3 12 7 10 8 12 7 8 0 10 9 12 3 12 6 12 3 12 8
split_gain=41.7371 239.765 93.7428 31.7845 53.4566 34.7505 65.3043 24.3263 163.765 51.7648 70.737 38.7718 33.8574 30.4858 29.8149 40.0996 34.5959 34.5002 26.1988 32.5992 21.9284 21.2033 24.8781 26.1994 43.3215 45.1291 32.0673 31.8304 32.9718 25.9384
threshold=302.25500000000005 284.29500000000007 1.0000000180025095e-35 287.49500000000006 267.37500000000006 273.93500000000006 267.78500000000003 14.56 88.053072916666679 87.166562500000012 50.500000000000007 4.5000000000000009 94.654687500000009 41.240000000000002 106.14 107.575 99.208333333333357 103.85000000000001 37.995000000000012 29.500000000000004 40.855000000000011 35.815000000000005 101.61119791666668 4.5000000000000009 93.576718750000012 19.060000000000006 89.377187500000005 5.5000000000000009 94.116145833333348 59.895000000000003
decision_type=2 2 2 2 2 2 2 2 2 2 2 2 2 2 2 2 2 2 2 2 2 2 2 2 2 2 2 2 2 2
left_child=1 3 -2 5 -5 6 7 8 -1 10 -9 14 13 -13 16 -16 17 -10 -14 -20 -15 -11 23 24 29 -26 -25 28 -28 -23
right_child=2 -3 -4 4 -6 -7 -8 9 11 21 -12 12 18 20 15 -17 -18 -19 19 -21 -22 22 -24 26 25 -27 27 -29 -30 -31
leaf_value=0.11924512576311828 0.026658788776916006 0.13476852509334233 -0.1132115915119648 0.094313650464882035 -0.012358292502661546 -0.05514980800449848 0.073576962511087293 -0.010144142798312447 -0.0026750760795800381 0.038930792141971843 -0.12864889604970814 0.037522187083959581 0.0020849754427408065 -0.058496170714497565 0.082017085727836406 0.015177907438668531 0.02280703547589508 -0.06768527626991272 -0.091603065144132689 -0.027859141238224812 -0.0023969226377947191 -0.011383698258208685 -0.051667760179511135 0.051399853203666246 -0.022354028434365319 0.0086177087616519429 0.046864148302644987 -0.014612381959200971 -0.00075081909903221668 -0.037955666581680342
leaf_weight=30 23 33 25 23 24 30 29 34 282 28 20 44 43 20 28 113 138 22 27 78 135 260 28 38 160 444 61 140 90 142
leaf_count=30 23 33 25 23 24 30 29 34 282 28 20 44 43 20 28 113 138 22 27 78 135 260 28 38 160 444 61 140 90 142
internal_value=5.21691e-11 0.000871516 -0.0461904 -0.000888181 0.0398429 -0.00166511 -0.00100589 -0.00190523 0.00426426 -0.00600399 -0.0540348 0.000555195 -0.0126777 0.000791298 0.0084314 0.0284509 0.00204508 -0.00737976 -0.0307881 -0.0442504 -0.00963554 -0.00413938 -0.00502417 -0.00404588 -0.00805154 0.000413275 0.00820243 0.00256153 0.0184844 -0.0207698
internal_weight=2592 2544 48 2511 47 2464 2434 2405 960 1445 54 930 347 199 583 141 442 304 148 105 155 1391 1363 1335 1006 604 329 291 151 402
internal_count=2592 2544 48 2511 47 2464 2434 2405 960 1445 54 930 347 199 583 141 442 304 148 105 155 1391 1363 1335 1006 604 329 291 151 402
is_linear=0
shrinkage=0.05


Tree=134
num_leaves=31
num_cat=0
split_feature=9 3 12 8 11 0 12 7 11 7 9 12 12 11 10 6 5 6 8 8 7 10 8 10 7 10 10 12 8 11
split_gain=38.183 170.983 24.8492 291.684 175.428 83.6053 19.251 18.3285 25.5081 35.8399 33.8883 19.0289 25.8175 17.0297 16.5966 75.4272 45.9599 18.1164 88.026 15.2485 18.8729 25.4542 21.5394 13.8567 55.2233 24.3775 28.3521 26.1695 20.5587 33.3937
threshold=298.95000000000005 2.5000000000000004 87.166562500000012 108.51000000000001 45.058750000000011 23.500000000000004 101.61119791666668 304.22000000000008 281.185 276.47000000000008 252.86500000000004 101.15838541666668 101.34375000000001 44.583750000000002 248.215 22.040000000000003 27.555000000000003 2.1000000000000001 52.350000000000001 267.78500000000003 243.11500000000004 223.09500000000003 245.01500000000001 44.415000000000006 102.29500000000002 42.365000000000002 41.715000000000011 89.18401041666668 39.615000000000002 44.693749999999994
decision_type=2 2 2 2 2 2 2 2 2 2 2 2 2 2 2 2 2 2 2 2 2 2 2 2 2 2 2 2 2 2
left_child=2 -2 3 4 5 -1 7 8 9 11 -10 14 -13 -14 17 16 -16 18 -4 20 22 -22 23 24 25 26 -19 -27 -25 -30
right_child=1 -3 6 -5 -6 -7 -8 -9 10 -11 -12 12 13 -15 15 -17 -18 19 -20 -21 21 -23 -24 28 -26 27 -28 -29 29 -31
leaf_value=-0.035116446138514827 -0.076378093110397463 0.10595861453976896 0.021241033940168564 0.17823326033641301 -0.14784567916677113 0.10330158474855125 -0.042336028306905568 -0.043944668978452686 0.080627654899250389 -0.065260722894560211 0.0030178977725788571 0.047735288269746969 -0.037061613848940897 0.018215514523418328 0.021997538998723032 0.09113454659684346 -0.057122953268217626 -0.0057533777906861533 -0.108681975745342 0.035696815885603431 -0.076864145062863834 0.00026256221791972283 0.033735682279234978 -0.019325549140667489 -0.087061682840188351 0.030574434320442379 0.018223342800586923 -0.027247957043819351 0.033093582114411726 0.00073826815217034895
leaf_weight=24 20 36 32 23 21 20 29 25 22 22 39 46 22 38 50 26 29 672 22 26 20 23 41 103 21 22 151 177 90 700
leaf_count=24 20 36 32 23 21 20 29 25 22 22 39 46 22 38 50 26 29 672 22 26 20 23 41 103 21 22 151 177 90 700
internal_value=-5.87511e-11 0.0408384 -0.000901794 0.0252028 -0.0289465 0.0278008 -0.00184019 -0.00135471 -0.000909954 -0.00174451 0.0310083 -0.00113985 0.0195534 -0.00205277 -0.00213463 0.0172649 -0.00704669 -0.0031046 -0.0316906 -0.00235014 -0.00283985 -0.0356103 -0.00212709 -0.00288658 -0.00680066 -0.00515146 -0.00135425 -0.0208555 0.00168497 0.00442432
internal_weight=2592 56 2536 88 65 44 2448 2419 2394 2333 61 2311 106 60 2205 105 79 2100 54 2046 2020 43 1977 1936 1043 1022 823 199 893 790
internal_count=2592 56 2536 88 65 44 2448 2419 2394 2333 61 2311 106 60 2205 105 79 2100 54 2046 2020 43 1977 1936 1043 1022 823 199 893 790
is_linear=0
shrinkage=0.05


Tree=135
num_leaves=31
num_cat=0
split_feature=9 9 6 7 9 7 7 6 12 12 7 3 12 6 2 5 11 12 9 6 7 9 12 6 9 9 0 6 12 3
split_gain=40.9629 216.605 85.7817 29.7267 49.9551 31.8848 56.0826 22.2854 111.883 55.2965 65.6024 27.1878 31.2968 24.3293 30.1609 29.8333 31.2282 22.4414 20.912 20.3147 42.7684 27.155 20.2201 22.0253 29.8908 53.2955 38.7607 28.6094 31.6474 49.5386
threshold=302.25500000000005 284.29500000000007 20.885000000000002 287.49500000000006 260.70500000000004 273.93500000000006 267.78500000000003 15.505000000000001 88.053072916666679 87.166562500000012 45.605000000000011 4.5000000000000009 99.208333333333357 10.665000000000001 1.0000000180025095e-35 23.385000000000002 41.438749999999978 96.85369791666669 35.815000000000005 8.3750000000000018 107.575 163.95000000000002 101.61119791666668 18.965000000000003 40.425000000000004 41.82500000000001 88.500000000000014 19.335000000000004 93.576718750000012 4.5000000000000009
decision_type=2 2 2 2 2 2 2 2 2 2 2 2 2 2 2 2 2 2 2 2 2 2 2 2 2 2 2 2 2 2
left_child=1 3 -2 5 -5 6 7 8 -1 10 -9 13 -13 14 -10 16 -15 -17 -11 21 -21 -16 23 24 -20 -26 -27 -25 29 -29
right_child=2 -3 -4 4 -6 -7 -8 9 11 18 -12 12 -14 15 19 17 -18 -19 22 20 -22 -23 -24 27 25 26 -28 28 -30 -31
leaf_value=0.089153154209457547 0.01073147582688502 0.12812926358345786 -0.12484798446297646 0.089043873532985651 -0.014075286605435869 -0.05279251251680156 0.068187506496906289 -0.0092611578110206351 0.036383707158771969 0.039519872475863888 -0.12782617630669849 -0.0060194666364363266 -0.059414688906011481 -0.010103293365853675 0.0038741048093778895 -0.003994498002618827 -0.088841539323329929 0.049436433759072557 0.01067401682595154 0.0053573864021084529 0.089235208148048042 -0.05686741270124912 -0.046967571217101073 0.042127121553609252 -0.094259150445461279 -0.024773196280113468 0.045805987377058377 -0.026384119651382151 0.0052451779955605925 0.01277527277348175
leaf_weight=37 28 33 20 24 23 30 29 28 108 27 20 322 30 34 230 135 20 23 77 55 21 20 28 38 25 168 22 247 570 120
leaf_count=37 28 33 20 24 23 30 29 28 108 27 20 322 30 34 230 135 20 23 77 55 21 20 28 38 25 168 22 247 570 120
internal_value=-8.1667e-11 0.000863396 -0.04576 -0.000809155 0.0385813 -0.00156051 -0.000929061 -0.00176248 0.003775 -0.00594591 -0.0586632 0.00060968 -0.0105702 0.0067015 0.0134833 -0.0071819 -0.0392656 0.00378342 -0.00403182 0.0058966 0.0285342 -0.000985217 -0.00493985 -0.00401106 -0.0160573 -0.0256309 -0.0166009 -0.000403346 -0.00212817 -0.01358
internal_weight=2592 2544 48 2511 47 2464 2434 2405 1035 1370 48 998 352 646 434 212 54 158 1322 326 76 250 1295 1267 292 215 190 975 937 367
internal_count=2592 2544 48 2511 47 2464 2434 2405 1035 1370 48 998 352 646 434 212 54 158 1322 326 76 250 1295 1267 292 215 190 975 937 367
is_linear=0
shrinkage=0.05


Tree=136
num_leaves=31
num_cat=0
split_feature=9 9 2 7 10 7 7 6 12 12 0 3 12 0 10 12 11 6 6 2 8 11 8 2 5 6 3 2 3 12
split_gain=36.969 195.486 84.546 26.8283 48.0139 28.776 50.8819 21.6848 100.196 49.8397 60.0797 26.0327 29.4418 28.4221 25.9579 29.5588 33.1778 26.3092 36.899 29.1028 23.0473 25.454 30.6437 44.9294 22.964 19.9798 19.7942 25.643 25.1558 54.4393
threshold=302.25500000000005 284.29500000000007 1.0000000180025095e-35 287.49500000000006 267.37500000000006 273.93500000000006 269.03500000000003 15.505000000000001 88.053072916666679 87.166562500000012 44.500000000000007 4.5000000000000009 94.654687500000009 85.500000000000014 106.14 99.208333333333357 106.10125000000001 8.2750000000000004 10.965000000000002 1.0000000180025095e-35 36.425000000000004 115.96375 52.350000000000001 22.500000000000004 33.435000000000009 8.8400000000000016 1.0000000180025095e-35 37.500000000000007 2.5000000000000004 92.758854166666666
decision_type=2 2 2 2 2 2 2 2 2 2 2 2 2 2 2 2 2 2 2 2 2 2 2 2 2 2 2 2 2 2
left_child=1 3 -2 5 -5 6 7 8 -1 10 -9 14 13 24 15 16 -10 19 -19 -16 -14 22 -22 -24 -13 -17 27 -11 29 -28
right_child=2 -3 -4 4 -6 -7 -8 9 11 26 -12 12 20 -15 17 25 -18 18 -20 -21 21 -23 23 -25 -26 -27 28 -29 -30 -31
leaf_value=0.084695501907451731 0.025711444992086163 0.12172279763176586 -0.10712070606648923 0.088275619472235278 -0.012820164797206721 -0.050152885618930068 0.07661000028962181 0.00020872627016312132 -0.0023756042642640602 0.02260057724578152 -0.11166889856879909 0.024017711562247804 0.018084595329128206 -0.054158131247386332 0.056782175116240979 0.012715611116498963 -0.06327004137759408 0.089827850563772793 0.018669255146262598 -0.012720306556610789 -0.023233640520310586 0.0076565131545066837 -0.12882673584602097 -0.025280665121972565 -0.011871666667866522 0.065682329805124381 -0.054955922300616904 -0.021816568946408998 -0.001072027577339743 -0.0073918941467510241
leaf_weight=37 23 33 25 23 24 30 21 24 329 133 24 104 24 20 20 117 24 29 49 61 57 27 22 20 78 21 75 43 771 304
leaf_count=37 23 33 25 23 24 30 21 24 329 133 24 104 24 20 20 117 24 29 49 61 57 27 22 20 78 21 75 43 771 304
internal_value=9.47435e-11 0.000820226 -0.043472 -0.000768697 0.0366522 -0.00148249 -0.000882607 -0.00155701 0.00389371 -0.00567878 -0.0557301 0.000910013 -0.0100417 0.00241925 0.00684078 0.00115479 -0.00651574 0.0243994 0.0451257 0.0044408 -0.0268224 -0.0353761 -0.0471123 -0.0795191 0.00863655 0.0207758 -0.00386697 0.0117487 -0.00625684 -0.0168043
internal_weight=2592 2544 48 2511 47 2464 2434 2413 1039 1374 48 1002 352 202 650 491 353 159 78 81 150 126 99 42 182 138 1326 176 1150 379
internal_count=2592 2544 48 2511 47 2464 2434 2413 1039 1374 48 1002 352 202 650 491 353 159 78 81 150 126 99 42 182 138 1326 176 1150 379
is_linear=0
shrinkage=0.05


Tree=137
num_leaves=31
num_cat=0
split_feature=9 10 12 2 6 8 7 11 7 0 12 10 7 11 6 3 6 9 5 6 3 6 12 5 5 5 12 12 10 2
split_gain=38.1786 167.257 21.6002 276.127 54.746 64.6357 21.1669 21.6414 34.0825 30.0833 15.6351 15.5348 73.8904 43.2099 21.992 34.5736 41.2075 40.4937 76.7903 31.5414 30.4652 37.4758 26.1531 34.8075 100.953 94.9728 24.2583 42.7698 22.3509 33.0315
threshold=298.95000000000005 305.61500000000007 87.166562500000012 1.0000000180025095e-35 15.085000000000003 44.795000000000009 304.22000000000008 281.185 276.47000000000008 79.500000000000014 101.61119791666668 44.415000000000006 147.02000000000004 101.21624999999999 5.035000000000001 3.5000000000000004 2.6300000000000003 62.520000000000003 31.975000000000005 10.665000000000001 4.5000000000000009 9.5900000000000016 88.592239583333352 30.645000000000003 31.290000000000003 30.115000000000006 89.377187500000005 91.66515625000001 99.320000000000007 1.0000000180025095e-35
decision_type=2 2 2 2 2 2 2 2 2 2 2 2 2 2 2 2 2 2 2 2 2 2 2 2 2 2 2 2 2 2
left_child=2 -2 3 -1 -5 -6 7 8 10 -9 11 12 13 -4 15 16 -13 -17 -19 20 21 -16 -21 25 -25 26 -24 -28 -26 -30
right_child=1 -3 6 4 5 -7 -8 9 -10 -11 -12 14 -14 -15 19 17 -18 18 -20 22 -22 -23 23 24 28 -27 27 -29 29 -31
leaf_value=0.17684281705455349 0.15239192289965495 -0.026097534671425823 -0.0048714887265044341 0.038961884450344819 -0.0027537347322019439 -0.12286872423719615 -0.047548614062368877 0.071697636918785668 -0.064006766846234159 -0.00017962437626477834 -0.037966362081853479 0.067697200227690782 -0.1004686977341771 0.067539319715329588 0.024540635543814825 0.0057774641145116254 -0.017528198533565614 -0.12126158580735878 -0.0040862146379618816 -0.042941636880013075 0.00062207527671914514 0.092844602159069242 0.042523348158182102 -0.10969662679278332 0.01582203624723864 0.11940925110131502 -0.038891264284029607 0.0108969409460489 -0.042610378498211504 0.00060831258139972184
leaf_weight=22 21 35 1088 21 24 21 25 24 22 37 29 23 20 21 123 39 37 27 29 33 107 24 43 23 121 20 52 253 60 168
leaf_count=22 21 35 1088 21 24 21 25 24 22 37 29 23 20 21 123 39 37 27 29 33 107 24 43 23 121 20 52 253 60 168
internal_value=-2.9789e-11 0.040836 -0.000901742 0.0234365 -0.027699 -0.0588074 -0.00177664 -0.00130438 -0.00206376 0.0281 -0.00148139 -0.00102355 -0.00521809 -0.00350032 0.00298291 -0.0145726 0.0151415 -0.0333394 -0.0605815 0.00563247 0.0209186 0.0356923 0.00060959 0.00255174 -0.00823382 0.0134545 0.00736518 0.00240846 -0.00154716 -0.010765
internal_weight=2592 56 2536 88 66 45 2448 2423 2362 61 2340 2311 1129 1109 1182 155 60 95 56 1027 254 147 773 740 372 368 348 305 349 228
internal_count=2592 56 2536 88 66 45 2448 2423 2362 61 2340 2311 1129 1109 1182 155 60 95 56 1027 254 147 773 740 372 368 348 305 349 228
is_linear=0
shrinkage=0.05


Tree=138
num_leaves=31
num_cat=0
split_feature=9 9 2 7 9 7 7 6 12 12 2 3 12 9 7 12 12 6 7 12 11 9 12 12 7 9 8 8 9 8
split_gain=36.4306 174.464 79.1633 25.7663 46.5276 26.4255 46.5363 16.6151 82.1205 42.8934 61.5328 20.2505 27.6281 19.382 54.0481 21.88 26.8706 24.8679 28.4283 22.8509 48.4048 31.7141 29.7353 23.7606 21.2583 18.7713 19.1866 64.2054 35.9477 101.171
threshold=302.25500000000005 284.29500000000007 1.0000000180025095e-35 287.49500000000006 260.70500000000004 273.93500000000006 267.78500000000003 15.505000000000001 88.053072916666679 87.166562500000012 22.500000000000004 4.5000000000000009 99.208333333333357 140.80000000000004 199.36500000000004 99.208333333333357 101.35567708333333 8.2750000000000004 43.445000000000007 95.211562499999999 41.080000000000005 46.95000000000001 91.580364583333349 90.798593750000023 250.14000000000001 35.815000000000005 243.11500000000004 248.83000000000001 140.80000000000004 108.06500000000001
decision_type=2 2 2 2 2 2 2 2 2 2 2 2 2 2 2 2 2 2 2 2 2 2 2 2 2 2 2 2 2 2
left_child=1 3 -2 5 -5 6 7 8 -1 10 -9 13 -13 15 -15 19 17 18 -17 22 -21 -22 23 -10 -16 -11 28 -28 -27 -30
right_child=2 -3 -4 4 -6 -7 -8 9 11 25 -12 12 -14 14 24 16 -18 -19 -20 20 21 -23 -24 -25 -26 26 27 -29 29 -31
leaf_value=0.076356620321402682 0.02379064576133438 0.11503112707851511 -0.10474354213476181 0.084686640525857615 -0.014832041185835136 -0.048026609458029272 0.0621484082834474 -0.11063436263686288 0.0021569386010152139 0.037765312724298353 0.0026865403950214386 -0.0048740911356069333 -0.05504229331699511 0.097667270614987325 0.02630608230829239 0.059501785753915709 -0.022849052492529155 0.067361034669222372 -0.00089314206902469913 0.0095818860591321761 -0.094583860620856289 -0.02434637557094296 0.025098127210555876 -0.042812897451221944 -0.036091585386367073 -0.0039820435484913038 0.094287447400745905 -0.0031214075810650642 -0.13600365310907364 -0.0036771811383704729
leaf_weight=37 23 33 25 24 23 30 29 23 119 27 25 322 30 21 39 27 32 31 70 69 25 45 108 39 21 1115 21 87 20 52
leaf_count=37 23 33 25 24 23 30 29 23 119 27 25 322 30 21 39 27 32 31 70 69 25 45 108 39 21 1115 21 87 20 52
internal_value=8.13425e-11 0.000814231 -0.0431542 -0.000686827 0.035986 -0.00138635 -0.00081149 -0.00157067 0.00321071 -0.00518289 -0.0516131 0.000498886 -0.00914979 0.00575637 0.02863 0.00247715 0.0181316 0.0283767 0.0159178 -0.00370732 -0.0201369 -0.0494312 0.00487808 -0.00894321 0.0044669 -0.00349707 -0.00435737 0.0158192 -0.00619315 -0.0404345
internal_weight=2592 2544 48 2511 47 2464 2434 2405 1035 1370 48 998 352 646 81 565 160 128 97 405 139 70 266 158 60 1322 1295 108 1187 72
internal_count=2592 2544 48 2511 47 2464 2434 2405 1035 1370 48 998 352 646 81 565 160 128 97 405 139 70 266 158 60 1322 1295 108 1187 72
is_linear=0
shrinkage=0.05


Tree=139
num_leaves=31
num_cat=0
split_feature=9 12 12 8 11 0 7 11 7 9 12 12 12 11 10 7 11 10 12 10 6 9 3 6 0 8 11 0 9 11
split_gain=36.3062 169.329 19.2088 274.309 145.678 78.8154 21.6905 18.8452 31.6587 28.8051 14.0359 14.1999 21.5001 14.7221 11.1258 65.9223 42.241 17.0238 27.4967 17.8338 16.6823 32.5949 50.448 38.848 26.5894 21.6778 30.8547 31.075 20.6819 20.461
threshold=298.95000000000005 94.186510416666678 87.166562500000012 108.51000000000001 44.693749999999994 21.500000000000004 304.22000000000008 281.185 276.47000000000008 252.86500000000004 101.61119791666668 101.15838541666668 101.34375000000001 44.583750000000002 44.415000000000006 147.02000000000004 99.021249999999995 42.365000000000002 89.058593750000014 42.005000000000003 5.035000000000001 62.520000000000003 3.5000000000000004 3.1200000000000006 41.500000000000007 39.615000000000002 44.871250000000011 47.500000000000007 49.410000000000004 47.372500000000009
decision_type=2 2 2 2 2 2 2 2 2 2 2 2 2 2 2 2 2 2 2 2 2 2 2 2 2 2 2 2 2 2
left_child=2 -2 3 4 5 -1 7 8 10 -9 11 14 -13 -14 15 16 17 19 -19 -4 21 24 -23 -24 -16 28 27 -27 -22 -30
right_child=1 -3 6 -5 -6 -7 -8 9 -10 -11 -12 12 13 -15 20 -17 -18 18 -20 -21 25 22 23 -25 -26 26 -28 -29 29 -31
leaf_value=-0.040353539315136994 0.15647012323141099 -0.024982462575038278 -0.0036300632886287544 0.1704745977793051 -0.13159057990364406 0.096789549589157114 -0.048039003580808641 0.071959509717469866 -0.061634828488935124 0.00040678656063018704 -0.035942403805153122 0.042653699725380412 -0.035331808796829803 0.016063975680031276 0.050742678040707562 -0.095353224341524767 0.06483522212471475 0.036225513716982231 -0.024131724022213693 0.030588446613401179 0.0099546527892753894 0.0057834525388188486 -0.1203782309733686 -0.025302962146022102 -0.022415571469489651 0.065583314498265585 0.0033855577746769137 0.003601924931773773 -0.06162995862641505 0.00079868159234701181
leaf_weight=22 20 36 792 23 23 20 25 22 22 39 29 46 22 38 27 20 22 21 186 40 37 41 21 22 23 42 816 39 35 21
leaf_count=22 20 36 792 23 23 20 25 22 22 39 29 46 22 38 27 20 22 21 186 40 37 41 21 22 23 42 816 39 35 21
internal_value=-6.84479e-12 0.039822 -0.000879351 0.0220721 -0.0304395 0.0249527 -0.0017044 -0.00122633 -0.00193496 0.0262127 -0.00137368 -0.000939888 0.0169359 -0.00278115 -0.00179922 -0.00542084 -0.0037256 -0.00517732 -0.0180085 -0.00198494 0.00168385 -0.0148731 -0.0338986 -0.0717351 0.0170899 0.00392488 0.00630723 0.0357404 -0.0190533 -0.0382192
internal_weight=2592 56 2536 88 65 42 2448 2423 2362 61 2340 2311 106 60 2205 1081 1061 1039 207 832 1124 134 84 43 50 990 897 81 93 56
internal_count=2592 56 2536 88 65 42 2448 2423 2362 61 2340 2311 106 60 2205 1081 1061 1039 207 832 1124 134 84 43 50 990 897 81 93 56
is_linear=0
shrinkage=0.05


Tree=140
num_leaves=31
num_cat=0
split_feature=7 10 9 10 2 12 12 2 8 6 10 6 8 11 8 7 6 10 5 0 7 5 10 9 10 10 7 8 3 12
split_gain=36.8198 66.1496 116.493 25.6597 19.6265 337.805 43.2719 98.5352 43.7579 33.3732 35.8232 41.3439 24.2982 23.5909 20.7659 19.4728 19.0394 27.9569 34.4369 32.2141 50.7132 30.2749 17.5619 17.2096 16.4889 28.2794 63.7793 45.0156 34.5648 52.8634
threshold=324.85500000000008 301.52000000000004 284.29500000000007 277.44000000000005 1.0000000180025095e-35 69.912635850991123 87.394427083333355 22.500000000000004 53.140000000000008 22.495000000000001 50.285000000000004 27.125000000000004 102.29500000000002 44.583750000000002 269.03500000000003 36.425000000000004 10.290000000000001 99.320000000000007 32.385000000000012 55.500000000000007 41.835000000000008 24.375000000000004 39.370000000000012 140.80000000000004 267.37500000000006 234.05000000000004 243.11500000000004 244.08000000000004 4.5000000000000009 92.398177083333337
decision_type=2 2 2 2 2 2 2 2 2 2 2 2 2 2 2 2 2 2 2 2 2 2 2 2 2 2 2 2 2 2
left_child=1 2 3 4 5 -1 7 -6 -9 14 13 12 -12 -11 16 -8 23 19 -19 20 21 22 -18 -7 25 26 27 -17 29 -27
right_child=-2 -3 -4 -5 6 9 15 8 -10 10 11 -13 -14 -15 -16 24 17 18 -20 -21 -22 -23 -24 -25 -26 28 -28 -29 -30 -31
leaf_value=0.20854461487731896 0.059201810165093495 -0.066970913996290724 0.096700955326518706 0.052936243930492892 -0.12725555214059095 0.016259149376394777 -0.031631647714159709 -0.041044580339100856 0.055090591952321126 -0.013153573696542046 -0.11034809903834353 0.014034213237464427 -0.04012955224939755 0.047370669902080581 -0.038464463936785862 -0.0024633977086820067 0.03037166776864425 0.0071186277133069541 -0.06214690765585093 0.065196419119214019 -0.033133557457476856 0.054159211810242303 -0.029084254292495271 0.063784066333689479 -0.035380258304732189 -0.059820357807304547 -0.073538797619121687 0.052642197828543819 0.063519204107837554 0.028204809065738863
leaf_weight=20 26 37 31 22 23 142 55 29 20 69 22 20 28 21 24 1499 23 38 34 24 60 47 27 22 35 23 31 38 36 66
leaf_count=20 26 37 31 22 23 142 55 29 20 69 22 20 28 21 24 1499 23 38 34 24 60 47 27 22 35 23 31 38 36 66
internal_value=2.86547e-12 -0.000599862 0.000371165 -0.000824281 -0.00130196 0.00639187 -0.00387763 -0.04188 -0.00180573 -0.000335345 -0.0198963 -0.0467229 -0.0710257 0.00096875 0.00676161 -0.00234304 0.00936455 0.000762727 -0.0255901 0.0112456 0.00299836 0.025348 -0.00173453 0.0226344 -0.00141082 -0.00070856 -0.00253312 -0.001101 0.0221787 0.00545673
internal_weight=2592 2566 2529 2498 2476 621 1855 72 49 601 160 70 50 90 441 1783 417 253 72 181 157 97 50 164 1728 1693 1568 1537 125 89
internal_count=2592 2566 2529 2498 2476 621 1855 72 49 601 160 70 50 90 441 1783 417 253 72 181 157 97 50 164 1728 1693 1568 1537 125 89
is_linear=0
shrinkage=0.05


Tree=141
num_leaves=31
num_cat=0
split_feature=9 9 6 7 10 7 7 10 6 12 12 0 8 8 7 8 3 2 8 8 10 7 3 9 12 8 7 7 10 7
split_gain=35.2384 149.383 75.6934 23.1871 42.9262 24.4927 40.8007 14.9795 15.0003 68.4709 38.0272 59.9372 23.8049 23.4114 26.8371 43.814 24.3472 19.2845 18.7277 27.909 46.7361 25.0059 20.9895 27.3523 27.0934 29.2509 47.8931 27.2415 19.0591 18.4861
threshold=302.25500000000005 284.29500000000007 20.885000000000002 287.49500000000006 267.37500000000006 273.93500000000006 269.03500000000003 270.99500000000006 15.505000000000001 88.053072916666679 87.166562500000012 50.500000000000007 271.51000000000005 243.11500000000004 125.105 218.39000000000001 2.5000000000000004 22.500000000000004 253.70000000000002 243.11500000000004 219.99000000000004 252.02500000000003 4.5000000000000009 143.49000000000004 94.654687500000009 52.350000000000001 57.865000000000002 41.240000000000002 40.550000000000004 107.575
decision_type=2 2 2 2 2 2 2 2 2 2 2 2 2 2 2 2 2 2 2 2 2 2 2 2 2 2 2 2 2 2
left_child=1 3 -2 5 -5 6 7 8 9 -1 11 -10 13 14 -12 -16 -15 -17 19 22 -21 -20 23 -11 27 -26 -27 -24 -29 -30
right_child=2 -3 -4 4 -6 -7 -8 -9 10 18 12 -13 -14 16 15 17 -18 -19 21 20 -22 -23 24 -25 25 26 -28 28 29 -31
leaf_value=0.069620397284224228 0.010623485568378653 0.10648930473535351 -0.11673437133431436 0.083012454098333494 -0.012577096892831229 -0.046153941874702772 0.068694135431377659 0.035731147588403143 -0.0016576272568532399 0.0039779794880396993 -0.0022368043701264328 -0.11498757037334145 -0.047593898512423044 0.052677781360321918 -0.09426478516487849 0.016011286957655104 -0.0047030561086204327 -0.041961880458089025 0.060250537026802012 -0.093682168991792769 0.01311589263379574 -0.011391416759718033 0.036341859466499753 0.057446547582745561 -0.0088152156907053275 -0.11727998696267605 -0.016704887048951511 -0.053497457355260847 0.011866101346396167 -0.029561120366009004
leaf_weight=37 28 33 20 23 24 30 21 27 28 553 1128 20 30 38 21 32 36 26 29 21 20 21 45 25 81 20 29 20 87 39
leaf_count=37 28 33 20 23 24 30 21 27 28 553 1128 20 30 38 21 32 36 26 29 21 20 21 45 25 81 20 29 20 87 39
internal_value=9.38464e-12 0.000800798 -0.0424423 -0.000588179 0.0342008 -0.00125177 -0.00069833 -0.00130224 -0.00172131 0.00283915 -0.00516767 -0.0488784 -0.00356727 -0.0025362 -0.00420988 -0.0323824 0.0247628 -0.00997668 0.000343285 -0.00124276 -0.0415856 0.0301609 0.000597124 0.00629063 -0.00965474 -0.0272621 -0.0577559 0.00232933 -0.00815399 -0.00095661
internal_weight=2592 2544 48 2511 47 2464 2434 2413 2386 1027 1359 48 1311 1281 1207 79 74 58 990 940 41 50 899 578 321 130 49 191 146 126
internal_count=2592 2544 48 2511 47 2464 2434 2413 2386 1027 1359 48 1311 1281 1207 79 74 58 990 940 41 50 899 578 321 130 49 191 146 126
is_linear=0
shrinkage=0.05


Tree=142
num_leaves=31
num_cat=0
split_feature=9 12 9 11 0 10 7 9 5 7 12 10 7 9 5 6 11 7 12 6 8 6 0 6 9 9 9 9 12 9
split_gain=34.5377 158.484 23.9768 24.332 110.204 80.462 35.5908 23.8888 94.4863 46.0215 158.113 23.1235 23.6425 47.1328 30.4165 28.5388 26.2476 39.897 19.6552 17.3193 38.3154 26.0888 32.8944 28.9847 17.4304 17.1217 15.9312 24.8072 134.835 45.2018
threshold=298.95000000000005 94.186510416666678 279.84500000000008 188.32250000000002 79.500000000000014 274.76000000000005 161.77500000000003 149.89500000000001 31.215000000000003 117.73500000000003 91.81359375000001 115.045 108.51000000000001 95.795000000000016 35.475000000000001 23.085000000000004 105.6725 105.39000000000001 88.592239583333352 20.655000000000005 246.51500000000001 18.020000000000007 85.500000000000014 15.695000000000002 260.70500000000004 100.69000000000001 111.45 62.520000000000003 96.538072916666678 60.475000000000001
decision_type=2 2 2 2 2 2 2 2 2 2 2 2 2 2 2 2 2 2 2 2 2 2 2 2 2 2 2 2 2 2
left_child=2 -2 3 6 5 -5 7 9 -9 11 -11 12 16 -14 15 -15 17 26 -6 21 -21 23 -23 24 -20 -18 27 29 -29 -1
right_child=1 -3 -4 4 18 -7 -8 8 -10 10 -12 -13 13 14 -16 -17 25 -19 19 20 -22 22 -24 -25 -26 -27 -28 28 -30 -31
leaf_value=-0.0013023280646028753 0.15169107344001531 -0.023854976698445777 -0.042563339520026659 0.16092692704871298 -0.044824582302854181 0.019097826089709998 -0.053820991899931073 -0.11661084560677409 0.037082307692617181 0.14892285290089521 -0.020342465147778793 0.047819139565462659 -0.085663105749214694 -0.0090009153279107679 0.036774628196976016 -0.074017036848125009 0.0062133489131200609 -0.072451700903475288 -0.010093107225940279 0.076051924154162412 0.0035176176522205126 0.0072637464651571851 -0.080223353748971771 0.057031513222803677 0.040480821654200555 0.054202464899486484 0.031965001904006515 -0.0033998991070868637 -0.14231368049979209 0.06518617333271183
leaf_weight=1519 20 36 34 20 21 20 33 20 20 22 37 23 24 86 28 21 41 20 115 25 67 21 22 24 20 34 35 138 20 26
leaf_count=1519 20 36 34 20 21 20 33 20 20 22 37 23 24 86 28 21 41 20 115 25 67 21 22 24 20 34 35 138 20 26
internal_value=-4.63303e-11 0.03884 -0.000857667 -0.000290923 0.0118351 0.0900124 -0.00229592 -0.0014916 -0.0397643 -0.000753459 0.0427734 -0.00202794 -0.00260349 -0.0210985 -0.00962035 -0.0217611 -0.000999173 -0.00223499 0.00190779 0.00524581 0.023228 -0.00294411 -0.0374971 0.00640041 -0.00260067 0.0279684 -0.00142697 -0.00211324 -0.0209839 -0.000183428
internal_weight=2592 56 2536 2502 355 40 2147 2114 40 2074 59 2015 1992 159 135 107 1833 1758 315 294 92 202 43 159 135 75 1738 1703 158 1545
internal_count=2592 56 2536 2502 355 40 2147 2114 40 2074 59 2015 1992 159 135 107 1833 1758 315 294 92 202 43 159 135 75 1738 1703 158 1545
is_linear=0
shrinkage=0.05


Tree=143
num_leaves=31
num_cat=0
split_feature=9 9 2 7 9 7 7 12 2 12 12 2 6 10 11 5 3 8 0 7 5 7 7 6 8 9 12 6 7 6
split_gain=34.5953 136.988 72.3457 19.0681 42.5722 22.7003 36.7137 12.0635 15.5962 112.375 38.4003 87.3767 26.4617 40.6484 35.3123 31.9867 30.0119 26.1689 26.0883 24.1794 17.7813 18.4332 17.5118 18.0004 48.4213 39.7285 40.2019 38.1476 19.8023 24.5895
threshold=302.25500000000005 284.29500000000007 1.0000000180025095e-35 287.49500000000006 260.70500000000004 273.93500000000006 267.78500000000003 101.61119791666668 1.0000000180025095e-35 87.166562500000012 87.394427083333355 22.500000000000004 10.290000000000001 99.320000000000007 107.2375 27.665000000000003 2.5000000000000004 45.095000000000006 55.500000000000007 40.265000000000008 24.625000000000004 44.285000000000004 36.425000000000004 20.655000000000005 238.26500000000001 112.46000000000002 94.02442708333335 23.085000000000004 53.515000000000008 28.255000000000006
decision_type=2 2 2 2 2 2 2 2 2 2 2 2 2 2 2 2 2 2 2 2 2 2 2 2 2 2 2 2 2 2
left_child=1 3 -2 5 -5 6 7 8 9 -1 11 -10 -11 18 -15 16 -16 -13 19 -14 -21 -22 -12 -24 25 28 -27 -26 29 -25
right_child=2 -3 -4 4 -6 -7 -8 -9 10 12 22 17 13 14 15 -17 -18 -19 -20 20 21 -23 23 24 27 26 -28 -29 -30 -31
leaf_value=0.12265722980722785 0.02194415296873321 0.10200232390921112 -0.10093074901401998 0.07759591080248357 -0.017598700928299325 -0.044366380907595163 0.055316367581615157 -0.033333314094564012 -0.11935915363871533 0.018873246375286215 -0.029503548321398822 -0.033077599909246115 0.017197857819011678 -0.064249609007189665 -0.078756763674318789 0.037954448938369752 0.00031591229761640234 0.042997013665735724 0.049578727387512726 -0.044634312606815781 0.016766084735799169 -0.025587833026538088 -0.0046192123681245952 0.0030339556267611279 0.1068222077190876 -0.091366025974804713 0.0022079395285497113 0.017673942993084592 0.019877519891679993 -0.046077611989208629
leaf_weight=20 23 33 25 24 23 30 29 29 23 166 55 26 115 45 20 25 30 20 30 35 54 49 1086 284 20 22 24 30 169 28
leaf_count=20 23 33 25 24 23 30 29 29 23 166 55 26 115 45 20 25 30 20 30 35 54 49 1086 284 20 22 24 30 169 28
internal_value=-2.44216e-11 0.000793456 -0.0420532 -0.000536648 0.0310113 -0.00113842 -0.000605614 -0.00127993 -0.000888709 0.00616732 -0.0032144 -0.0397875 0.00207278 -0.00484752 -0.0292336 -0.00822396 -0.0313132 -1.68096e-06 0.00549286 0.000265286 -0.0138452 -0.00338287 -0.00174551 -0.000827476 0.00630914 0.00184765 -0.0425448 0.0533332 0.00609308 -0.00137349
internal_weight=2592 2544 48 2511 47 2464 2434 2405 2376 589 1787 69 569 403 120 75 50 46 283 253 138 103 1718 1663 577 527 46 50 481 312
internal_count=2592 2544 48 2511 47 2464 2434 2405 2376 589 1787 69 569 403 120 75 50 46 283 253 138 103 1718 1663 577 527 46 50 481 312
is_linear=0
shrinkage=0.05


Tree=144
num_leaves=31
num_cat=0
split_feature=9 10 9 11 0 10 7 9 8 7 12 10 7 9 5 11 7 12 12 10 6 9 2 9 9 12 0 9 12 6
split_gain=33.0107 158.004 25.6197 20.9645 99.2097 71.8294 32.7883 21.1437 90.8289 42.2038 142.834 20.6075 22.496 42.4331 27.966 23.0734 36.2034 19.1627 38.9186 36.5741 18.0086 14.9845 14.6591 14.2977 22.0061 121.369 43.7028 42.2099 32.5166 35.5402
threshold=298.95000000000005 305.61500000000007 279.84500000000008 188.32250000000002 79.500000000000014 274.76000000000005 161.77500000000003 149.89500000000001 106.52000000000002 117.73500000000003 91.81359375000001 115.045 108.51000000000001 95.795000000000016 35.745000000000012 105.6725 105.39000000000001 98.873788377192994 100.99572916666669 118.18000000000002 23.085000000000004 100.69000000000001 1.0000000180025095e-35 111.45 62.520000000000003 96.538072916666678 55.500000000000007 60.475000000000001 69.912635850991123 14.675000000000002
decision_type=2 2 2 2 2 2 2 2 2 2 2 2 2 2 2 2 2 2 2 2 2 2 2 2 2 2 2 2 2 2
left_child=2 -2 3 6 5 -5 7 9 -9 11 -11 12 15 -14 20 16 23 19 -19 -6 -15 -17 -21 24 26 -26 27 28 29 -1
right_child=1 -3 -4 4 17 -7 -8 8 -10 10 -12 -13 13 14 -16 21 -18 18 -20 22 -22 -23 -24 -25 25 -27 -28 -29 -30 -31
leaf_value=-0.093269778415560722 0.14639796478052933 -0.027084011031048641 -0.043949331255520092 0.15218065689317883 -0.063589861762264499 0.018175588287413121 -0.051568580768776663 -0.11269293338060381 0.037996235415339474 0.14192536961795255 -0.018953716504463071 0.045189403451007346 -0.081713248339171207 -0.0088904179878287262 0.045008563441224399 0.0059613531637119086 -0.068892373219132427 0.078916203433817084 -0.017454950958490374 -0.018128173302572506 -0.057579551932091515 0.050855597705744653 0.0094744974037481323 0.030398680056844443 -0.0029758161382641701 -0.13477027624845506 0.055167380778917245 0.061808646871493414 -0.00098883229150052102 -0.010139748598966334
leaf_weight=20 21 35 34 20 23 20 33 20 20 22 37 23 24 91 20 41 20 22 20 65 24 34 185 35 138 20 35 26 1428 36
leaf_count=20 21 35 34 20 23 20 33 20 20 22 37 23 24 91 20 41 20 22 20 65 24 34 185 35 138 20 35 26 1428 36
internal_value=-7.3227e-11 0.0379717 -0.000838493 -0.000252654 0.011003 0.0851781 -0.00211374 -0.00134174 -0.0373483 -0.000647304 0.0410351 -0.00186778 -0.00241111 -0.0204521 -0.00956123 -0.000846182 -0.00200487 0.00158394 0.0330252 -0.00325317 -0.0190516 0.0263134 0.0022978 -0.00123516 -0.0018853 -0.0196587 -6.76996e-05 -0.00134798 -0.0024545 -0.039829
internal_weight=2592 56 2536 2502 355 40 2147 2114 40 2074 59 2015 1992 159 135 1833 1758 315 42 273 115 75 250 1738 1703 158 1545 1510 1484 56
internal_count=2592 56 2536 2502 355 40 2147 2114 40 2074 59 2015 1992 159 135 1833 1758 315 42 273 115 75 250 1738 1703 158 1545 1510 1484 56
is_linear=0
shrinkage=0.05


Tree=145
num_leaves=31
num_cat=0
split_feature=9 9 2 12 8 8 8 11 10 7 8 8 8 8 11 11 12 9 5 5 12 9 10 9 8 8 6 11 10 6
split_gain=33.9651 125.981 67.8651 17.7029 231.156 134.398 82.3387 13.7911 13.956 45.9766 14.6818 19.6154 16.4938 13.8907 24.6272 20.5105 17.8146 14.1412 13.3038 15.6673 20.5416 16.1351 16.6457 14.4517 80.417 97.197 24.5967 13.5633 12.7068 12.1259
threshold=302.25500000000005 284.29500000000007 1.0000000180025095e-35 87.166562500000012 108.51000000000001 44.590000000000011 42.195000000000007 306.17750000000007 267.37500000000006 269.03500000000003 278.71000000000009 271.51000000000005 304.22000000000008 253.70000000000002 244.84999999999999 229.4425 96.822135416666683 227.49000000000004 21.315000000000001 22.045000000000005 101.61119791666668 39.095000000000006 39.125000000000007 138.46500000000003 102.29500000000002 114.89500000000001 15.275 174.80375000000004 179.53000000000003 18.965000000000003
decision_type=2 2 2 2 2 2 2 2 2 2 2 2 2 2 2 2 2 2 2 2 2 2 2 2 2 2 2 2 2 2
left_child=1 3 -2 4 5 6 -1 8 10 -10 11 13 -12 14 15 18 -15 -17 -5 21 23 29 -23 27 -25 26 -26 -21 -27 -20
right_child=2 -3 -4 7 -6 -7 -8 -9 9 -11 12 -13 -14 16 -16 17 -18 -19 19 20 -22 22 -24 24 25 28 -28 -29 -30 -31
leaf_value=-0.039757128399999252 0.020315471016194509 0.097843842976021056 -0.098693574368953707 0.035847159858752524 0.15777045828492747 -0.12717998461289839 0.098959123878739785 0.040058573149144655 0.018009136208603459 -0.068104630816848047 0.053315287792625336 -0.044768651832754802 -0.0055084797469052401 -0.0016528220512928107 -0.048381927651020569 0.062494726814329632 0.049127348055762632 0.0097905111951487409 0.022371804789309543 -0.00032212954251910239 -0.048243816860991981 -0.0040340668987482791 -0.051324715504983479 -0.10893729113042355 0.017830937840044497 -0.078210282254786725 0.095308475976898566 0.029482812835620001 -0.023206282260694676 -0.02683646727264637
leaf_weight=23 23 33 25 23 23 22 20 20 31 31 26 26 22 39 28 20 31 35 31 1795 23 30 49 20 20 21 21 39 21 21
leaf_count=23 23 33 25 23 23 22 20 20 31 31 26 26 22 39 28 20 31 35 31 1795 23 30 49 20 20 21 21 39 21 21
internal_value=7.51175e-11 0.000786196 -0.0416684 -0.000489352 0.0215401 -0.0266645 0.0247621 -0.00128943 -0.00163357 -0.0250477 -0.00101346 -0.00158636 0.0263544 -0.0010911 -0.00178972 -0.00118825 0.0208355 0.0289557 -0.00197251 -0.00238851 -0.00126959 -0.0191296 -0.0333662 -0.000711817 -0.0189359 0.00275119 0.0575146 0.000311672 -0.0507083 0.00249923
internal_weight=2592 2544 48 2511 88 65 43 2423 2403 62 2341 2293 48 2267 2197 2169 70 55 2114 2091 1960 131 79 1937 103 83 41 1834 42 52
internal_count=2592 2544 48 2511 88 65 43 2423 2403 62 2341 2293 48 2267 2197 2169 70 55 2114 2091 1960 131 79 1937 103 83 41 1834 42 52
is_linear=0
shrinkage=0.05


Tree=146
num_leaves=31
num_cat=0
split_feature=6 9 6 8 6 10 12 2 6 7 7 12 5 12 5 6 7 5 6 5 7 6 3 6 10 8 8 12 7 9
split_gain=31.7056 73.3743 255.206 43.5826 19.0707 29.9931 17.5392 203.785 36.8103 68.0471 33.1395 15.7543 13.9924 17.1841 15.6395 17.8235 50.6944 35.5349 32.0855 31.0032 30.9202 17.6038 30.3732 22.981 15.6013 15.0839 23.8638 28.8184 26.4916 85.138
threshold=28.375000000000004 298.95000000000005 19.825000000000003 110.47500000000001 27.305000000000003 102.51000000000001 87.394427083333355 1.0000000180025095e-35 15.085000000000003 45.095000000000006 304.22000000000008 96.250156250000018 21.315000000000001 101.61119791666668 21.885000000000002 5.2950000000000008 250.14000000000001 28.365000000000006 6.5200000000000005 32.065000000000005 287.49500000000006 26.175000000000004 2.5000000000000004 25.23 60.360000000000007 271.51000000000005 245.01500000000001 93.576718750000012 139.85500000000005 269.54500000000002
decision_type=2 2 2 2 2 2 2 2 2 2 2 2 2 2 2 2 2 2 2 2 2 2 2 2 2 2 2 2 2 2
left_child=1 4 -3 11 6 -6 7 -1 -9 -10 12 -2 -8 14 -14 16 17 -16 -17 -19 21 23 -23 25 -25 26 28 -28 -20 -30
right_child=3 2 -4 -5 5 -7 10 8 9 -11 -12 -13 13 -15 15 18 -18 19 20 -21 -22 22 -24 24 -26 -27 27 -29 29 -31
leaf_value=0.14243167740106585 -0.034510432582880772 -0.033279070077884582 0.18939075077121909 -0.095375224314630039 -0.00063904238319615041 0.06801083234067147 0.040332045485265561 0.031025435952913197 0.0019708949307511961 -0.11878303973469884 -0.061625287195910587 0.020097817931324244 -0.021742549375892525 -0.042088484506194408 0.017177086006850004 0.02907243865245784 -0.083389900723958146 -0.063340753645581366 0.00068066646720378566 -0.0087704305746802349 0.060138951561280664 -0.021544107675552371 0.046421063669549768 -0.0084191994896779462 -0.053980235941708088 -0.024647937661835127 -0.010157043978364932 0.046985272259304406 -0.0042064675909037202 -0.11814156252890827
leaf_weight=25 28 31 22 20 41 26 20 21 28 20 23 25 89 26 100 99 23 34 1343 111 21 25 48 42 34 63 36 57 91 20
leaf_count=25 28 31 22 20 41 26 20 21 28 20 23 25 89 26 100 99 23 34 1343 111 21 25 48 42 34 63 36 57 91 20
internal_value=8.86054e-11 0.000941386 0.0591499 -0.0324843 -0.000309649 0.0260012 -0.00104447 0.0201261 -0.0241876 -0.0483432 -0.00190782 -0.00875182 -0.00130593 -0.00167409 -0.00120415 -0.00035277 -0.0124155 -0.00575263 0.00136773 -0.0215662 -0.000173149 -0.000893192 0.0231453 -0.001934 -0.0288018 -0.000665713 0.000310939 0.0248657 -0.00125962 -0.0247353
internal_weight=2592 2519 53 73 2466 67 2399 94 69 48 2305 53 2282 2262 2236 2147 268 245 1879 145 1780 1759 73 1686 76 1610 1547 93 1454 111
internal_count=2592 2519 53 73 2466 67 2399 94 69 48 2305 53 2282 2262 2236 2147 268 245 1879 145 1780 1759 73 1686 76 1610 1547 93 1454 111
is_linear=0
shrinkage=0.05


Tree=147
num_leaves=31
num_cat=0
split_feature=9 9 6 11 11 12 8 8 5 10 12 12 12 12 11 2 3 2 6 7 8 10 8 9 8 11 9 11 11 10
split_gain=35.1118 118.691 76.0132 16.117 22.276 27.2745 322.947 119.826 79.2849 12.0848 21.9354 12.7379 17.9301 17.5483 12.1748 9.51627 9.27896 24.5028 17.1706 12.6654 11.8949 32.3253 31.2265 19.2795 18.0333 16.3927 28.6462 16.2983 16.1477 31.5771
threshold=302.25500000000005 284.29500000000007 20.885000000000002 306.17750000000007 291.97750000000002 87.166562500000012 108.51000000000001 44.590000000000011 25.870000000000005 35.50500000000001 101.61119791666668 101.15838541666668 101.34375000000001 100.95875000000001 44.583750000000002 22.500000000000004 1.0000000180025095e-35 37.500000000000007 21.180000000000003 40.265000000000008 245.01500000000001 265.09500000000008 248.83000000000001 249.54500000000004 239.72500000000002 227.68625000000003 163.95000000000002 281.185 180.12750000000003 131.54500000000004
decision_type=2 2 2 2 2 2 2 2 2 2 2 2 2 2 2 2 2 2 2 2 2 2 2 2 2 2 2 2 2 2
left_child=1 3 -2 4 5 6 7 8 -1 -7 11 13 15 16 -14 -13 17 19 -19 -11 21 23 -22 24 25 26 28 -24 29 -18
right_child=2 -3 -4 -5 -6 9 -8 -9 -10 10 -12 12 14 -15 -16 -17 20 18 -20 -21 22 -23 27 -25 -26 -27 -28 -29 -30 -31
leaf_value=-0.041295491592229713 0.010811813920736314 0.095007103388056624 -0.11681479454040528 0.043180608146247412 -0.04597544471422832 0.03739636354148388 0.20321702867746355 -0.12145239290865986 0.094824106991291054 0.053723430000245577 -0.052507905298400492 0.062994877875528557 -0.032955187275296165 -0.042815240314946726 0.014482693727079192 0.017468268920977911 -0.0033502861500580433 0.0020563168509397656 -0.048738139641604256 0.011805095943970258 0.068715353719890113 -0.067109477967023851 -0.0049093312318853255 0.045628645773977045 -0.047723519822339654 0.040750500027622497 -0.05682356767356396 0.042751396766730718 -0.04199486670012658 0.042767402137580679
leaf_weight=23 28 33 20 21 27 20 20 22 20 20 21 22 21 26 38 24 1598 41 28 182 20 20 123 20 23 21 25 21 26 38
leaf_count=23 28 33 20 21 27 20 20 22 20 20 21 22 21 26 38 24 1598 41 28 182 20 20 123 20 23 21 25 21 26 38
internal_value=1.57496e-11 0.000799357 -0.0423659 -0.000438737 -0.000806611 -0.00031146 0.0275185 -0.0265426 0.0220159 -0.00130622 -0.00163449 -0.00117735 0.015842 -0.00197799 -0.00240198 0.0392419 -0.00149668 0.0071684 -0.0185559 0.0159554 -0.00271024 -0.00390319 0.0101722 -0.00318124 -0.00374519 -0.00315298 -0.0036995 0.00204119 -0.0029004 -0.00227909
internal_weight=2592 2544 48 2511 2490 2463 85 65 43 2378 2358 2337 105 2232 59 46 2206 271 69 202 1935 1771 164 1751 1731 1708 1687 144 1662 1636
internal_count=2592 2544 48 2511 2490 2463 85 65 43 2378 2358 2337 105 2232 59 46 2206 271 69 202 1935 1771 164 1751 1731 1708 1687 144 1662 1636
is_linear=0
shrinkage=0.05


Tree=148
num_leaves=31
num_cat=0
split_feature=9 9 6 11 11 7 10 6 12 12 0 10 12 10 7 11 3 10 8 12 3 3 12 7 12 5 12 10 11 12
split_gain=31.6884 107.119 68.6019 14.5456 20.1041 25.4758 107.131 10.9468 81.2082 31.2539 58.3084 21.7892 26.7321 28.1889 21.6478 24.342 21.6281 22.6322 35.9715 21.8755 21.3226 38.6617 27.2983 29.4929 26.9355 25.1835 24.5089 28.56 28.887 23.7714
threshold=302.25500000000005 284.29500000000007 20.885000000000002 306.17750000000007 291.97750000000002 271.51000000000005 252.23000000000002 14.56 88.053072916666679 87.166562500000012 50.500000000000007 38.720000000000006 101.08447916666668 39.985000000000007 40.085000000000008 38.378749999999975 4.5000000000000009 106.14 107.575 99.208333333333357 4.5000000000000009 5.5000000000000009 92.634218750000016 42.595000000000006 92.04453125000002 22.285000000000004 92.234166666666695 239.94000000000003 105.6725 89.486041666666679
decision_type=2 2 2 2 2 2 2 2 2 2 2 2 2 2 2 2 2 2 2 2 2 2 2 2 2 2 2 2 2 2
left_child=1 3 -2 4 5 7 -7 8 -1 10 -9 14 13 -13 15 -11 17 -10 -19 -18 22 24 23 -15 -22 -24 27 28 -25 -23
right_child=2 -3 -4 -5 -6 6 -8 9 16 11 -12 12 -14 20 -16 -17 19 18 -20 -21 21 29 25 26 -26 -27 -28 -29 -30 -31
leaf_value=0.084082819670438777 0.010271223621176821 0.090256746835780874 -0.11097405269742011 0.041021578758955006 -0.043676673065595056 0.12076513237608154 -0.028630458776439938 -0.0012406328090411776 0.00073487960032347541 -0.012574421882163733 -0.10883218287490309 -0.028365525519826785 -0.058189170224511103 0.0058965562912635513 -6.4095188984005096e-05 0.05199871637375543 -0.0055257969330232415 0.073306888155639169 0.011047466842513853 -0.050196567960083482 0.051198645266912771 0.037578660107794259 -0.045461973381627885 -0.031322293097830634 0.0088043437331147938 0.0031954255063326182 -0.081488519977955587 -0.079386545633897188 0.019491599720516586 -0.02109490052374445
leaf_weight=30 28 33 20 21 27 21 28 34 442 20 20 106 23 80 116 54 317 29 116 30 67 21 28 88 85 529 21 20 41 97
leaf_count=30 28 33 20 21 27 21 28 34 442 20 20 106 23 80 116 54 317 29 116 30 67 21 28 88 85 529 21 20 41 97
internal_value=2.45631e-11 0.000759389 -0.0402476 -0.0004168 -0.000766281 -0.000295887 0.0353962 -0.00102037 0.00310906 -0.00376574 -0.0410894 -0.00232199 -0.00480141 -0.00376344 0.0134158 0.0345465 0.000508188 0.00635813 0.0234994 -0.00938782 -0.00134206 0.0108208 -0.00541143 -0.0191379 0.0274913 0.000749452 -0.0309188 -0.0237915 -0.0151721 -0.010653
internal_weight=2592 2544 48 2511 2490 2463 49 2414 964 1450 54 1396 1206 1183 190 74 934 587 145 347 1077 270 807 250 152 557 170 149 129 118
internal_count=2592 2544 48 2511 2490 2463 49 2414 964 1450 54 1396 1206 1183 190 74 934 587 145 347 1077 270 807 250 152 557 170 149 129 118
is_linear=0
shrinkage=0.05


Tree=149
num_leaves=31
num_cat=0
split_feature=9 5 9 11 0 9 7 6 5 6 7 2 9 10 6 10 6 12 6 9 10 7 9 5 11 7 11 9 9 0
split_gain=31.0617 148.282 32.2097 17.7826 90.2993 61.9008 32.1067 64.5869 105.897 92.7003 32.3893 17.1402 46.3003 22.6463 22.6846 14.0023 13.1067 20.9922 14.2542 11.6495 10.888 9.89281 43.8889 18.6742 16.287 22.9969 21.6068 29.251 62.8901 40.5538
threshold=298.95000000000005 29.925000000000004 279.84500000000008 188.32250000000002 79.500000000000014 265.20000000000005 122.21500000000002 13.525 30.295000000000005 7.6950000000000012 115.045 37.500000000000007 130.78000000000003 141.28500000000003 19.390000000000004 166.43500000000003 5.1850000000000014 98.277864583333354 22.715000000000003 116.47000000000001 35.50500000000001 108.51000000000001 95.795000000000016 35.475000000000001 105.6725 103.85000000000001 99.021249999999995 62.520000000000003 100.19000000000001 55.500000000000007
decision_type=2 2 2 2 2 2 2 2 2 2 2 2 2 2 2 2 2 2 2 2 2 2 2 2 2 2 2 2 2 2
left_child=2 -2 3 6 5 -5 10 9 -9 -8 19 12 -6 -13 -15 -14 -17 18 -18 20 -1 24 -23 -24 25 26 27 29 -29 -22
right_child=1 -3 -4 4 11 -7 7 8 -10 -11 -12 13 15 14 -16 16 17 -19 -20 -21 21 22 23 -25 -26 -27 -28 28 -30 -31
leaf_value=0.035018781051039692 0.097477223537862312 -0.072324561402201656 -0.049151871309560891 0.14317528354004025 -0.07800297088921071 0.018775972872972488 -0.049209300700264677 -0.01396970103184382 -0.15323614898536886 0.09654327086172998 0.053909184956164272 0.067866333555430175 0.033816676085879065 0.033540352955460553 -0.033304120591756976 -0.037223046174272897 0.0021853205278120208 0.042892901885967991 -0.036585878903667129 0.029705297946929932 -0.0015239865762094074 -0.081450039272507047 -0.012435556006787991 0.037350987756381869 0.02145523053485078 -0.040513302547563065 0.026644939062908404 -0.1070266454294324 -0.0099003828833810984 0.061463716884072012
leaf_weight=20 36 20 34 20 20 20 24 39 21 20 27 20 29 30 22 25 113 26 30 30 1490 21 104 23 77 38 67 20 100 26
leaf_count=20 36 20 34 20 20 20 24 39 21 20 27 20 29 30 22 25 113 26 30 30 1490 21 104 23 77 38 67 20 100 26
internal_value=9.04824e-11 0.0368337 -0.000813363 -0.000156485 0.0102099 0.0809756 -0.00187053 -0.0289705 -0.062713 0.0170419 -0.000490989 0.00122373 -0.00512499 0.0226506 0.00526 0.00141116 -0.00343297 0.00156556 -0.0059485 -0.00121956 -0.00168671 -0.00206011 -0.0144911 -0.0034191 -0.00104813 -0.00204339 -0.00118499 -0.00232473 -0.0260881 -0.000443723
internal_weight=2592 56 2536 2502 355 40 2147 104 60 44 2043 315 243 72 52 223 194 169 143 2016 1986 1966 148 127 1818 1741 1703 1636 120 1516
internal_count=2592 56 2536 2502 355 40 2147 104 60 44 2043 315 243 72 52 223 194 169 143 2016 1986 1966 148 127 1818 1741 1703 1636 120 1516
is_linear=0
shrinkage=0.05


end of trees

feature_importances:
lag_1=711
lag_96=686
rolling_mean_96=620
slot=513
rolling_mean_4=413
lag_4=389
lag_192=354
cloud_cover=253
temp_c=246
day_of_week=160
minute=155

parameters:
[boosting: gbdt]
[objective: regression]
[metric: rmse]
[tree_learner: serial]
[device_type: cpu]
[data_sample_strategy: bagging]
[data: ]
[valid: ]
[num_iterations: 150]
[learning_rate: 0.05]
[num_leaves: 31]
[num_threads: 10]
[seed: 42]
[deterministic: 0]
[force_col_wise: 0]
[force_row_wise: 0]
[histogram_pool_size: -1]
[max_depth: -1]
[min_data_in_leaf: 20]
[min_sum_hessian_in_leaf: 0.001]
[bagging_fraction: 1]
[pos_bagging_fraction: 1]
[neg_bagging_fraction: 1]
[bagging_freq: 0]
[bagging_seed: 400]
[bagging_by_query: 0]
[feature_fraction: 1]
[feature_fraction_bynode: 1]
[feature_fraction_seed: 30056]
[extra_trees: 0]
[extra_seed: 12879]
[early_stopping_round: 0]
[early_stopping_min_delta: 0]
[first_metric_only: 0]
[max_delta_step: 0]
[lambda_l1: 0]
[lambda_l2: 0]
[linear_lambda: 0]
[min_gain_to_split: 0]
[drop_rate: 0.1]
[max_drop: 50]
[skip_drop: 0.5]
[xgboost_dart_mode: 0]
[uniform_drop: 0]
[drop_seed: 17869]
[top_rate: 0.2]
[other_rate: 0.1]
[min_data_per_group: 100]
[max_cat_threshold: 32]
[cat_l2: 10]
[cat_smooth: 10]
[max_cat_to_onehot: 4]
[top_k: 20]
[monotone_constraints: ]
[monotone_constraints_method: basic]
[monotone_penalty: 0]
[feature_contri: ]
[forcedsplits_filename: ]
[refit_decay_rate: 0.9]
[cegb_tradeoff: 1]
[cegb_penalty_split: 0]
[cegb_penalty_feature_lazy: ]
[cegb_penalty_feature_coupled: ]
[path_smooth: 0]
[interaction_constraints: ]
[verbosity: -1]
[saved_feature_importance_type: 0]
[use_quantized_grad: 0]
[num_grad_quant_bins: 4]
[quant_train_renew_leaf: 0]
[stochastic_rounding: 1]
[linear_tree: 0]
[max_bin: 255]
[max_bin_by_feature: ]
[min_data_in_bin: 3]
[bin_construct_sample_cnt: 200000]
[data_random_seed: 175]
[is_enable_sparse: 1]
[enable_bundle: 1]
[use_missing: 1]
[zero_as_missing: 0]
[feature_pre_filter: 1]
[pre_partition: 0]
[two_round: 0]
[header: 0]
[label_column: ]
[weight_column: ]
[group_column: ]
[ignore_column: ]
[categorical_feature: ]
[forcedbins_filename: ]
[precise_float_parser: 0]
[parser_config_file: ]
[objective_seed: 16083]
[num_class: 1]
[is_unbalance: 0]
[scale_pos_weight: 1]
[sigmoid: 1]
[boost_from_average: 1]
[reg_sqrt: 0]
[alpha: 0.9]
[fair_c: 1]
[poisson_max_delta_step: 0.7]
[tweedie_variance_power: 1.5]
[lambdarank_truncation_level: 30]
[lambdarank_norm: 1]
[label_gain: ]
[lambdarank_position_bias_regularization: 0]
[eval_at: ]
[multi_error_top_k: 1]
[auc_mu_weights: ]
[num_machines: 1]
[local_listen_port: 12400]
[time_out: 120]
[machine_list_filename: ]
[machines: ]
[gpu_platform_id: -1]
[gpu_device_id: -1]
[gpu_device_id_list: ]
[gpu_use_dp: 0]
[num_gpu: 1]

end of parameters

pandas_categorical:[]
